{"type":"FeatureCollection","features":[{"type":"Feature","properties":{"objectid":1084,"cir_sena":1,"codregion":15,"area_km":16866.81984442,"st_area_sh":18868687743.9,"st_length_":750529.550114,"Region":"Región de Arica y Parinacota"},"geometry":{"type":"MultiPolygon","coordinates":[[[[-69.46787222249198,-17.60485277842824],[-69.3366045729917,-17.73223305207203],[-69.28218812662789,-17.968206558969197],[-69.25585035343913,-17.95409091517377],[-69.25616979974404,-17.975021531934438],[-69.23061281704743,-17.989191975746284],[-69.12094172339617,-18.004443197944617],[-69.057030824691,-18.06120497050342],[-69.14612221676731,-18.16382619155133],[-69.0639332098396,-18.230960933975027],[-69.07427998012926,-18.287461716880824],[-69.03809226249516,-18.32263204882563],[-69.05688048623833,-18.375156270700142],[-69.04830015054694,-18.426581182529283],[-69.0027858191042,-18.482360507478703],[-69.0074250004041,-18.601508332279966],[-69.02813005019883,-18.601125451910143],[-69.03685737003363,-18.62221443788312],[-68.98427828564967,-18.678266997351646],[-68.97772164139268,-18.738971886944334],[-68.91165496207542,-18.89083377408158],[-68.95815387132404,-18.945805956638424],[-69.02024489375638,-18.95370107064251],[-69.01426192352129,-19.003233409854943],[-69.04699997032719,-19.03383989354442],[-69.07223000039637,-19.02722999998187],[-69.07474314520154,-19.047772468382814],[-69.15993205805428,-19.104799187192384],[-69.2334123932742,-19.09392335486585],[-69.31789000032205,-19.136509999570652],[-69.31493688943681,-19.10309795714923],[-69.39576665910141,-19.061774955035744],[-69.42554803320198,-19.02471202974577],[-69.47315248020617,-19.036357014651895],[-69.64469436711131,-19.021123108985783],[-69.82639825702186,-19.047306799090435],[-69.88646335211304,-19.03467532340574],[-70.09901532330326,-19.11940421535192],[-70.1308863503329,-19.154715167301738],[-70.28530398086198,-19.229341608317082],[-70.26924690328049,-19.14569179459239],[-70.31106054496021,-19.04062909137401],[-70.30858928590182,-18.96447462000258],[-70.3605100399298,-18.7933440275147],[-70.33785619573749,-18.757159228000745],[-70.34985318647544,-18.649233271324025],[-70.31667905700643,-18.51511557976754],[-70.33353423642363,-18.479987174670473],[-70.3026478618503,-18.448713748113253],[-70.37912491397597,-18.350116672160585],[-70.3181511442288,-18.311171949565416],[-70.1494971109934,-18.319386249863268],[-70.05044013883675,-18.26926558264308],[-69.96590302828281,-18.262184055069138],[-69.81620397126011,-18.116435444121514],[-69.75469138841227,-17.9892961101038],[-69.75024472236599,-17.947341111349576],[-69.79916555609594,-17.865518556461705],[-69.8007962498649,-17.762207777869648],[-69.82224433396038,-17.743994000077016],[-69.82605727720127,-17.70602177843469],[-69.79625600002727,-17.64591400034115],[-69.66644444414406,-17.660316667480707],[-69.46847500013246,-17.49839999930382],[-69.46787222249198,-17.60485277842824]]]]}},{"type":"Feature","properties":{"objectid":1085,"cir_sena":2,"codregion":1,"area_km":42284.56748354,"st_area_sh":48306372202.6,"st_length_":1213713.11532,"Region":"Región de Tarapacá"},"geometry":{"type":"MultiPolygon","coordinates":[[[[-70.13758344887951,-20.192656202932085],[-70.15192968769735,-20.158652191384977],[-70.12163002969527,-20.08989553490682],[-70.1365292525374,-20.06199256352135],[-70.12327351277892,-19.997675236746392],[-70.14736385473873,-19.902839562190678],[-70.1320579834321,-19.87996048870727],[-70.16528203856967,-19.82875816042229],[-70.14652339545049,-19.785650742412304],[-70.15154082946873,-19.724127234911343],[-70.17391876420638,-19.698172223176922],[-70.1713540318494,-19.65461958383672],[-70.24011826572661,-19.601976706585074],[-70.20584777569098,-19.590117604419127],[-70.20228865143362,-19.498018817198556],[-70.22523823179726,-19.407886197557698],[-70.26148547539536,-19.352428161631003],[-70.25559114821758,-19.331330038487263],[-70.28455662117315,-19.30855280379559],[-70.2854441360126,-19.229710480003213],[-69.95381009387926,-19.051737621222202],[-69.64469436711131,-19.021123108985783],[-69.47315248020617,-19.036357014651895],[-69.42554803320198,-19.02471202974577],[-69.39576665910141,-19.061774955035744],[-69.31493688943681,-19.10309795714923],[-69.31789000032205,-19.136509999570652],[-69.2334123932742,-19.09392335486585],[-69.20355226926256,-19.109892015353818],[-69.19119383059027,-19.095201205876094],[-69.15341006181781,-19.102726110335475],[-69.07474314520154,-19.047772468382814],[-69.07223000039637,-19.02722999998187],[-69.04699997032719,-19.03383989354442],[-69.01426192352129,-19.003233409854943],[-69.02024489375638,-18.95370107064251],[-68.95020116247055,-18.93666603287476],[-68.87089722174021,-19.060374999424447],[-68.80595555655218,-19.083552778138312],[-68.61977500045809,-19.27648611068943],[-68.54274999936533,-19.296700000459506],[-68.40487066672893,-19.416181306532796],[-68.57247499969023,-19.605494444486137],[-68.6242185520453,-19.702073756406527],[-68.6962909927547,-19.738046338142617],[-68.69645036376758,-19.75293918710856],[-68.66598906381161,-19.752169130126624],[-68.6251165547157,-19.785292916490494],[-68.59934716896342,-19.827999993250113],[-68.52819530738412,-19.845521301885213],[-68.54230000000184,-19.89001944417449],[-68.52161819681001,-19.924269274542],[-68.5513055559279,-20.021730556706988],[-68.56624999996141,-20.05007777796369],[-68.76212841751989,-20.078153919257907],[-68.77389363752462,-20.129667303735758],[-68.70455521938244,-20.13323968157736],[-68.69181433555435,-20.177037858444027],[-68.71030274657144,-20.185860899147933],[-68.69889561031032,-20.212715496718154],[-68.71267268914052,-20.248907098230703],[-68.69716167855563,-20.289922638073165],[-68.66051014546898,-20.319044091188154],[-68.67433127588409,-20.3567640482777],[-68.74151346605319,-20.36902342433329],[-68.73875000030424,-20.4568055558925],[-68.57450822943633,-20.574234776204637],[-68.5349873075506,-20.569482173208467],[-68.51569457646913,-20.604375317694554],[-68.48469024582224,-20.605423990786473],[-68.43866503888417,-20.64088395260716],[-68.50143192948175,-20.669208174721156],[-68.55316870853956,-20.72908048909517],[-68.54073862113852,-20.807071813399062],[-68.55324485153967,-20.876238255173003],[-68.51365917369837,-20.935700644833016],[-68.48073002648545,-20.94518988223519],[-68.53575997637424,-21.064680021735054],[-68.85967972971702,-21.284983133722353],[-69.31306999983357,-21.39817000025798],[-69.5508573703234,-21.630211554276908],[-69.62568390196347,-21.546013913934274],[-69.66679453018669,-21.462968573903435],[-69.734226142086,-21.447679300878704],[-69.76563175825515,-21.41958293504954],[-69.7811335727865,-21.441704964218523],[-69.93914456685998,-21.423141528227966],[-70.05839170233828,-21.43022790353971],[-70.08725786384423,-21.37834898226565],[-70.09829537390868,-21.33900736884018],[-70.06552391246916,-21.302729434637303],[-70.08196475393329,-21.231462368439484],[-70.13377416537507,-21.12965973168664],[-70.12473128444896,-21.087394657507257],[-70.17746471377178,-21.024502365917755],[-70.12708419046868,-20.935259005092576],[-70.14472920470656,-20.872352475791203],[-70.20701586852967,-20.811096390948066],[-70.18519965393243,-20.797818886904324],[-70.20109842141142,-20.752617680934048],[-70.18414082947,-20.740940839807767],[-70.19839689629792,-20.715812211944655],[-70.18205985157161,-20.658429418289902],[-70.19952681792353,-20.533545912852258],[-70.16634808369038,-20.50080909618059],[-70.158355021616,-20.461723873815398],[-70.1587736967255,-20.408654985345397],[-70.18278439764546,-20.363003324598036],[-70.12932447020967,-20.295676358060824],[-70.16341326789423,-20.207619069167478],[-70.13758344887951,-20.192656202932085]]]]}},{"type":"Feature","properties":{"objectid":1086,"cir_sena":3,"codregion":2,"area_km":126071.43198068,"st_area_sh":150845155633,"st_length_":2516112.01662,"Region":"Región de Antofagasta"},"geometry":{"type":"MultiPolygon","coordinates":[[[[-68.41249021559638,-20.934544567217234],[-68.17911341504809,-21.30193435077771],[-68.180650044427,-21.60400862873345],[-68.06056695111836,-21.77003232109494],[-68.07129693192843,-21.98166117012836],[-68.00738169615708,-22.039565361475727],[-67.96460585640011,-22.0539060578582],[-67.93923340742577,-22.107434378022532],[-67.95763884645,-22.166042788567896],[-67.9154305030007,-22.27239816818655],[-67.93727395451737,-22.273230978628852],[-67.9420042160039,-22.3822400093964],[-67.90005147738894,-22.40709609176699],[-67.88389705836325,-22.441799650912127],[-67.89290410728931,-22.499106718262745],[-67.86816090122208,-22.53260157404959],[-67.84096340078055,-22.533074997626695],[-67.85288581697688,-22.557543597569893],[-67.83199811812531,-22.58129202643076],[-67.86298123415845,-22.599621645358848],[-67.8571590012738,-22.62229482048788],[-67.8833753078631,-22.628043529337937],[-67.86804857857388,-22.68057015975326],[-67.88968651621478,-22.71819218761664],[-67.86757645101001,-22.743851434846107],[-67.88245474310601,-22.83349054015048],[-67.82609133939937,-22.845284322612063],[-67.79906314264281,-22.881177917636432],[-67.56850769887365,-22.89804157172191],[-67.18030266854116,-22.814171513998506],[-66.99017820921081,-22.999960027587317],[-67.32261666752828,-24.03416111102768],[-68.25847002041026,-24.401731392121576],[-68.31059160270149,-24.490611254353766],[-68.39018933564887,-24.488668745647892],[-68.43325347622154,-24.605741847795954],[-68.46775003448491,-24.622827193909124],[-68.49511946438697,-24.599971655894244],[-68.49180043644886,-24.664330942444085],[-68.54285094485041,-24.72510704172494],[-68.56825000012682,-24.79504000067343],[-68.53929000060629,-24.81651000046093],[-68.51930999994198,-24.873680000004715],[-68.43176631347205,-24.905494448050113],[-68.42676944638222,-24.96135229630324],[-68.40809067696654,-24.971881410617076],[-68.41271990852631,-25.01953709082559],[-68.37435152604844,-25.035825503037866],[-68.34326697405002,-25.1106444763956],[-68.40854836051895,-25.144514729854123],[-68.43673999953594,-25.122469999956767],[-68.46495615806865,-25.130789831533225],[-68.50731370450008,-25.16808450861645],[-68.50897982423056,-25.232551364772732],[-68.54988999968634,-25.26096000035915],[-68.5300917632383,-25.291308090358925],[-68.65740925902455,-25.303520120629106],[-68.67199672603888,-25.36062203880906],[-68.72491344312071,-25.390337622786877],[-68.74807798404363,-25.38082238822277],[-68.78275928174352,-25.402962182261085],[-68.82175262845277,-25.370169497443083],[-68.96013005176138,-25.39053740549125],[-68.98742269996117,-25.376849476574872],[-68.99078557197336,-25.40568370718531],[-69.0358610413655,-25.442261695115743],[-69.00280992359824,-25.46179251340088],[-68.99583453326481,-25.505499047491085],[-69.02266906133096,-25.50881140356557],[-69.08481999510452,-25.584110002703333],[-69.05067003652216,-25.634818583640183],[-69.09471528740373,-25.719960703645537],[-69.05822045733356,-25.727646127210086],[-69.09823999989753,-25.80176000037525],[-69.17135764301642,-25.816449104293692],[-69.26662943616265,-25.86662749338998],[-69.3802749497187,-25.880226461229014],[-69.43906910565096,-25.859638944406388],[-69.45176032971183,-25.893936394424635],[-69.50265291877803,-25.91479145547433],[-69.51210797729922,-25.95120559800843],[-69.67295829355923,-25.943312988666882],[-69.75655000004016,-25.917360000255588],[-69.8543020857033,-25.945271739482976],[-69.90843493303362,-25.89447789391082],[-70.02297004372396,-25.91988085315052],[-70.07594054204351,-25.965017522662357],[-70.19964789465415,-25.941776967447613],[-70.2404700181441,-25.916069769165258],[-70.26478054526486,-25.930775116737692],[-70.30103142075164,-25.89617463164944],[-70.32432581764047,-25.93110054232365],[-70.39319044004732,-25.928793474882898],[-70.48320561284942,-25.967898686673355],[-70.52605616818352,-26.00961222979393],[-70.6051592150736,-26.004130050497633],[-70.61464132007137,-26.05816626747106],[-70.6585390442271,-26.061553866679173],[-70.63529712422223,-26.051109933070546],[-70.62787314128707,-25.99472044926249],[-70.6934077340885,-25.904070395438662],[-70.71168001763476,-25.838752961182205],[-70.73719149706896,-25.824679250394905],[-70.73065641327713,-25.779118721779625],[-70.6852447368135,-25.744712025025773],[-70.68358671719191,-25.662389504645656],[-70.63639065329907,-25.64478472457914],[-70.6469146450246,-25.53005176237986],[-70.62964515083,-25.507030571513873],[-70.57580112533827,-25.506743262611355],[-70.52848508874426,-25.478532744202],[-70.51714354117695,-25.395918847331917],[-70.49231221577021,-25.409316472795403],[-70.45078027408549,-25.377566819022753],[-70.45633037852451,-25.296747153604006],[-70.43442357242414,-25.256591200820825],[-70.43807782467684,-25.18994517123844],[-70.50794535950453,-25.096671265293867],[-70.46659653669552,-24.994828718468316],[-70.5289787255693,-24.915621730046997],[-70.5215136330318,-24.866533085002395],[-70.54452256149301,-24.842693944067676],[-70.54792705514724,-24.77168877654738],[-70.5777036618886,-24.732263471563193],[-70.55023615482214,-24.595364475259945],[-70.5803321243251,-24.551007710225644],[-70.54225463520083,-24.42539275529161],[-70.55704674113184,-24.37241887667292],[-70.54082071110666,-24.360973277606952],[-70.53505295206082,-24.248002027236613],[-70.51066402088037,-24.199224217485085],[-70.52045941602843,-24.184238352282783],[-70.50293878072817,-24.17820017550409],[-70.52150505142588,-24.12301695255785],[-70.50422355394245,-24.118887588386624],[-70.49817913894195,-24.080408838729323],[-70.51984838107386,-24.020832376697136],[-70.51667929093982,-23.926095421592954],[-70.49503104243611,-23.90534443471412],[-70.52637765366413,-23.862071840396798],[-70.50391995571577,-23.849536189352886],[-70.5063911222477,-23.79809442886997],[-70.44643871272407,-23.74843035461237],[-70.39214034990435,-23.613144656247012],[-70.40205575817774,-23.535398880436183],[-70.47475226659988,-23.469327806825664],[-70.51336868470749,-23.467586371990244],[-70.54676095117861,-23.537683327931656],[-70.59900022445017,-23.506298769285834],[-70.62876655626133,-23.516017860934973],[-70.58951138478271,-23.42767817107343],[-70.6064165474509,-23.35936975107916],[-70.58231906118965,-23.32583375999742],[-70.60447537885176,-23.25158927711491],[-70.56072394174679,-23.189717300381375],[-70.5794165182684,-23.08302044934473],[-70.51640140339488,-23.024957497617155],[-70.48517198188723,-23.09774158083613],[-70.40452297302073,-23.082748793489785],[-70.34870473530046,-23.029106224586457],[-70.29003864499174,-22.914221322291013],[-70.31285162124506,-22.76467733910526],[-70.28045613978622,-22.71786792835788],[-70.29037051948862,-22.656341560258895],[-70.26246652641548,-22.636097080342065],[-70.28438129158926,-22.571504197391707],[-70.2380285588986,-22.496938246100925],[-70.26854667010979,-22.460598320966017],[-70.2450072738969,-22.381342352232224],[-70.25781774571846,-22.35616521441066],[-70.23716057612836,-22.30957788824832],[-70.23201299149682,-22.170355626466854],[-70.21662747106552,-22.09401762441939],[-70.18885888285182,-22.05885362879682],[-70.1978998108405,-22.0135759453577],[-70.16921294228545,-21.931935177415475],[-70.1902227949477,-21.901621870736868],[-70.14947548315462,-21.872895956156206],[-70.15004885803754,-21.6555294834566],[-70.09427229316327,-21.592977867340082],[-70.05839167718544,-21.430227924444903],[-69.93914448780824,-21.423141529064225],[-69.7811335727865,-21.441704964218523],[-69.76563175825515,-21.41958293504954],[-69.734226142086,-21.447679300878704],[-69.6665252026881,-21.46322284276166],[-69.62568390196347,-21.546013913934274],[-69.5508573703234,-21.630211554276908],[-69.31306999983357,-21.39817000025798],[-68.85967972971702,-21.284983133722353],[-68.53575997637424,-21.064680021735054],[-68.48082316022084,-20.941278667470034],[-68.41249021559638,-20.934544567217234]]]]}},{"type":"Feature","properties":{"objectid":1087,"cir_sena":15,"codregion":12,"area_km":133053.14234459,"st_area_sh":358131609833,"st_length_":90498303.5626,"Region":"Región de Magallanes y Antártica Chilena"},"geometry":{"type":"MultiPolygon","coordinates":[[[[-67.32026423671734,-55.92014602188123],[-67.27140892071432,-55.9252542261812],[-67.2125726086424,-55.96542131742552],[-67.29018607092499,-55.97970451606577],[-67.31586864618316,-55.966981317064715],[-67.29478637313936,-55.94478501870442],[-67.3488335571242,-55.936317666035116],[-67.32026423671734,-55.92014602188123]]],[[[-67.10142011223925,-55.81387135986494],[-67.07329288961465,-55.83454904074623],[-67.1195961996933,-55.84033357831033],[-67.08329900347721,-55.85900812564761],[-67.11201743074649,-55.86961943437134],[-67.06461957200317,-55.90704243208102],[-67.116172000595,-55.90376539835809],[-67.17671838965921,-55.866497873959716],[-67.16594398446338,-55.84009092397241],[-67.10142011223925,-55.81387135986494]],[[-67.11907777565465,-55.832109003365616],[-67.11741073515098,-55.831497325617654],[-67.1189426205269,-55.83157318207964],[-67.11907777565465,-55.832109003365616]],[[-67.12818718311576,-55.847480175975086],[-67.12741980447082,-55.84822326082463],[-67.1250019179167,-55.847126510292455],[-67.12818718311576,-55.847480175975086]],[[-67.11072303298224,-55.85962302677607],[-67.11572625834765,-55.86027428628867],[-67.11278991361887,-55.86094981415091],[-67.11072303298224,-55.85962302677607]],[[-67.10504874633668,-55.88202495914429],[-67.10819913174988,-55.88313187041714],[-67.10301688292813,-55.883904493845264],[-67.10504874633668,-55.88202495914429]]],[[[-67.48219129972803,-55.81063420488494],[-67.4659148032485,-55.81724074034949],[-67.46937480470247,-55.841733256650755],[-67.50355762725118,-55.827614717493944],[-67.48219129972803,-55.81063420488494]]],[[[-67.29946548455362,-55.80436943331396],[-67.29903661626057,-55.823162957558644],[-67.2072830336021,-55.85208356535974],[-67.21612611214104,-55.87516629124095],[-67.19558146013352,-55.881085961599915],[-67.25582045019911,-55.8918069981475],[-67.29151040594441,-55.86567358463705],[-67.34814938044087,-55.86541210484491],[-67.35662712134028,-55.821623899476926],[-67.38849167960157,-55.83627653455549],[-67.42273340378516,-55.82416319347325],[-67.29946548455362,-55.80436943331396]]],[[[-67.59549458660186,-55.795378731480746],[-67.50584565873771,-55.825118902314195],[-67.54751331789558,-55.83448505547916],[-67.52862070093322,-55.85114800789756],[-67.57220638269861,-55.858642305532065],[-67.54072496488915,-55.867101899452145],[-67.55672297195251,-55.89461913717463],[-67.61687867920807,-55.876082585305326],[-67.61847608320923,-55.91395299275203],[-67.65268562704438,-55.90375242810589],[-67.61984951295554,-55.85828091314068],[-67.63848421641329,-55.84411732201658],[-67.66186554147552,-55.84285068781882],[-67.65983256685098,-55.862974248810524],[-67.6954006194156,-55.85425191512452],[-67.69944747048174,-55.886303261155575],[-67.72945518320299,-55.87969494133554],[-67.74866415446905,-55.845543817445524],[-67.80108817616023,-55.866759104996945],[-67.80149342774449,-55.894679911606616],[-67.82847757830602,-55.88920503909551],[-67.82676365472767,-55.86824202875813],[-67.84206978564741,-55.883157166175614],[-67.90741590022414,-55.87239101896845],[-67.89667947220525,-55.86249435016027],[-67.91321566085364,-55.837918367041375],[-67.89198185459783,-55.822477641896484],[-67.73043894713524,-55.83335116332785],[-67.66830456302417,-55.81419200236093],[-67.57028896735221,-55.83637102539791],[-67.60577631167843,-55.80451433518297],[-67.59549458660186,-55.795378731480746]],[[-67.53443519573004,-55.81798366685886],[-67.54008047128349,-55.82056559153122],[-67.53293374078437,-55.82042018822448],[-67.53443519573004,-55.81798366685886]],[[-67.62470063647535,-55.899952587942416],[-67.62075567682031,-55.90067743135796],[-67.62043346190768,-55.89937483354776],[-67.62470063647535,-55.899952587942416]],[[-67.63508622207011,-55.90488159276949],[-67.63362428311551,-55.90431239450205],[-67.63525411989167,-55.90425008313945],[-67.63508622207011,-55.90488159276949]],[[-67.56675079090896,-55.88150958556754],[-67.5672789877196,-55.87957149865905],[-67.56914955233067,-55.87915966548957],[-67.56675079090896,-55.88150958556754]],[[-67.57040360226394,-55.884796034191226],[-67.56868911184864,-55.88561148980362],[-67.56889697481887,-55.88452949015274],[-67.57040360226394,-55.884796034191226]]],[[[-67.17038316844166,-55.756705320538316],[-67.14977107361757,-55.764495477126836],[-67.16046405910932,-55.785722676399416],[-67.20730590201427,-55.782683302754236],[-67.21225463108297,-55.80611473673603],[-67.2633137130056,-55.797739785398576],[-67.20915535262291,-55.757442929711814],[-67.17038316844166,-55.756705320538316]],[[-67.18135556681769,-55.76773565230679],[-67.18496396187176,-55.76659737123443],[-67.18562580913205,-55.76763688172344],[-67.18135556681769,-55.76773565230679]],[[-67.22404573065273,-55.784334223732756],[-67.22455486880634,-55.78489122794222],[-67.22351140643354,-55.78462657894472],[-67.22404573065273,-55.784334223732756]]],[[[-67.59790221529374,-55.602676253565086],[-67.54662418878354,-55.63036496077002],[-67.59080680105521,-55.680082687488714],[-67.677889075066,-55.69730591555819],[-67.66202024035061,-55.686958347624454],[-67.69472523634059,-55.679118639792016],[-67.69252165457559,-55.66160360743944],[-67.6015434455681,-55.65063873741019],[-67.63487512246994,-55.61926985404401],[-67.62125435768566,-55.59455257797338],[-67.59790221529374,-55.602676253565086]]],[[[-69.15416478499702,-55.592703022836766],[-69.11421511159922,-55.62886937724087],[-69.1401823252417,-55.624977676661494],[-69.1418617337502,-55.64951400802862],[-69.14570867463134,-55.61108836628927],[-69.16667567136629,-55.599013185248715],[-69.15416478499702,-55.592703022836766]]],[[[-67.38253998241647,-55.565562688793655],[-67.36056480733646,-55.58455643315138],[-67.37883892614084,-55.60141841330783],[-67.33975418034301,-55.6146874957939],[-67.37791231392528,-55.63553960055572],[-67.32182755683998,-55.63941626194264],[-67.37678854036947,-55.66676255735221],[-67.38636108685174,-55.70676279331139],[-67.36721121215496,-55.71997383138599],[-67.32616544678685,-55.68853943654322],[-67.26811093221848,-55.70956438091749],[-67.2588475912469,-55.72682032491766],[-67.3161786952119,-55.72588512185139],[-67.29883314156051,-55.75157995652559],[-67.2457791044111,-55.75335239385474],[-67.26192026250656,-55.78486168979524],[-67.3524859534575,-55.79356737865699],[-67.35884969888026,-55.7569464827033],[-67.39656660963938,-55.76738501461781],[-67.38120858214737,-55.75681623334081],[-67.39504443056012,-55.739717974829716],[-67.44773048093822,-55.77275170817568],[-67.46615449083428,-55.73797049239183],[-67.48865049923457,-55.75981859019943],[-67.53456052598352,-55.729553528736886],[-67.57250281865753,-55.73756570480324],[-67.56980726464572,-55.720255133941485],[-67.53590222184411,-55.72784682262225],[-67.50836410180642,-55.71020611826375],[-67.55201193261641,-55.710800817226946],[-67.56345842047689,-55.69067902255211],[-67.563630553855,-55.65570478513672],[-67.53714751499999,-55.6446443622527],[-67.50493848875983,-55.64899018994928],[-67.50879686878781,-55.67546084924396],[-67.43651117611479,-55.68388242312748],[-67.41728258115135,-55.71803646485433],[-67.39827381202277,-55.68902034212269],[-67.42445102662583,-55.63602960374491],[-67.45272088285294,-55.61760475376413],[-67.49820968417528,-55.621245675026145],[-67.4469132511849,-55.57526930936609],[-67.38253998241647,-55.565562688793655]],[[-67.4662085236003,-55.58543341983393],[-67.46135677305644,-55.588517119666776],[-67.46460587253958,-55.584128629442795],[-67.4662085236003,-55.58543341983393]],[[-67.52963633080357,-55.64800481883837],[-67.53102238726952,-55.64984478390791],[-67.52440300107982,-55.650047977301035],[-67.52963633080357,-55.64800481883837]],[[-67.53226403146871,-55.727963226153754],[-67.5326192531798,-55.72912811193206],[-67.53139285698425,-55.72848160309691],[-67.53226403146871,-55.727963226153754]]],[[[-69.01929132489575,-55.565490519247746],[-68.98757296205707,-55.57879814964147],[-68.99777478468404,-55.59785702722891],[-68.9791437247931,-55.59917965667147],[-68.99270467974576,-55.608970899646465],[-68.96777114672093,-55.616199662637754],[-68.98392207309679,-55.62066430054975],[-68.96349333789692,-55.6390247374045],[-69.02243003041363,-55.648018642939014],[-69.02051678504678,-55.618100563901066],[-69.0375872583885,-55.60661891075963],[-69.02045246387581,-55.58048332473113],[-69.04405187653283,-55.56908239433019],[-69.01929132489575,-55.565490519247746]],[[-68.98531370271076,-55.605223445557826],[-68.98380162339024,-55.60614639099663],[-68.9829457948258,-55.60577175005463],[-68.98531370271076,-55.605223445557826]],[[-69.01240686383203,-55.60640615880542],[-69.01482242285125,-55.60597041736103],[-69.01293116644591,-55.60724444211299],[-69.01240686383203,-55.60640615880542]],[[-68.97403911646305,-55.63735848414057],[-68.9730157458099,-55.638490002302795],[-68.97297355463597,-55.63834019876816],[-68.97403911646305,-55.63735848414057]],[[-68.97780358571289,-55.63835655175786],[-68.98091454855985,-55.63935933549817],[-68.97833873099226,-55.63997126090818],[-68.97780358571289,-55.63835655175786]],[[-68.99887051553165,-55.64533940892106],[-69.00450761641602,-55.645209632138055],[-69.0028788872626,-55.64645956161666],[-68.99887051553165,-55.64533940892106]]],[[[-68.01678692602778,-55.53496658926752],[-67.97174234071511,-55.54725941266022],[-68.03139504081894,-55.563573132254966],[-68.01678692602778,-55.53496658926752]],[[-68.0215345833898,-55.554296618471156],[-68.01432446237432,-55.55633367503876],[-68.0242272403348,-55.550899825200275],[-68.0215345833898,-55.554296618471156]]],[[[-68.86544800529413,-55.527678832130405],[-68.79393832048265,-55.55227255350713],[-68.85967383048053,-55.55869326063435],[-68.88343486622686,-55.530844770530614],[-68.86544800529413,-55.527678832130405]],[[-68.83119155682473,-55.5516350844188],[-68.83047836545605,-55.54654822375299],[-68.83269583248038,-55.54794677332127],[-68.83119155682473,-55.5516350844188]]],[[[-69.26575960465955,-55.51954773471662],[-69.22686675697273,-55.53853213826848],[-69.25282649483539,-55.55688149266666],[-69.28244944834066,-55.53871740281205],[-69.29315780131195,-55.54826876021562],[-69.27807387047439,-55.56759364055738],[-69.32194090009519,-55.543870144595715],[-69.3062138949901,-55.54108976808421],[-69.31129344930687,-55.52167753087436],[-69.26575960465955,-55.51954773471662]],[[-69.25370016753463,-55.54221282384969],[-69.25209525541432,-55.542931040582836],[-69.25103499095246,-55.54095361174855],[-69.25370016753463,-55.54221282384969]]],[[[-68.67467742371254,-55.518797713738],[-68.62872584628842,-55.53799486666432],[-68.67482837391793,-55.52881294205089],[-68.62135406804767,-55.55336004144364],[-68.62384067122946,-55.584085038792075],[-68.69504475906272,-55.564050454192135],[-68.72347235765709,-55.52460539889533],[-68.74444954488064,-55.52897049478517],[-68.68202925486239,-55.53314116019272],[-68.67467742371254,-55.518797713738]],[[-68.65002988552808,-55.535780119200645],[-68.64770135349697,-55.53902542129231],[-68.64579257724866,-55.53781815073712],[-68.65002988552808,-55.535780119200645]]],[[[-68.55779723492185,-55.504198754866195],[-68.53580228882075,-55.52560144147124],[-68.56379098583865,-55.53475403546174],[-68.52366657305011,-55.5278650045467],[-68.54783459323083,-55.5474702817868],[-68.52710237568697,-55.54575272005335],[-68.50470139377238,-55.58102242804196],[-68.58870053115044,-55.524246448713264],[-68.55779723492185,-55.504198754866195]],[[-68.53809956756483,-55.55910815360969],[-68.53615344385857,-55.558671506318454],[-68.53735387245422,-55.55802016984591],[-68.53809956756483,-55.55910815360969]]],[[[-67.66483604643962,-55.49713519319473],[-67.60791256830613,-55.529940421450846],[-67.6085651674106,-55.57953327837003],[-67.56467699414296,-55.597373667687584],[-67.61960825421632,-55.58079838569004],[-67.65167771280404,-55.61311474142497],[-67.74332277628125,-55.620984390434245],[-67.7380277044497,-55.597325922705274],[-67.69495627135356,-55.568190746683904],[-67.66965953688296,-55.57249070491002],[-67.70688188734893,-55.53850263524014],[-67.69922531621366,-55.5105274402013],[-67.66483604643962,-55.49713519319473]],[[-67.58475173113712,-55.59026968978955],[-67.58507235962496,-55.59110232584184],[-67.58379092185532,-55.59028870461987],[-67.58475173113712,-55.59026968978955]]],[[[-68.89253325944426,-55.486508053633514],[-68.87176946162658,-55.52444248235642],[-68.90700341816061,-55.519845592393324],[-68.89643796738807,-55.51055077771052],[-68.91630617541021,-55.49827327572189],[-68.89253325944426,-55.486508053633514]]],[[[-69.52325275339511,-55.484030104059315],[-69.50422119580442,-55.49602343636904],[-69.53011574831682,-55.495113264760015],[-69.53596838558057,-55.515479064895025],[-69.57092571760096,-55.5099195669446],[-69.55322662478298,-55.48642707341698],[-69.52325275339511,-55.484030104059315]]],[[[-68.6263688735954,-55.47590602764908],[-68.57159723875813,-55.494786227050085],[-68.6226774517512,-55.528158247640675],[-68.66872439702081,-55.506752695885766],[-68.61261453920986,-55.485170209861],[-68.68833107222609,-55.491328156651214],[-68.6263688735954,-55.47590602764908]],[[-68.58059671937794,-55.489541420854714],[-68.57973028620158,-55.490734857907576],[-68.57945630812475,-55.48881420287138],[-68.58059671937794,-55.489541420854714]],[[-68.60432554602973,-55.49278972809045],[-68.6030475173666,-55.49238904769625],[-68.6042666578696,-55.49211945286884],[-68.60432554602973,-55.49278972809045]],[[-68.59819635432092,-55.495375248775474],[-68.5939082013964,-55.49438752006174],[-68.59571908014337,-55.49357716042844],[-68.59819635432092,-55.495375248775474]],[[-68.59922168419968,-55.502482177518885],[-68.60031511625847,-55.50401693787735],[-68.59867173468443,-55.50431197249665],[-68.59922168419968,-55.502482177518885]]],[[[-69.5871901721641,-55.42591063319477],[-69.43665763935617,-55.47826416793004],[-69.46497208975062,-55.49384944748934],[-69.44508761683194,-55.50881463557139],[-69.50526318044855,-55.50401182891437],[-69.50536553539035,-55.46962884432158],[-69.55670741325262,-55.47850167246844],[-69.56822351964931,-55.45763038049906],[-69.59665445548495,-55.47029992890826],[-69.56744779565537,-55.44680976772763],[-69.60121320343093,-55.441926368849174],[-69.5871901721641,-55.42591063319477]]],[[[-69.76609059614272,-55.371610469930864],[-69.63015036957357,-55.40317271763669],[-69.62340799683497,-55.426259484433274],[-69.6530130343402,-55.435823331472506],[-69.67041439493032,-55.410558303310445],[-69.7386052709926,-55.418598706338386],[-69.67756664378024,-55.423943205419725],[-69.70976681802158,-55.4348443410986],[-69.66425126217511,-55.44005368338015],[-69.68353199445933,-55.470397789968736],[-69.70007711325995,-55.45023463061135],[-69.69718302618047,-55.46863411602007],[-69.71865028122242,-55.4667073400337],[-69.72793611331377,-55.43786537061481],[-69.78858563885407,-55.4589854505296],[-69.79529585639709,-55.44825405064973],[-69.75338048051141,-55.44174679489363],[-69.77454918675691,-55.43881775977845],[-69.7539877254738,-55.423823179925584],[-69.77285625141687,-55.41511505222674],[-69.7457954925279,-55.41649890046456],[-69.78041692200566,-55.401865518389315],[-69.78890413474141,-55.37702992512599],[-69.76609059614272,-55.371610469930864]],[[-69.68783066126592,-55.39911817863242],[-69.68509534332807,-55.40062074980386],[-69.68535576762388,-55.398685972409865],[-69.68783066126592,-55.39911817863242]],[[-69.67587482594439,-55.40137182090253],[-69.67413168466145,-55.40255705196462],[-69.67116277869859,-55.40203091920325],[-69.67587482594439,-55.40137182090253]],[[-69.6899634252438,-55.408689130592585],[-69.68732836917313,-55.40850226348562],[-69.68897009155882,-55.40806916028124],[-69.6899634252438,-55.408689130592585]],[[-69.67758749457629,-55.4518264004092],[-69.68185828755794,-55.451154591790704],[-69.68004643413889,-55.45294213552645],[-69.67758749457629,-55.4518264004092]],[[-69.64924326772514,-55.41904896858652],[-69.6530004390616,-55.42407133930167],[-69.64710351036275,-55.42247927619654],[-69.64924326772514,-55.41904896858652]]],[[[-69.11480480348098,-55.36230306040464],[-69.05190775867682,-55.38363976004827],[-69.08723121256597,-55.40312493502132],[-69.01911782158683,-55.41484144861319],[-69.03529316596874,-55.419809364830314],[-69.01634363085168,-55.41683569753564],[-69.03290980526425,-55.4212052641202],[-69.01683219848357,-55.439781827659274],[-68.97773941366226,-55.42880327916916],[-68.95681456767706,-55.4519052657547],[-69.00211699642573,-55.46210912303733],[-69.03965348864487,-55.44200720764004],[-69.01261421116928,-55.442386854336895],[-69.02449704040767,-55.434704139914345],[-69.09195139944659,-55.41860608914906],[-69.1336400854703,-55.37599245539305],[-69.11480480348098,-55.36230306040464]],[[-69.12128979182269,-55.37602498447885],[-69.11961037702598,-55.37713759469393],[-69.11929587235343,-55.37572984728921],[-69.12128979182269,-55.37602498447885]],[[-69.08102457979143,-55.408099034966334],[-69.07928949370164,-55.40901479902926],[-69.0793909952439,-55.40833794544488],[-69.08102457979143,-55.408099034966334]]],[[[-69.86751878737445,-55.34653868692456],[-69.80124949663814,-55.37724359139996],[-69.85948654617728,-55.36386700223242],[-69.86751878737445,-55.34653868692456]]],[[[-69.91740932370753,-55.35518826458173],[-69.89782176285487,-55.377352622630504],[-69.90850067803432,-55.397957292897885],[-69.92547858627421,-55.3433135526001],[-69.91740932370753,-55.35518826458173]]],[[[-69.16148557037066,-55.32829462614699],[-69.12939423151757,-55.3486709846749],[-69.13083705342464,-55.368167553621056],[-69.19549111399131,-55.34048530122775],[-69.16148557037066,-55.32829462614699]]],[[[-69.98510649107955,-55.31703217945806],[-69.941689671028,-55.34637235825368],[-69.9899655521132,-55.34649549173806],[-69.94604430108018,-55.35229367878064],[-69.9925303626236,-55.37701174929889],[-70.02341187380824,-55.36343317300775],[-70.00828845033583,-55.36873371205352],[-70.00508954781245,-55.40910672855493],[-70.0335192969736,-55.3985944048022],[-70.02925596719534,-55.3791768234922],[-70.07792042353984,-55.367716054479125],[-70.03348385933396,-55.36001956653194],[-70.13158881671541,-55.32947118305315],[-70.03007789334096,-55.324042705232074],[-70.04139700817899,-55.34124372824294],[-70.02166286472983,-55.348576151345384],[-70.01867667787586,-55.327972926761944],[-69.98510649107955,-55.31703217945806]],[[-70.06887399157338,-55.32687514714751],[-70.07108270182033,-55.32682495984145],[-70.07257974783457,-55.32842183760522],[-70.06887399157338,-55.32687514714751]]],[[[-69.20485519653043,-55.28958961971321],[-69.17958969109236,-55.31327490955284],[-69.21964325105951,-55.31353947390829],[-69.23193787341401,-55.29392472397191],[-69.20485519653043,-55.28958961971321]]],[[[-68.98548473655096,-55.28934007779996],[-68.9553903013705,-55.29671082398453],[-68.9489003112093,-55.337005616502935],[-68.98160680738579,-55.34124697884965],[-69.02150913777149,-55.308981163991746],[-68.98548473655096,-55.28934007779996]]],[[[-70.17350357366185,-55.27406752788239],[-70.04397762185188,-55.29871839143515],[-70.20324603454095,-55.282513598555255],[-70.17350357366185,-55.27406752788239]]],[[[-69.26435676407084,-55.260640250412166],[-69.1951623279024,-55.26779144892599],[-69.27235957286605,-55.30862844181504],[-69.36292124205947,-55.284298846424065],[-69.3608816531395,-55.302161810520126],[-69.39610484965304,-55.29338045546143],[-69.26435676407084,-55.260640250412166]],[[-69.27216398717083,-55.26386284176253],[-69.26927517859195,-55.26275061154874],[-69.27111409914882,-55.26249411958363],[-69.27216398717083,-55.26386284176253]],[[-69.28839825205222,-55.28505600165126],[-69.28699690356518,-55.28614856358315],[-69.28664791256888,-55.28493652537373],[-69.28839825205222,-55.28505600165126]],[[-69.27806761999663,-55.28632697460114],[-69.2750334586149,-55.286483207383206],[-69.27703109980438,-55.2853440864583],[-69.27806761999663,-55.28632697460114]],[[-69.30335119684327,-55.28669080572875],[-69.30577122587935,-55.292632676538986],[-69.29918997497009,-55.28922351480016],[-69.30335119684327,-55.28669080572875]]],[[[-68.86936416585948,-55.240934172090874],[-68.84821451018621,-55.25149199110626],[-68.88476962350018,-55.283829699392996],[-68.89065110297277,-55.34313582742054],[-68.94793749598945,-55.367055598346745],[-68.92643201314058,-55.35893364262965],[-68.94495651756746,-55.352661594388856],[-68.9335005785319,-55.33848871633272],[-68.95505165088144,-55.29372627484944],[-68.86936416585948,-55.240934172090874]],[[-68.93205198135587,-55.34680297975775],[-68.93105016937123,-55.34599879095622],[-68.93232943231958,-55.346288728832235],[-68.93205198135587,-55.34680297975775]],[[-68.93084009115552,-55.34779857322213],[-68.93010613612736,-55.347837464723966],[-68.93132293741736,-55.347671863747486],[-68.93084009115552,-55.34779857322213]],[[-68.92957256559468,-55.353468147787666],[-68.92751075235458,-55.35008408005771],[-68.93199139717649,-55.3506469199603],[-68.92957256559468,-55.353468147787666]]],[[[-66.90441307201907,-55.21688892329636],[-66.86463790983994,-55.225663511477045],[-66.84103124688028,-55.26998479402507],[-66.8603113162078,-55.269843295490276],[-66.8385433097003,-55.301801774436306],[-66.87129164670779,-55.33353700112898],[-66.85575065215534,-55.34181681328526],[-67.03678363888922,-55.336873497651],[-67.0523071037172,-55.26587594033353],[-66.99647414889762,-55.23158443042241],[-66.90441307201907,-55.21688892329636]]],[[[-67.91552517105862,-55.2082092424696],[-67.90529330427697,-55.22355262771638],[-67.92903561643779,-55.24680272301599],[-67.97816561120355,-55.24686953275117],[-67.91552517105862,-55.2082092424696]]],[[[-70.12223816578643,-55.206879273613666],[-70.04199704595784,-55.22957409191817],[-70.05414562470506,-55.239490886337514],[-70.03986344744507,-55.258367741227715],[-69.98858864858167,-55.26176480345501],[-70.095427293955,-55.25781227748336],[-70.06703012219762,-55.25070257913362],[-70.14200828137281,-55.213140352163435],[-70.12223816578643,-55.206879273613666]]],[[[-66.5422252214218,-55.17757968684382],[-66.43126106939437,-55.193395458455655],[-66.41867545936314,-55.220289389927984],[-66.47908488139765,-55.22324149810244],[-66.51754793373009,-55.27444178768627],[-66.64314999676832,-55.28792557166418],[-66.65265566637261,-55.20531348396708],[-66.5422252214218,-55.17757968684382]],[[-66.54990546136817,-55.177946176096825],[-66.55431765726037,-55.18151889450173],[-66.54434337609821,-55.17863689389092],[-66.54990546136817,-55.177946176096825]],[[-66.61994055984412,-55.27488227800661],[-66.61540033515931,-55.27489217459699],[-66.61798072245674,-55.273127592480876],[-66.61994055984412,-55.27488227800661]]],[[[-68.28544742821728,-55.15508208120708],[-68.24043197976086,-55.168194390323706],[-68.20880370357212,-55.221725234614304],[-68.32264249235648,-55.195838431836435],[-68.32711381536069,-55.16722297061784],[-68.28544742821728,-55.15508208120708]]],[[[-70.64291476776297,-55.12485803036807],[-70.62920021796472,-55.14447694392333],[-70.67335956387055,-55.16669632784371],[-70.66195210331757,-55.17925208053206],[-70.71015356886295,-55.16624916896601],[-70.67711778893086,-55.144947378619214],[-70.68790387761527,-55.135433444661366],[-70.64291476776297,-55.12485803036807]]],[[[-68.43602113350961,-55.12476888054816],[-68.40962791091164,-55.12946282082094],[-68.44606928134095,-55.15014338458754],[-68.48802935919177,-55.13681702904785],[-68.43602113350961,-55.12476888054816]]],[[[-69.98651779559485,-55.01861191988736],[-70.0087310619544,-55.05182410779264],[-70.03661363649621,-55.04634834429993],[-70.01806093305423,-55.06149212352685],[-70.03359662844483,-55.08269778379064],[-70.08048964926985,-55.0833912697361],[-70.09672006307365,-55.05526523316258],[-70.07950185459691,-55.034071398805345],[-69.98651779559485,-55.01861191988736]]],[[[-70.37660208982365,-55.002185608240936],[-70.38319363003615,-55.02667465501905],[-70.4679587563654,-55.04012887736222],[-70.37660208982365,-55.002185608240936]]],[[[-68.26655800835904,-55.006311891672894],[-68.21636153907787,-55.01426019785972],[-68.23173312304583,-55.02391481628363],[-68.22311903675092,-55.05074727796392],[-68.26367274812553,-55.036253180660644],[-68.28479135892088,-55.00737180369513],[-68.26655800835904,-55.006311891672894]]],[[[-69.94987220127055,-55.012691046080704],[-69.92931174430394,-55.041594634080106],[-69.94577396207858,-55.07080345853543],[-70.01086906311039,-55.07081114435838],[-69.94987220127055,-55.012691046080704]]],[[[-67.05286109385462,-54.987905761103086],[-66.92747319367169,-55.02695510122567],[-66.86062345202295,-55.027674580972956],[-66.81325331978084,-55.11798850401819],[-66.85803541467256,-55.11683355680025],[-67.02042754718393,-55.04145063730426],[-67.0538993019813,-55.02065683511311],[-67.05286109385462,-54.987905761103086]]],[[[-70.3048513960046,-54.98026492151591],[-70.27960326218749,-54.98204090628391],[-70.28837779747363,-55.00646825722538],[-70.34407595738988,-54.99719348001945],[-70.3048513960046,-54.98026492151591]]],[[[-71.17933633037048,-54.964133907457295],[-71.11046118060683,-54.98202528920473],[-71.13926588207599,-54.99209258060923],[-71.13123161517784,-55.027711205579216],[-71.17772103372549,-55.0314280222841],[-71.1606613590318,-55.020487545605576],[-71.19895344130441,-54.985406435326134],[-71.17933633037048,-54.964133907457295]]],[[[-71.21814521342603,-54.94354717674847],[-71.18656906826985,-54.95251725112817],[-71.22353500002787,-54.9800106278318],[-71.2107412386672,-55.01563595376505],[-71.229310324685,-55.01974545251327],[-71.22727721621149,-54.99666049964716],[-71.26776472085135,-55.03020613521319],[-71.30266186215444,-55.02325107462681],[-71.24946686047234,-54.997419349409114],[-71.2836997973358,-54.9914837944597],[-71.27082497559717,-54.97602409491713],[-71.28602629288618,-54.96749258938176],[-71.21814521342603,-54.94354717674847]]],[[[-69.98926401099543,-54.936636157171634],[-69.98400102608753,-54.95296511652223],[-69.94819220436554,-54.956788286760975],[-69.98979820226397,-54.99536856431096],[-70.0427882640938,-55.004877086324505],[-70.01352893873407,-54.960574785437224],[-70.05631815620225,-54.990085119259405],[-70.08294146519226,-54.97893001739341],[-70.08121313533171,-55.010594380861534],[-70.09986093892124,-55.02341837350482],[-70.20818992708013,-55.02482261439044],[-70.17766363760661,-54.970846163188256],[-70.1296693424304,-54.975547375076175],[-70.12729983374759,-54.9561930737331],[-70.14537814227792,-54.9585842639373],[-69.98926401099543,-54.936636157171634]],[[-69.9997330788262,-54.95448854720928],[-69.99706809089025,-54.95402121644528],[-69.99782262811819,-54.95179770626091],[-69.9997330788262,-54.95448854720928]],[[-69.98022139776728,-54.95387504747253],[-69.9854933775061,-54.95489051414062],[-69.9857837345655,-54.95715716053644],[-69.98022139776728,-54.95387504747253]]],[[[-70.47797448938803,-54.9632679927724],[-70.3231261678842,-54.92476436446398],[-70.28754806227325,-54.9395589442656],[-70.29711144863454,-54.953865972215674],[-70.2454897186118,-54.95192161114959],[-70.30846597506107,-54.977251401624116],[-70.31415238267478,-54.95753011913914],[-70.35798161388335,-54.951639613559074],[-70.3335949033383,-54.95759782837298],[-70.34413610049647,-54.985615107530414],[-70.39892065041256,-54.98250846941855],[-70.42507720466243,-55.00418130971309],[-70.46663102840915,-55.002480886899995],[-70.47797448938803,-54.9632679927724]]],[[[-68.5132113311899,-54.92586207375556],[-68.40200435555802,-54.94992541689772],[-68.36023822307871,-54.99331364496383],[-68.34408358845735,-54.98805547905739],[-68.35541236198134,-54.99821029937526],[-68.30371796903188,-55.032637860525995],[-68.32515155611532,-55.07713129654063],[-68.41058307158694,-55.0628583251654],[-68.44271742447077,-55.02195347607737],[-68.40598958309398,-55.09218297865927],[-68.48861979487857,-55.11594900872229],[-68.55737996567575,-55.085091579536396],[-68.63904712867853,-55.0975980277758],[-68.5625336507664,-55.096922095833534],[-68.54049485789629,-55.12267724616824],[-68.54945043155995,-55.14698236528481],[-68.6203577133284,-55.16559770392061],[-68.75044763376194,-55.143265254073434],[-69.00339410701065,-55.04860459799407],[-69.00968819077806,-55.02572217481176],[-69.06829692994413,-55.07957657490006],[-68.9657680949785,-55.075718867568966],[-68.9703759690924,-55.116599773768456],[-68.7349861320273,-55.187292319144284],[-68.69663173542007,-55.1696182551454],[-68.7477606236268,-55.179245116239116],[-68.78859737528283,-55.153304210429546],[-68.5001755888445,-55.19570995323269],[-68.34502949468862,-55.18246678198511],[-68.34388131121159,-55.21119678256648],[-68.2452481534262,-55.22616217066817],[-68.32775780051988,-55.23443962801352],[-68.22809650921374,-55.25452652411035],[-68.1713606999229,-55.29070330048381],[-68.38420264189693,-55.30908255054762],[-68.48704407710669,-55.283247801785514],[-68.44589420238702,-55.305810896646655],[-68.53404218824355,-55.322004202658675],[-68.57593389891136,-55.31459378865191],[-68.64513574528259,-55.2551659406784],[-68.72483240250567,-55.277564097761356],[-68.63090666654075,-55.2736045655131],[-68.62034166043426,-55.28929043635029],[-68.661208105902,-55.291776136536704],[-68.63989412860035,-55.30091620183871],[-68.65004236492402,-55.30743318624115],[-68.60078224469778,-55.30537598694907],[-68.59557926904749,-55.322938755149494],[-68.62618170511438,-55.337741794285535],[-68.61122232748758,-55.34960507233149],[-68.57729000824067,-55.33103035590087],[-68.52215593372898,-55.337413262552516],[-68.57365534914265,-55.375262866056104],[-68.49280714874337,-55.340299747003534],[-68.38407033083536,-55.34074111778904],[-68.31141343003243,-55.351284055667],[-68.30313060917663,-55.380417947178536],[-68.26568095889264,-55.374082388535996],[-68.31920738950724,-55.39788573141603],[-68.30663469365653,-55.40872230750524],[-68.23267260991605,-55.382268427066315],[-68.20585570320253,-55.410694579368766],[-68.13395844116005,-55.38928628567417],[-68.11076982718413,-55.42160969207191],[-68.12740622380078,-55.45004132690739],[-68.16306121531858,-55.460357283718984],[-68.14151340475185,-55.47254694779862],[-68.17222426388027,-55.47683341216641],[-68.02226584796367,-55.477173907988636],[-68.09047239872935,-55.528031030824195],[-68.11591502858523,-55.5249373445313],[-68.04130538618736,-55.549084436923195],[-68.03902828180794,-55.57989673116794],[-67.97521845525034,-55.58887417295887],[-68.02269771303651,-55.61339902265191],[-67.97742759489199,-55.61019289442541],[-67.9952273358527,-55.61581765311244],[-67.98315464678072,-55.63722857747757],[-68.02922920446555,-55.64855380808059],[-67.98343166655309,-55.6764261171576],[-68.0139304720705,-55.675605072586194],[-68.06656233337573,-55.71584205124423],[-68.10226656335088,-55.69834669772043],[-68.13090796816938,-55.6661601876703],[-68.11338367223432,-55.62921724873825],[-68.13797489683023,-55.638896776613905],[-68.14524421143304,-55.61475338603842],[-68.124452410433,-55.592154909779836],[-68.2619537059467,-55.63009222969968],[-68.27986749701589,-55.6106772493024],[-68.22998974550595,-55.57283686797619],[-68.24270878410296,-55.56446085442471],[-68.21578688948554,-55.53241025817323],[-68.26328960318212,-55.52791688586344],[-68.3208299301667,-55.49299600844339],[-68.30375607556623,-55.48824603450432],[-68.3161994409655,-55.48073028404664],[-68.33386496733458,-55.49237476514244],[-68.31838870358484,-55.466860281756034],[-68.3385963400371,-55.45702720095103],[-68.36469389204078,-55.462931526361],[-68.34703490810192,-55.47309860854582],[-68.36432729047165,-55.4840031535985],[-68.42352059303747,-55.496933798117574],[-68.49339828152281,-55.47396868738223],[-68.48963489474289,-55.462233933636625],[-68.53094956719805,-55.462979934877794],[-68.5151765710454,-55.44619968397789],[-68.53167694745665,-55.406995591561646],[-68.55211353213548,-55.437222013969055],[-68.56845044570775,-55.4100626928819],[-68.61125875776561,-55.40383234186319],[-68.5617539256762,-55.42696106250531],[-68.59907071333303,-55.42835515993442],[-68.5592022745864,-55.45589753010305],[-68.56453015828198,-55.46947539853196],[-68.60634462641177,-55.45118319951446],[-68.60805186742273,-55.467523504605616],[-68.69437305369048,-55.4727329793209],[-68.72839052693813,-55.43615101659015],[-68.77379319689271,-55.43735880245548],[-68.72983967298478,-55.4544286096949],[-68.73220006646241,-55.4712043946051],[-68.78420476266382,-55.47389004638963],[-68.73764548303484,-55.47915619070455],[-68.72573643736321,-55.49805772605697],[-68.77780261066941,-55.513304263525505],[-68.80355413432058,-55.4868585187569],[-68.87854712108785,-55.48163938252644],[-68.83441404192094,-55.45861795302749],[-68.91678241456314,-55.46225428472004],[-68.8943633908844,-55.44946050326637],[-68.93135585977421,-55.44659016055258],[-68.92987055563906,-55.4284822957119],[-68.84965072947595,-55.39003541080286],[-68.80079318565103,-55.38505734717602],[-68.7631990009294,-55.40579637043017],[-68.75216664270312,-55.38714746605223],[-68.68686733753923,-55.38718769305462],[-68.78181289940518,-55.37224364248976],[-68.72123194406714,-55.35276680071343],[-68.75152031204271,-55.34422281397961],[-68.80817891921971,-55.375921723896546],[-68.93316940022937,-55.40438977258443],[-68.9301578305787,-55.38422863588395],[-68.83723068703644,-55.32271829038725],[-68.85541298364572,-55.32401878451764],[-68.86986630883194,-55.284652080132076],[-68.80822060554047,-55.24675055554848],[-68.85693802655412,-55.23375973688837],[-68.77378040039149,-55.18714429661543],[-68.88846689068194,-55.23530104599735],[-68.91409339848997,-55.22150648490906],[-68.91931083881298,-55.237514539447595],[-68.95259221005891,-55.23140813554127],[-68.92827679969625,-55.24703899612304],[-68.95314900294,-55.28413095444706],[-68.97356946375777,-55.28323826284553],[-68.96837962596852,-55.269069023970154],[-69.00111339050547,-55.284908974376854],[-69.04902841923935,-55.278233522671925],[-69.05248587935937,-55.241265829590084],[-69.10404674582666,-55.208474873851706],[-69.08462162283527,-55.16096250248949],[-69.12899655183287,-55.2042513483701],[-69.07459846883009,-55.25344556973491],[-69.09646337301403,-55.26401287633234],[-69.19299122382817,-55.23147690601125],[-69.22691854754379,-55.190147727789984],[-69.2807190209139,-55.188903726465405],[-69.21522305746632,-55.24594610767488],[-69.32870517915029,-55.245930154562274],[-69.29654479937774,-55.2562163146616],[-69.38498081116548,-55.280143813093204],[-69.38934045920682,-55.25521912564857],[-69.48576362754429,-55.266019203973876],[-69.40176347147668,-55.26359371706801],[-69.41545275975083,-55.28411215274017],[-69.45947257124189,-55.29118145881311],[-69.40582304268727,-55.28551264705437],[-69.41085783215681,-55.2982991806012],[-69.45831226320348,-55.308994504221765],[-69.33476905435481,-55.30827777084771],[-69.31974449407268,-55.32072996488071],[-69.3451036650488,-55.328178949233425],[-69.29069830299726,-55.32397871151335],[-69.32049908340291,-55.34594931540565],[-69.25314645946824,-55.35041482139514],[-69.27692282586318,-55.37498442073401],[-69.24461075657173,-55.38117729514256],[-69.282259009992,-55.38985069133153],[-69.19727115177794,-55.40057726216604],[-69.23021935046141,-55.41887130448914],[-69.18823517530309,-55.414076918664676],[-69.2089069910256,-55.42384125012278],[-69.18003500574163,-55.43177146739189],[-69.24727281599988,-55.43217928868936],[-69.233461493391,-55.447968068928596],[-69.26186034499796,-55.45115010207519],[-69.20351332010847,-55.45016207815146],[-69.25581280386025,-55.468209608892664],[-69.17530110877316,-55.46553080459314],[-69.20970703960077,-55.47766568936614],[-69.17517384444686,-55.48530889562287],[-69.15332248506077,-55.4571980650241],[-69.07240743203805,-55.47595127335351],[-69.14715747482661,-55.48028251050305],[-69.0993391623095,-55.488983236943206],[-69.13851420855633,-55.48875719009884],[-69.09863929115984,-55.49534569251114],[-69.12522802668953,-55.504849567882644],[-69.07029060327498,-55.50942054200134],[-69.10458279481122,-55.51175013075032],[-69.09353709570463,-55.53817894986675],[-69.15399573373864,-55.52138498498311],[-69.15794578684135,-55.498911771343394],[-69.1801071260859,-55.517896087805866],[-69.17959907579214,-55.49128595211801],[-69.20624089816184,-55.520833019228036],[-69.28831910328915,-55.51749207731535],[-69.3209888547773,-55.453162902946985],[-69.30735216196472,-55.421748796739045],[-69.33068281665503,-55.42179860274802],[-69.34636721286954,-55.47029558038213],[-69.3199666743919,-55.47776272216512],[-69.31736450025387,-55.50043439237001],[-69.33876032306107,-55.488210178536484],[-69.33076678218464,-55.50584460623838],[-69.35326152935025,-55.504076667720696],[-69.35259125229932,-55.556727933969334],[-69.39440419419144,-55.52384031431503],[-69.36959221490268,-55.48661763962852],[-69.41493438781445,-55.47743583415248],[-69.39563014661925,-55.45868914322784],[-69.42606342093498,-55.453319622552506],[-69.39363382146166,-55.434424538763906],[-69.4218798471809,-55.44853203508883],[-69.48435013024135,-55.44046494948976],[-69.45904102237603,-55.43574590225631],[-69.47979282858299,-55.42873259522791],[-69.46119609331906,-55.414434356391176],[-69.34993783286761,-55.39968462720019],[-69.48086926900817,-55.4090629855718],[-69.46967676452292,-55.385574810005174],[-69.41996340740491,-55.3702823613715],[-69.45103669812293,-55.371153235579065],[-69.52417594123284,-55.41792105531917],[-69.61117837567609,-55.39210124206558],[-69.50040842593837,-55.359530973549894],[-69.58262316510742,-55.379453371871065],[-69.53483442243451,-55.35362582602455],[-69.61099134553564,-55.364636998043764],[-69.61127772934653,-55.38155670925309],[-69.66038625078373,-55.368501287620866],[-69.64197973557782,-55.35376352712635],[-69.66740672217135,-55.35665472293978],[-69.60582424859777,-55.338762161883686],[-69.68844058769943,-55.36259041584691],[-69.78712761745238,-55.34612587202578],[-69.75219538346273,-55.342880509067605],[-69.7888624448274,-55.33301149407034],[-69.76985450574216,-55.32509211347541],[-69.66693170113395,-55.334712371310125],[-69.75174649262033,-55.319167692028074],[-69.74218893273193,-55.30876055820903],[-69.52428934724925,-55.30468120001606],[-69.6718822789355,-55.29480963122573],[-69.60776246623121,-55.27936002138577],[-69.6669727343795,-55.28625229726268],[-69.65061423518927,-55.26636082269543],[-69.56329333450303,-55.22917654879329],[-69.52329111055944,-55.23671274948376],[-69.53256004084871,-55.22135534394731],[-69.47259532620232,-55.198356151452586],[-69.55127815108395,-55.21923432269073],[-69.56113684242524,-55.20739685812242],[-69.63418886990083,-55.249428000270164],[-69.68366357698721,-55.23157061080403],[-69.64722565249532,-55.252672483874974],[-69.77385779390691,-55.29101551461407],[-69.81921826999262,-55.282994416678946],[-69.85255842788905,-55.30563061025603],[-69.89811910790885,-55.289510844015005],[-69.83767439286345,-55.265450734426196],[-69.94274720640803,-55.27251433477628],[-69.97188068138972,-55.25723670297895],[-69.88230856577057,-55.26039350425261],[-69.87905013279162,-55.2398862556832],[-69.84138290515592,-55.24270152874005],[-69.95444035547585,-55.23723385927652],[-69.96093822116718,-55.220725508777264],[-69.92949024943235,-55.21100190646419],[-69.9686069635762,-55.20258476743775],[-69.93252391494406,-55.19750996030317],[-69.8902150850488,-55.21856208938846],[-69.80160948121687,-55.19701789655597],[-69.85066553834655,-55.1834425642567],[-69.86071364216043,-55.20139910236816],[-69.9470718156617,-55.193022466802745],[-69.93385285203267,-55.179218046430684],[-69.99816129837019,-55.20941628299842],[-70.03508080878757,-55.18720371852382],[-70.01990713804975,-55.164151758686316],[-70.03166860668988,-55.14921761896688],[-69.92248930292743,-55.11856829717541],[-69.93803682374042,-55.10894585824623],[-69.91384130433222,-55.094062851969674],[-69.83966789641272,-55.08416579508041],[-69.82143589242548,-55.105520581884775],[-69.80191011769807,-55.09982961695197],[-69.81807576027491,-55.095567639875114],[-69.80949494039159,-55.08043914266642],[-69.70468945559409,-55.07265292699401],[-69.6585847423635,-55.102780196056365],[-69.68760320334441,-55.12173149629085],[-69.64650084321508,-55.10493910440023],[-69.62043771914465,-55.121975945747145],[-69.67422304332584,-55.08602871446726],[-69.569604711738,-55.05305815152508],[-69.55283665444004,-55.07445350177889],[-69.56782153793272,-55.08512646264329],[-69.54846718332107,-55.08397345251231],[-69.53499502144436,-55.11873139436768],[-69.55786289913459,-55.13527293754182],[-69.53646965449228,-55.134799333354664],[-69.52816125500708,-55.15778690010767],[-69.53416333779813,-55.177703354324045],[-69.58273598452396,-55.185045916698186],[-69.54233100990585,-55.18611927102833],[-69.516818186592,-55.16465815338979],[-69.54314958803042,-55.048728436354885],[-69.40778486265647,-55.03344512067091],[-69.39458928936078,-55.04891193166247],[-69.45586269306928,-55.080280409153204],[-69.38585999682563,-55.0537717427256],[-69.32048676121215,-55.07473752629958],[-69.37595624958294,-55.030378377086855],[-69.22004803462147,-55.000542307034245],[-69.16700662059844,-55.03756595293562],[-69.19473772840355,-55.00478771933446],[-69.07560506883519,-54.99378514895537],[-69.02066155124977,-55.014360967439664],[-68.9799827593533,-54.99155174125434],[-68.80705331669398,-54.98796814240635],[-68.713924505862,-54.94984022235753],[-68.5132113311899,-54.92586207375556]],[[-68.52869813936441,-54.927265759761994],[-68.52833564489275,-54.928507990157954],[-68.52743168639202,-54.927571806943625],[-68.52869813936441,-54.927265759761994]],[[-68.52471184912145,-54.929342255107805],[-68.52295330891788,-54.93018278893145],[-68.52299988117548,-54.92939083704797],[-68.52471184912145,-54.929342255107805]],[[-68.52252676276984,-54.93081416089167],[-68.52410429873187,-54.93159945040973],[-68.51993362029368,-54.93179691374631],[-68.52252676276984,-54.93081416089167]],[[-68.52478742169136,-54.932897733758075],[-68.52643575567755,-54.93223821371539],[-68.52714143533382,-54.93339743215943],[-68.52478742169136,-54.932897733758075]],[[-68.544129399315,-54.938276592617015],[-68.54182866026046,-54.93693891283263],[-68.54384187554201,-54.936532306505335],[-68.544129399315,-54.938276592617015]],[[-68.52778689373008,-54.93946006019331],[-68.53164223655409,-54.939712833457804],[-68.52640034498737,-54.940507409356925],[-68.52778689373008,-54.93946006019331]],[[-68.66068919946804,-54.949986679945276],[-68.66324118023955,-54.95091672037709],[-68.66320364054214,-54.951153739908726],[-68.66068919946804,-54.949986679945276]],[[-68.66464492004187,-54.952105404812656],[-68.6656495123123,-54.952755345556916],[-68.66367165831359,-54.95213415202996],[-68.66464492004187,-54.952105404812656]],[[-68.41291149492191,-54.957545976307294],[-68.41078698825814,-54.95758760269783],[-68.41078973081468,-54.95715532685825],[-68.41291149492191,-54.957545976307294]],[[-68.74877208531422,-54.96818922500447],[-68.74833760165232,-54.968852502862994],[-68.74480645452617,-54.9677178416102],[-68.74877208531422,-54.96818922500447]],[[-69.44035963796455,-55.07605200568292],[-69.43959732851275,-55.07664545901222],[-69.43867557618287,-55.076213267171845],[-69.44035963796455,-55.07605200568292]],[[-69.58033090345421,-55.18767869673983],[-69.58873707557494,-55.18738200525666],[-69.58683791309682,-55.1938732491748],[-69.58033090345421,-55.18767869673983]],[[-69.8352404480253,-55.10025099679763],[-69.83906116977825,-55.10088951506577],[-69.8419400735328,-55.104964079606596],[-69.8352404480253,-55.10025099679763]],[[-69.5846388804004,-55.196910666849064],[-69.61167114203363,-55.19999004141613],[-69.59707711552109,-55.20609721331539],[-69.5846388804004,-55.196910666849064]],[[-69.54890553153533,-55.19828030944145],[-69.55844365816915,-55.20030406796419],[-69.54813553699628,-55.200615027278],[-69.54890553153533,-55.19828030944145]],[[-69.55990732817735,-55.29761516661206],[-69.55160467970659,-55.29398120565265],[-69.55786984850164,-55.29285383389265],[-69.55990732817735,-55.29761516661206]],[[-69.38876366174267,-55.31500310071814],[-69.41882308867818,-55.326505469553645],[-69.41695812236799,-55.33684562660301],[-69.38876366174267,-55.31500310071814]],[[-69.32828551230071,-55.33326587761034],[-69.32463797315813,-55.333334364558944],[-69.32844056780695,-55.33305853416551],[-69.32828551230071,-55.33326587761034]],[[-69.34064058139236,-55.33566924776752],[-69.3400462083897,-55.33982503799045],[-69.32997580749213,-55.337822835628096],[-69.34064058139236,-55.33566924776752]],[[-69.4059061045117,-55.33584562233721],[-69.436866800392,-55.34433941359787],[-69.42638897488554,-55.34647056656421],[-69.4059061045117,-55.33584562233721]],[[-69.52719140148697,-55.34301758957803],[-69.51083333438639,-55.339567587331274],[-69.5192986443989,-55.33704332459509],[-69.52719140148697,-55.34301758957803]],[[-69.53169371547017,-55.340046763976545],[-69.53494272691842,-55.34080420575269],[-69.53213979458576,-55.341672422879675],[-69.53169371547017,-55.340046763976545]],[[-69.59904739762027,-55.339444255542716],[-69.58021175899977,-55.33795029596449],[-69.57571348204547,-55.33183076279764],[-69.59904739762027,-55.339444255542716]],[[-69.60624455953945,-55.334789258743946],[-69.60902537894307,-55.33343248818707],[-69.60738382544065,-55.33648394086933],[-69.60624455953945,-55.334789258743946]],[[-69.59555326827034,-55.33439771533734],[-69.59260414051506,-55.33381467478868],[-69.59153076065006,-55.332698363634826],[-69.59555326827034,-55.33439771533734]],[[-69.55315305635447,-55.32887513047261],[-69.53867300628856,-55.33079577441835],[-69.55024713756437,-55.32504478999007],[-69.55315305635447,-55.32887513047261]],[[-69.56590519786972,-55.330545490093485],[-69.56525046526646,-55.32984351884139],[-69.56700912225101,-55.33031953093777],[-69.56590519786972,-55.330545490093485]],[[-69.56835546689318,-55.32989021674552],[-69.56273506299499,-55.3286303387617],[-69.56539516229915,-55.32761749688546],[-69.56835546689318,-55.32989021674552]],[[-69.52918542875408,-55.34654758135237],[-69.55372460047084,-55.353954318802494],[-69.52618886096865,-55.34687175744149],[-69.52918542875408,-55.34654758135237]],[[-69.25980639471153,-55.35064700780749],[-69.25618164942097,-55.35142891818915],[-69.26019288408274,-55.34971255553542],[-69.25980639471153,-55.35064700780749]],[[-69.58174192230527,-55.35612049797998],[-69.57939836145945,-55.35559579450899],[-69.57984534248358,-55.355271614763325],[-69.58174192230527,-55.35612049797998]],[[-69.6372731734451,-55.36124422586978],[-69.63674264191305,-55.362602003070265],[-69.63569694902341,-55.361799753183995],[-69.6372731734451,-55.36124422586978]],[[-69.62931228183767,-55.3637546993732],[-69.63246883238865,-55.363466259244476],[-69.6322028852505,-55.36500005488236],[-69.62931228183767,-55.3637546993732]],[[-69.62361193326907,-55.364917416474654],[-69.61692491292165,-55.3678120508761],[-69.61483945512495,-55.365319392043666],[-69.62361193326907,-55.364917416474654]],[[-69.25752939094342,-55.35654180214092],[-69.25598530105607,-55.355659263778115],[-69.25669022972075,-55.35483508989754],[-69.25752939094342,-55.35654180214092]],[[-69.28689291818115,-55.358367453272386],[-69.29009623682249,-55.36144360451399],[-69.28329426625467,-55.36163357643405],[-69.28689291818115,-55.358367453272386]],[[-69.58129005714093,-55.3751230704342],[-69.57712804744527,-55.374606070100924],[-69.58044881182683,-55.37365332295401],[-69.58129005714093,-55.3751230704342]],[[-69.29151642298102,-55.36295208378801],[-69.29201357311712,-55.36518047823939],[-69.28793916443301,-55.364523137607165],[-69.29151642298102,-55.36295208378801]],[[-69.28674282676518,-55.364042976060844],[-69.28624615273615,-55.365419077354346],[-69.28541257903456,-55.36448945898218],[-69.28674282676518,-55.364042976060844]],[[-69.51779099377272,-55.38354839233345],[-69.51483588413598,-55.383095782173946],[-69.51767170109625,-55.38238426347773],[-69.51779099377272,-55.38354839233345]],[[-69.5100813807132,-55.38448019972776],[-69.5119040642213,-55.38500171471695],[-69.51023000607863,-55.384926411246845],[-69.5100813807132,-55.38448019972776]],[[-69.50774456801179,-55.385134039418595],[-69.4966968108649,-55.39894091715756],[-69.48854461223793,-55.39597542440041],[-69.50774456801179,-55.385134039418595]],[[-69.5327370565704,-55.39836199815862],[-69.53806205128403,-55.40057556813962],[-69.53224452018158,-55.400501202297946],[-69.5327370565704,-55.39836199815862]],[[-69.56538225081357,-55.39523779459824],[-69.56859623874553,-55.39519462754338],[-69.56492040985803,-55.39573887926424],[-69.56538225081357,-55.39523779459824]],[[-69.5424104569096,-55.3913797504974],[-69.54764690827895,-55.389489950385276],[-69.54947223373232,-55.39001877164622],[-69.5424104569096,-55.3913797504974]],[[-69.56505216755738,-55.390975051306036],[-69.56285482279542,-55.38886482642528],[-69.56891596083324,-55.38906041716776],[-69.56505216755738,-55.390975051306036]],[[-69.55494276091189,-55.39022595163304],[-69.5525889413055,-55.39067976136252],[-69.55256989702148,-55.39034350818479],[-69.55494276091189,-55.39022595163304]],[[-69.50407693175967,-55.40292417293643],[-69.50330757412617,-55.40374657886551],[-69.50264521392782,-55.40285961650998],[-69.50407693175967,-55.40292417293643]],[[-69.54386020752244,-55.40553036192983],[-69.5570426842796,-55.40824345445907],[-69.54950072559818,-55.40831658174421],[-69.54386020752244,-55.40553036192983]],[[-69.5072441929238,-55.406048018418254],[-69.51155536966905,-55.406130325601985],[-69.51207048521253,-55.407606831630304],[-69.5072441929238,-55.406048018418254]],[[-69.52080976881028,-55.41204883622858],[-69.52143363080879,-55.41295676996871],[-69.51896517808733,-55.41233927508254],[-69.52080976881028,-55.41204883622858]],[[-69.27746382186999,-55.38536431681921],[-69.27807592761638,-55.38790343651328],[-69.27201944644499,-55.38489946703356],[-69.27746382186999,-55.38536431681921]],[[-69.3150442219436,-55.42003644953621],[-69.3185898606919,-55.423164613323735],[-69.3137567986992,-55.42005764476952],[-69.3150442219436,-55.42003644953621]],[[-69.45384714935452,-55.438634609036576],[-69.45546491546821,-55.43868248222619],[-69.45541118184119,-55.4390648775762],[-69.45384714935452,-55.438634609036576]],[[-69.36693698267071,-55.4692356444005],[-69.36398182452494,-55.47066207747114],[-69.3626541369929,-55.46989037253035],[-69.36693698267071,-55.4692356444005]],[[-69.35729048507764,-55.4754676420938],[-69.35222174917183,-55.47505560290118],[-69.35539208257423,-55.474314300913235],[-69.35729048507764,-55.4754676420938]],[[-69.37719396365277,-55.5182082047291],[-69.38198196255756,-55.52003187918019],[-69.37410662470116,-55.51848038913061],[-69.37719396365277,-55.5182082047291]],[[-69.31222873026493,-55.43609961109588],[-69.3101948564268,-55.432879553130874],[-69.31178740952542,-55.43173621499667],[-69.31222873026493,-55.43609961109588]],[[-69.26998674760323,-55.447870201106554],[-69.26419247657843,-55.449363985154086],[-69.26547054027586,-55.448246666249005],[-69.26998674760323,-55.447870201106554]],[[-69.13644140263207,-55.49958016334934],[-69.13602848302858,-55.50066498297716],[-69.13547902848505,-55.5001397164076],[-69.13644140263207,-55.49958016334934]],[[-69.14835079325678,-55.50759113960443],[-69.14809864873294,-55.509284932228994],[-69.14616501071083,-55.508085707048856],[-69.14835079325678,-55.50759113960443]],[[-69.10574374334844,-55.50921913751948],[-69.10459372820655,-55.50809454481282],[-69.1061787372534,-55.507992997142296],[-69.10574374334844,-55.50921913751948]],[[-69.11103620467576,-55.47446181877439],[-69.1121644581299,-55.47308713413875],[-69.11272459813372,-55.473828692396516],[-69.11103620467576,-55.47446181877439]],[[-69.1141416886978,-55.47332535265359],[-69.1163271801896,-55.47104886066856],[-69.11694458419954,-55.47365116022546],[-69.1141416886978,-55.47332535265359]],[[-69.1075188691471,-55.47162415908065],[-69.104925507482,-55.47326153193513],[-69.10557015559787,-55.471196555726095],[-69.1075188691471,-55.47162415908065]],[[-69.08512750010438,-55.476638640704664],[-69.08817624024485,-55.47812033334087],[-69.0842339306199,-55.47811979675573],[-69.08512750010438,-55.476638640704664]],[[-69.30531809498878,-55.34621108015285],[-69.3012805810117,-55.344792492716174],[-69.30661617494738,-55.34287919978562],[-69.30531809498878,-55.34621108015285]],[[-69.29391335812777,-55.34427798888064],[-69.29731552155216,-55.345455075479876],[-69.29337269180266,-55.344931203255065],[-69.29391335812777,-55.34427798888064]],[[-69.35665678203517,-55.25534489947731],[-69.36052320378155,-55.25594733732178],[-69.35509569512432,-55.25705950611406],[-69.35665678203517,-55.25534489947731]],[[-69.38575288530441,-55.26501435452305],[-69.38559422216399,-55.26613563089267],[-69.38482234026453,-55.26577080524039],[-69.38575288530441,-55.26501435452305]],[[-69.37439021744646,-55.27022685569552],[-69.37972116439718,-55.273294673832886],[-69.37249527615184,-55.27197332780173],[-69.37439021744646,-55.27022685569552]],[[-69.21542971579576,-55.18990038250259],[-69.21744024331798,-55.194678157211456],[-69.21126939762776,-55.19656690832168],[-69.21542971579576,-55.18990038250259]],[[-69.00736520135226,-55.276357977723805],[-69.01194581788549,-55.278594505330695],[-69.00149111142119,-55.2765238209984],[-69.00736520135226,-55.276357977723805]],[[-68.39191990141616,-55.220823261848864],[-68.3869304606988,-55.22150846432488],[-68.39261349963019,-55.220153796842666],[-68.39191990141616,-55.220823261848864]],[[-68.63199924430168,-55.33717805313613],[-68.63354821204103,-55.339338027813945],[-68.62771717836154,-55.33749442973985],[-68.63199924430168,-55.33717805313613]],[[-68.90413820473098,-55.37707033136182],[-68.90296318408484,-55.37786721376634],[-68.90197989086978,-55.37644887944217],[-68.90413820473098,-55.37707033136182]],[[-68.91687708441768,-55.3890020243039],[-68.9153434491236,-55.39115022395926],[-68.91438435921725,-55.388107463995475],[-68.91687708441768,-55.3890020243039]],[[-68.73537791876375,-55.34896161907555],[-68.73370554765717,-55.34858307631244],[-68.7354874431598,-55.34867476586758],[-68.73537791876375,-55.34896161907555]],[[-68.75079844833827,-55.354908960477026],[-68.74815946393485,-55.35455411283745],[-68.75069873354512,-55.35391667940925],[-68.75079844833827,-55.354908960477026]],[[-68.29130074550571,-55.49660332243286],[-68.28898996687956,-55.497237131170714],[-68.2908786271537,-55.495710312022396],[-68.29130074550571,-55.49660332243286]],[[-68.08334503231448,-55.536108248952786],[-68.08102692702886,-55.5370952696832],[-68.0818676441336,-55.53573257888537],[-68.08334503231448,-55.536108248952786]],[[-68.07260271224564,-55.54011871499903],[-68.07779143522565,-55.539392072611804],[-68.07308645502616,-55.54126485908358],[-68.07260271224564,-55.54011871499903]],[[-68.23548706044728,-55.57776861632483],[-68.2377084872454,-55.57774402276212],[-68.23754271124454,-55.57832592595954],[-68.23548706044728,-55.57776861632483]],[[-68.2430624553219,-55.58110674114336],[-68.24504609447105,-55.58132736755729],[-68.24491989824162,-55.58205925111625],[-68.2430624553219,-55.58110674114336]],[[-68.10957925131054,-55.64626059708521],[-68.10902948056003,-55.64757654657338],[-68.10775576920012,-55.64714549430125],[-68.10957925131054,-55.64626059708521]],[[-68.0307381468691,-55.65202472270737],[-68.03388855923176,-55.65350665293659],[-68.02793528729998,-55.65437936021359],[-68.0307381468691,-55.65202472270737]],[[-68.02545744089558,-55.65491136210316],[-68.0267535122212,-55.65565895185313],[-68.02406386373409,-55.65604415562699],[-68.02545744089558,-55.65491136210316]],[[-68.12100713326485,-55.6652240120389],[-68.11730893453013,-55.662770783442106],[-68.12118584410747,-55.66195640900675],[-68.12100713326485,-55.6652240120389]],[[-68.11252093382872,-55.666047984110044],[-68.1109164798492,-55.66658625335922],[-68.11019228501661,-55.66483912812011],[-68.11252093382872,-55.666047984110044]],[[-68.1117112912463,-55.66748411076983],[-68.11253751493223,-55.66820419582506],[-68.11138922006411,-55.66840892124535],[-68.1117112912463,-55.66748411076983]],[[-68.07661185113787,-55.47107199804614],[-68.0714347793071,-55.470080267144574],[-68.0801306374457,-55.4691136225031],[-68.07661185113787,-55.47107199804614]],[[-68.23390438791847,-55.39234512678842],[-68.23896548095784,-55.39211252472957],[-68.23883999709244,-55.39416072438619],[-68.23390438791847,-55.39234512678842]],[[-68.47342702326286,-55.366247540482945],[-68.4759719118352,-55.365646453231896],[-68.47788112915632,-55.36628144020637],[-68.47342702326286,-55.366247540482945]],[[-68.7051867062811,-55.141771832941224],[-68.70532006747322,-55.14425395004824],[-68.70187572724792,-55.14277083888379],[-68.7051867062811,-55.141771832941224]],[[-68.7000972588181,-55.14515367585739],[-68.69902847922566,-55.14526543945058],[-68.70107644942725,-55.1448700118102],[-68.7000972588181,-55.14515367585739]]],[[[-70.1417297425493,-54.91033906112093],[-70.06754178371882,-54.93036491316028],[-70.15940151670117,-54.95715781508989],[-70.17919615180323,-54.9537862261387],[-70.15349855312026,-54.94323997612971],[-70.20026725699141,-54.942909437212656],[-70.1417297425493,-54.91033906112093]]],[[[-70.44336808153845,-54.94708755051586],[-70.52347696217068,-54.9579267955931],[-70.53405459230184,-54.97040890151409],[-70.49787321767195,-54.99502077463956],[-70.6340421705838,-55.00143863048401],[-70.50896448651626,-55.001553057609996],[-70.5199575461438,-55.015495387683714],[-70.50636898775912,-55.021137460467024],[-70.54672803870324,-55.010774410035395],[-70.5886923628904,-55.02755519162977],[-70.58780030347393,-55.000361194735625],[-70.60585471502107,-55.01897266095736],[-70.66314249952812,-55.01940098992892],[-70.71388084247015,-54.99308360705669],[-70.7562624817175,-55.0109850370594],[-70.73390409971033,-55.0203345481658],[-70.74482553486366,-55.034018518538126],[-70.70913873939155,-55.00836716996848],[-70.6544522828095,-55.041146487593416],[-70.60795792083286,-55.03387977243594],[-70.59999836052866,-55.050102684674364],[-70.54541636094618,-55.026284135197436],[-70.48371898745789,-55.04002980427032],[-70.53839354046409,-55.05022458296472],[-70.48890299697759,-55.056176450736125],[-70.51549327491459,-55.06710306867918],[-70.4330697196628,-55.04418398307368],[-70.43363709918951,-55.06067931916524],[-70.40791691775861,-55.042199081559616],[-70.30059274465232,-55.04009869574845],[-70.32426454445326,-55.04579160038431],[-70.30080181046671,-55.07365069130686],[-70.40076422783586,-55.083434598711186],[-70.32320867365146,-55.083968143671136],[-70.31704855654067,-55.09552538190881],[-70.34644962886571,-55.10194878119153],[-70.27780205649951,-55.10371906771178],[-70.29725119145846,-55.12990186104147],[-70.33371963441549,-55.110536032604244],[-70.32658470777918,-55.131181006363214],[-70.35995594738446,-55.132175385810015],[-70.39447218144753,-55.09378939210994],[-70.4558407517789,-55.08872655134515],[-70.40154165503559,-55.10940668659218],[-70.41197125268937,-55.117472034638915],[-70.47375389246783,-55.098399618542814],[-70.44846789735645,-55.11741539857718],[-70.47699962237034,-55.123890847792275],[-70.45797865501851,-55.13182926820833],[-70.46755765499779,-55.141083529273835],[-70.36672844153287,-55.15681350441457],[-70.41191328799738,-55.15458546578411],[-70.37652870465145,-55.17140704444906],[-70.39859564982426,-55.181943551419806],[-70.47079775336177,-55.17610120845674],[-70.488161364947,-55.193140785867286],[-70.4777049777348,-55.211963272584924],[-70.50891346490306,-55.207244154512594],[-70.49080501699663,-55.1810181037656],[-70.5053818937721,-55.156353663860195],[-70.57496607480634,-55.15615582378543],[-70.57558283472423,-55.17803918211529],[-70.5170814541161,-55.192423549375846],[-70.54785448474702,-55.20786232915526],[-70.59615327916018,-55.18220786803123],[-70.58016013108418,-55.125128437738006],[-70.53797566575349,-55.12928243890227],[-70.57312508992095,-55.11943263103854],[-70.53781485923278,-55.10016471805571],[-70.5561742676835,-55.088760643147815],[-70.59789075117538,-55.10404998634066],[-70.59468569339565,-55.06075413374132],[-70.66424545911879,-55.054534609131444],[-70.60754049977146,-55.0696749242253],[-70.60766184420004,-55.08993218777636],[-70.67937809571278,-55.07583619410785],[-70.67248702035363,-55.11817794425],[-70.72052062850162,-55.10127379756428],[-70.71786922758433,-55.13183923944954],[-70.77687111982438,-55.11356929218285],[-70.72552296902646,-55.073120585761316],[-70.76117161215015,-55.05149754409006],[-70.83377133338861,-55.07445186271805],[-70.83332266353176,-55.09755424846327],[-70.88427120057214,-55.052798138042405],[-70.90066807758798,-55.08447174877623],[-70.93789276996188,-55.09312506843393],[-70.99406187256415,-55.070387864864635],[-70.97366736317662,-55.045093663317765],[-71.03441903075797,-55.05668460785664],[-70.97879826609334,-55.034729494551414],[-71.03540947635932,-55.023424799586195],[-70.97282509827464,-54.992510150224156],[-71.02255168128858,-54.981229025586856],[-71.01599766999368,-54.96029939719846],[-70.93933587214332,-54.95014188395966],[-70.93668459519355,-54.96634812883571],[-70.86903521999128,-54.924780614496406],[-70.85455829157097,-54.933328508006014],[-70.89283731144103,-54.973365708108794],[-70.87076324891622,-54.984568261523805],[-70.85692684893789,-54.95994954693036],[-70.80157264855403,-54.97687799918148],[-70.81840265457228,-54.961572187460625],[-70.79307648949634,-54.927163108262576],[-70.71929227577537,-54.96291452524658],[-70.76514406923604,-54.975469106336895],[-70.69284528451607,-54.97351515340958],[-70.68304522082349,-54.959265238314934],[-70.65648912288472,-54.9883145243057],[-70.63356286637911,-54.970502524789424],[-70.57573155171784,-54.981337497650806],[-70.56760871901749,-54.96399468739445],[-70.60169453699027,-54.96594067664288],[-70.61522135147055,-54.94062243902378],[-70.51293941756244,-54.901359112490596],[-70.37912464987129,-54.89014918414137],[-70.31223827672189,-54.90393068595101],[-70.44336808153845,-54.94708755051586]]],[[[-67.97998473648482,-54.892999446501285],[-67.77269964889085,-54.91542553965491],[-67.71101393733156,-54.94057230299494],[-67.52889248712076,-54.9230406834273],[-67.47513784310146,-54.93766294500898],[-67.45230594832826,-54.92209763381577],[-67.31767573673459,-54.92541910822467],[-67.21758516840192,-54.94904363417053],[-67.1632418260376,-54.97599273697712],[-67.07467221769912,-55.082148662288155],[-67.05200126778716,-55.082808947881354],[-67.04522458928616,-55.15751221292465],[-67.08430337655872,-55.18846063520656],[-67.0860772995132,-55.21050021776208],[-67.14275769892069,-55.22931077658118],[-67.22251691392185,-55.29582680148044],[-67.22048820359996,-55.32014682801276],[-67.26019565077296,-55.33039432872717],[-67.43588452125405,-55.317014836379116],[-67.46858520533065,-55.269632252761596],[-67.40952149821929,-55.19643165997474],[-67.50607306904853,-55.17615558108187],[-67.5952198593301,-55.196553454417526],[-67.62453579472239,-55.23799424241748],[-67.61281099351554,-55.27760436913406],[-67.74759192624423,-55.24962849936492],[-67.819272374503,-55.259896603139666],[-67.81750768712794,-55.280677763739966],[-67.83444567154167,-55.27986605712918],[-67.8240709250191,-55.2610623739921],[-67.88585633699853,-55.24014116554519],[-67.85607579563622,-55.23267086935919],[-67.88166231314275,-55.220274522586585],[-67.78978263845941,-55.24668118470357],[-67.73590091426847,-55.24373167370889],[-67.73599039455561,-55.22821501851526],[-67.87362618852858,-55.199538421884185],[-67.86098963952917,-55.19099974638068],[-67.88518325450895,-55.19366038517655],[-67.88082792466919,-55.17936278118293],[-68.02556820676338,-55.23761298832043],[-68.11532085141528,-55.22378360167687],[-68.13443562354402,-55.18849198188355],[-68.11712126029761,-55.17251844549116],[-68.05157651473684,-55.17629198631913],[-68.12398421749006,-55.170881362486305],[-68.15542051831271,-55.14453242240851],[-68.17127048840713,-55.10016250851898],[-68.14519944478918,-55.05111554910611],[-68.17358539299539,-54.99189097154468],[-68.19632187590565,-54.998604912389446],[-68.1824104962455,-54.98583363427235],[-68.21057749447425,-54.97175710409068],[-68.19940927953596,-54.998492310191686],[-68.30565734189877,-55.00128933857775],[-68.37847501059484,-54.947047526569],[-68.32840204888547,-54.920513526711815],[-68.20676496356006,-54.917010304520645],[-68.22578889445401,-54.90136950535944],[-67.97998473648482,-54.892999446501285]],[[-68.2106018882258,-54.9040283599709],[-68.21279507648295,-54.903352765939786],[-68.2133126534103,-54.903980785538046],[-68.2106018882258,-54.9040283599709]],[[-68.20873181139991,-54.9126286640132],[-68.20296258271028,-54.913542579333765],[-68.20127116642139,-54.91288847623675],[-68.20873181139991,-54.9126286640132]],[[-67.05745884934515,-55.08845817300879],[-67.05671213554501,-55.086986390775174],[-67.05994369003234,-55.08683131510703],[-67.05745884934515,-55.08845817300879]],[[-67.53221585302337,-55.17564049505222],[-67.53033295903505,-55.17772004577781],[-67.52835202201827,-55.17711003859707],[-67.53221585302337,-55.17564049505222]],[[-67.53472011259205,-55.17762427565197],[-67.53866506865386,-55.17666769798939],[-67.53992758431033,-55.17959129506238],[-67.53472011259205,-55.17762427565197]],[[-67.4564587458007,-55.248603806449644],[-67.45362234673212,-55.245750930608686],[-67.45706306764517,-55.246777055098406],[-67.4564587458007,-55.248603806449644]],[[-67.45647607070927,-55.27133474411842],[-67.45527377451616,-55.2695963204001],[-67.45713118509651,-55.26669057752318],[-67.45647607070927,-55.27133474411842]],[[-67.20722701825424,-55.284894089750196],[-67.20192935208817,-55.28162699683344],[-67.20641826500395,-55.28321612911934],[-67.20722701825424,-55.284894089750196]],[[-67.2246112434803,-55.29696916373988],[-67.23131639901668,-55.299091758150425],[-67.22908839565237,-55.3060608785181],[-67.2246112434803,-55.29696916373988]],[[-67.64083016138788,-54.93940887207727],[-67.63789540577885,-54.939181285010804],[-67.6377497071246,-54.93858483898849],[-67.64083016138788,-54.93940887207727]],[[-67.64191066848635,-54.93306052247116],[-67.64124890926094,-54.930180367161356],[-67.64649310500636,-54.93127941565525],[-67.64191066848635,-54.93306052247116]]],[[[-70.03142269377916,-54.88534641686799],[-69.99247793245205,-54.89319695774382],[-70.10158671307481,-54.89267566496102],[-70.03142269377916,-54.88534641686799]]],[[[-69.67376263608148,-54.87871639814311],[-69.64562942349055,-54.88592952891632],[-69.64991633494334,-54.90464493269545],[-69.59960906835335,-54.88288664842397],[-69.47922937828733,-54.91432471238584],[-69.50049214622791,-54.919054267982396],[-69.47664957399651,-54.93190149767035],[-69.49375986156996,-54.95854253696963],[-69.53923178264978,-54.96864816836262],[-69.48077239648455,-54.96150035688667],[-69.45098013031117,-54.91273546447333],[-69.28914610761109,-54.9436110103085],[-69.22088029498613,-54.93899311251482],[-69.13021069770289,-54.969434955394],[-69.2782098179162,-54.991897109441545],[-69.34493511684697,-54.97168689787133],[-69.2851265428717,-54.99393810701882],[-69.43193919161395,-55.0249159346739],[-69.44580764348161,-54.99904536722883],[-69.47391014087634,-54.993108413002666],[-69.45587870913248,-55.01129451530209],[-69.49328960699343,-55.01592249245335],[-69.48023348726414,-55.02860149245168],[-69.4936991686944,-55.036647804990565],[-69.61099201028894,-55.032192938154296],[-69.60181259352447,-55.04125669137236],[-69.6684878212596,-55.05865948369895],[-69.79019924217475,-55.06525804389524],[-69.81238585282487,-55.03247547613503],[-69.80854466205986,-55.059134906100006],[-69.83647683258852,-55.052240431986],[-69.8345072772264,-55.06897938218297],[-69.93002289380198,-55.068765738584645],[-69.88834423746842,-55.02737428522899],[-69.93365190070024,-55.024368938816046],[-69.91170125681401,-54.99161844643146],[-69.95809065783624,-54.988888275081585],[-69.94488163586244,-54.96753012910109],[-69.80630026264498,-54.967126287791004],[-69.89592400803677,-54.93354840106615],[-69.92794258335185,-54.94167476725079],[-69.93744295289599,-54.918362912019234],[-69.79703992743637,-54.88482309818162],[-69.7798205466582,-54.927798741709815],[-69.75094994837305,-54.941814993968954],[-69.76410800622584,-54.94812231172609],[-69.74039735249222,-54.954810977461435],[-69.75364866355635,-54.99145851389162],[-69.73844227168429,-54.962155205600446],[-69.68420084857884,-54.96300436920535],[-69.70877515969458,-54.96746025892913],[-69.67704515558813,-54.97750956903332],[-69.66327720992939,-54.96616531049881],[-69.73078272802375,-54.9349240058659],[-69.65684108365093,-54.94299834243844],[-69.75770366324043,-54.889306712405606],[-69.67376263608148,-54.87871639814311]],[[-69.5738264845529,-54.90520708598316],[-69.57199164863563,-54.9073690222795],[-69.56815699491095,-54.9052918100857],[-69.5738264845529,-54.90520708598316]],[[-69.51167081486115,-54.922901197091065],[-69.52073670882822,-54.923269072183636],[-69.52463194403737,-54.92975410548184],[-69.51167081486115,-54.922901197091065]],[[-69.63676100976566,-54.94406434774902],[-69.64887614513314,-54.943170902182786],[-69.63921582785773,-54.94488726241996],[-69.63676100976566,-54.94406434774902]],[[-69.8746621150553,-54.964700847914045],[-69.85820622321688,-54.96200440598435],[-69.86607327770805,-54.96067095523666],[-69.8746621150553,-54.964700847914045]]],[[[-71.32219994469956,-54.813296467109716],[-71.21298891154296,-54.846611017388355],[-71.17572246727127,-54.843418007453934],[-71.20163972200753,-54.817079878187506],[-71.13980121330663,-54.8272373855686],[-71.14444545032494,-54.8668825369767],[-71.12094109200139,-54.841509563580644],[-71.09568700594721,-54.85898055766546],[-71.10260369676669,-54.877761177562945],[-70.98746620908449,-54.85906602224362],[-71.0090390565965,-54.8869955319115],[-70.99930224597804,-54.89909531892258],[-70.96920223585292,-54.87732073648296],[-70.93570479283169,-54.91092312459228],[-71.00712466857263,-54.909983833934575],[-71.00758578638437,-54.92308320044896],[-70.91350313719718,-54.922367149764796],[-70.949490992257,-54.93713655431398],[-71.0402761973274,-54.92286913998625],[-71.03440642649622,-54.94675848579],[-71.07599209641809,-54.939790444795975],[-71.0849579998092,-54.955078810827615],[-71.11775113130834,-54.94514190131839],[-71.1306182778412,-54.9282943890467],[-71.11566001861691,-54.92122667336033],[-71.14646949659387,-54.93501081847048],[-71.18192357450847,-54.92455910212438],[-71.08855423257265,-54.900466985159255],[-71.15303799501935,-54.889117299061496],[-71.22990639460527,-54.903477447673],[-71.2129918526272,-54.86551506063334],[-71.18991677582173,-54.85905463914517],[-71.24240471264541,-54.857771775164764],[-71.27206783521693,-54.88293882519337],[-71.30304128717425,-54.84634618818073],[-71.293154639363,-54.883701872108716],[-71.339913746532,-54.88322626387705],[-71.30732920923174,-54.90691276998798],[-71.34441607578654,-54.92125251802851],[-71.32535728846295,-54.93156490990365],[-71.33982523552706,-54.9485236855754],[-71.38131201710583,-54.93666504859762],[-71.34744845760571,-54.8909869424119],[-71.37287740881477,-54.89404958531086],[-71.37797492494565,-54.87238819706708],[-71.39284069901817,-54.92541010242587],[-71.44488463452952,-54.93482706172869],[-71.4227745971725,-54.896767223717376],[-71.48059432626158,-54.86540683729202],[-71.40017877606272,-54.8490953946505],[-71.43759367591825,-54.83921365826151],[-71.43115643483053,-54.820380936615926],[-71.3959280801906,-54.8293825612951],[-71.36834256054695,-54.81397690603846],[-71.29131174555765,-54.83516320098567],[-71.32219994469956,-54.813296467109716]]],[[[-71.87067425198312,-54.70348802730158],[-71.7772365213047,-54.74498062806057],[-71.77518044021443,-54.768306128994595],[-71.85264604788608,-54.7500206476822],[-71.87067425198312,-54.70348802730158]]],[[[-71.142840436695,-54.71377466448606],[-71.12128576299948,-54.72096840945662],[-71.16234644399458,-54.74312816937561],[-71.18891120708257,-54.72205215248007],[-71.142840436695,-54.71377466448606]]],[[[-71.23265549539454,-54.71344313472243],[-71.20122248150751,-54.71321223417301],[-71.20324961169284,-54.730416761357255],[-71.30013000634023,-54.732042221323496],[-71.29810409247382,-54.71734311371471],[-71.23265549539454,-54.71344313472243]]],[[[-71.60346944096545,-54.694734945882885],[-71.55739279559592,-54.698874132721585],[-71.51718959337042,-54.73634423392072],[-71.5625817350699,-54.737918999241046],[-71.54873851238698,-54.75210440463288],[-71.56213452407705,-54.76539964187772],[-71.63318724578495,-54.783138934673],[-71.60022721898412,-54.75479992852143],[-71.63386519804166,-54.751547552599355],[-71.64238522623477,-54.71473297092314],[-71.616786294011,-54.71528858355527],[-71.60346944096545,-54.694734945882885]]],[[[-71.77738945049869,-54.68055933334681],[-71.73277885207955,-54.696808082519425],[-71.77896460682351,-54.721854080971426],[-71.8003334110019,-54.68942250659983],[-71.77738945049869,-54.68055933334681]]],[[[-71.5774361247928,-54.66245213091033],[-71.52756962108853,-54.67518647942192],[-71.55433347689464,-54.693570716181995],[-71.61128573345655,-54.672147160484855],[-71.5774361247928,-54.66245213091033]]],[[[-71.76013633977824,-54.64183315508634],[-71.7218090731909,-54.64432998525044],[-71.68339434932246,-54.685144663314375],[-71.7334332729674,-54.700723775948305],[-71.73903124862792,-54.67652715516591],[-71.76646121509866,-54.68340208667769],[-71.77802655635942,-54.65526328701863],[-71.76013633977824,-54.64183315508634]]],[[[-72.07251419339757,-54.59029972821468],[-72.0039421477872,-54.61660572820817],[-71.97277362666593,-54.63782181766375],[-71.97683762387591,-54.654240132585045],[-71.9673621358685,-54.64123782153478],[-71.93339421998017,-54.66343947947651],[-71.94178289561408,-54.69756874562756],[-71.92258846897082,-54.67699813741463],[-71.89259996941686,-54.699166396295695],[-71.94280967717037,-54.7334872724227],[-71.9871462049862,-54.734872527467104],[-71.97617109729129,-54.71522561518423],[-71.95042653648186,-54.71592634367023],[-72.00218440528761,-54.70335475744919],[-71.96556284269377,-54.681911203450525],[-72.01688811699465,-54.67725311943736],[-72.04308513765312,-54.616144007468456],[-72.0571179237256,-54.66832782648787],[-72.07383288070879,-54.645318742083475],[-72.1051615283261,-54.651622028283754],[-72.06095421597735,-54.60470157188436],[-72.0908983513327,-54.602656329562954],[-72.08673341582413,-54.584275261267365],[-72.07251419339757,-54.59029972821468]]],[[[-72.03805253198803,-54.522469842817266],[-72.0037517723206,-54.55941599482307],[-71.93933822219653,-54.58243369084971],[-71.98502404651856,-54.588267708928505],[-71.99687403784172,-54.57419402821835],[-72.01461451065497,-54.58916828990557],[-72.01456969280713,-54.5752268950239],[-72.05254880832294,-54.56871272926623],[-72.06250107267579,-54.545332796971614],[-72.04664077824381,-54.53945108252963],[-72.06061037861583,-54.53179860450253],[-72.03805253198803,-54.522469842817266]],[[-72.02073080075967,-54.55185636731245],[-72.01143308665205,-54.54512008921213],[-72.01948948534387,-54.54430164891497],[-72.02073080075967,-54.55185636731245]]],[[[-72.38263637554185,-54.43016892244078],[-72.36969092196738,-54.46590064895287],[-72.43288184882009,-54.44748817952476],[-72.42289381714588,-54.42554167106356],[-72.38263637554185,-54.43016892244078]]],[[[-72.31059907153647,-54.39249710376775],[-72.28674158367811,-54.39996540432946],[-72.29292384515895,-54.41521210367747],[-72.25160619478864,-54.410554221474335],[-72.28294579197092,-54.43525871679602],[-72.24302595701361,-54.42971066699489],[-72.21945193703472,-54.45793935937835],[-72.25514118490757,-54.471304590320486],[-72.30737842888489,-54.432246719361515],[-72.28502749391143,-54.47315986304813],[-72.32920467676551,-54.464588600826296],[-72.36522901510396,-54.417328668324245],[-72.34500548296278,-54.393677921163025],[-72.31059907153647,-54.39249710376775]],[[-72.33098380994865,-54.40732975874694],[-72.34560388940108,-54.40904882329388],[-72.32447394276514,-54.41759707853101],[-72.33098380994865,-54.40732975874694]]],[[[-71.6616599469931,-54.38790316554915],[-71.60640063475438,-54.42380565360959],[-71.64835206093072,-54.42605527812291],[-71.59999690980989,-54.453343043437165],[-71.66641687407052,-54.4300364684922],[-71.64912643835002,-54.428675150387974],[-71.67331304647061,-54.39594466578157],[-71.6616599469931,-54.38790316554915]]],[[[-71.92448768355122,-54.37771288334918],[-71.89763606144355,-54.38579788139605],[-71.97696167942,-54.38901184053378],[-71.92448768355122,-54.37771288334918]]],[[[-72.08803179222677,-54.41078068379394],[-72.0570816237033,-54.45282243185337],[-72.12015081895353,-54.43578125653651],[-72.09884938033662,-54.41335197593888],[-72.13963725016644,-54.41515859847498],[-72.14231246003202,-54.44113137649906],[-72.16458495411489,-54.440064995652804],[-72.18068246127405,-54.410068838618386],[-72.15244146612041,-54.40026670369334],[-72.21009303597818,-54.41212542838735],[-72.2106884752811,-54.390318713858626],[-72.23384833238813,-54.381775588993875],[-72.17525707264087,-54.37128363124166],[-72.08803179222677,-54.41078068379394]]],[[[-71.95898791861907,-54.36106477313284],[-71.94328471707239,-54.37125132607498],[-71.99647367309264,-54.38295270290474],[-71.9863078935698,-54.36251420054116],[-71.95898791861907,-54.36106477313284]]],[[[-71.55907272333064,-54.37135266491248],[-71.53653384552838,-54.38865110893177],[-71.61913853617574,-54.37599131504004],[-71.55907272333064,-54.37135266491248]]],[[[-72.67560422301938,-54.310748947418645],[-72.6491925741783,-54.33034723513539],[-72.7013397449804,-54.322764528941086],[-72.67560422301938,-54.310748947418645]]],[[[-72.31666337074579,-54.28540283500754],[-72.26442526438578,-54.2971429310653],[-72.25642050804302,-54.310527128074945],[-72.2750483304057,-54.31266067890978],[-72.25255692587125,-54.329651255424345],[-72.27514155936251,-54.34242106860948],[-72.35093857334337,-54.30935359138635],[-72.31666337074579,-54.28540283500754]]],[[[-71.6942671092621,-54.2723554044817],[-71.65045915644765,-54.30583869953862],[-71.6724420911751,-54.321828599712624],[-71.63673007999296,-54.31605527332582],[-71.6445939948722,-54.30158310609268],[-71.60110598333439,-54.32553987289424],[-71.75888227187868,-54.3068953276746],[-71.7570364872947,-54.28438418888036],[-71.6942671092621,-54.2723554044817]]],[[[-72.65186210309801,-54.234631450523665],[-72.65326388008143,-54.26445099645694],[-72.68347677789504,-54.25476009096298],[-72.71075674278131,-54.27156148776387],[-72.70813705868179,-54.24607096069238],[-72.65186210309801,-54.234631450523665]]],[[[-72.02860287324002,-54.24170033741923],[-71.98043400755631,-54.24832931014457],[-72.00850632964233,-54.27579343758575],[-71.99696778602478,-54.28799607974467],[-72.09135982397898,-54.264994060110254],[-72.06908509848095,-54.24359624134982],[-72.02860287324002,-54.24170033741923]]],[[[-72.96700682258965,-54.19615840647302],[-72.93338169213564,-54.22164178076643],[-73.01667217463721,-54.23586664419155],[-73.02342752892997,-54.22270106906998],[-72.96700682258965,-54.19615840647302]]],[[[-72.20415759919803,-54.21424699511064],[-72.1839062938432,-54.21741780914012],[-72.17578854291243,-54.27695448446569],[-72.1717197585803,-54.26407918855089],[-72.15291491061447,-54.277231832496106],[-72.18310827725719,-54.294923557334734],[-72.16342161605903,-54.30639901075796],[-72.2148378852066,-54.29345240866311],[-72.203708225062,-54.27335199724937],[-72.24586441322418,-54.27148412417124],[-72.21291173374406,-54.24048383900791],[-72.24464344914114,-54.23757977955493],[-72.20415759919803,-54.21424699511064]],[[-72.19603845318363,-54.268746914558285],[-72.19291935609178,-54.26892966234991],[-72.1955944985837,-54.26669136420018],[-72.19603845318363,-54.268746914558285]],[[-72.18965693728792,-54.28086697302837],[-72.1861284312087,-54.28096041269657],[-72.18566529757744,-54.278177709563316],[-72.18965693728792,-54.28086697302837]]],[[[-72.22435907859732,-54.182387988418306],[-72.19699188819527,-54.18794904895043],[-72.1980802636373,-54.20736445794909],[-72.2448612528683,-54.20490473647793],[-72.22435907859732,-54.182387988418306]]],[[[-73.06722892404284,-54.149816528973794],[-73.09911740983004,-54.18299711608725],[-73.10353845592444,-54.15904796227367],[-73.06722892404284,-54.149816528973794]]],[[[-73.18845917495247,-54.10753529140751],[-73.16457942145146,-54.112099580723175],[-73.16558291598064,-54.133884280101164],[-73.19715435037145,-54.13785764991963],[-73.18845917495247,-54.10753529140751]]],[[[-73.1228328920083,-54.1024433421873],[-73.09144838804494,-54.1187220901207],[-73.12135986694474,-54.13409188840771],[-73.12557618698587,-54.176841298432635],[-73.15867964239823,-54.14089390748143],[-73.1228328920083,-54.1024433421873]]],[[[-72.4875700499304,-54.12384350329653],[-72.48333993535977,-54.144707053950675],[-72.5269183847888,-54.161370104643],[-72.4875700499304,-54.12384350329653]]],[[[-72.65263388079289,-54.11016762608996],[-72.64448653576339,-54.136409918038154],[-72.61385553776205,-54.11310446020878],[-72.55204948609068,-54.13612317186436],[-72.58192521204217,-54.1606183013907],[-72.61951423773912,-54.16080537681589],[-72.68875132681559,-54.120683677845015],[-72.65263388079289,-54.11016762608996]]],[[[-73.0809454779825,-54.02240380139171],[-73.04322880527693,-54.02459176665241],[-73.12571572589223,-54.03786090671504],[-73.0809454779825,-54.02240380139171]]],[[[-73.39695917737434,-54.00896918866724],[-73.24279433905444,-54.04534579101286],[-73.23731074408244,-54.101508293954005],[-73.21012639767162,-54.06865644342736],[-73.19254286053852,-54.07153911724919],[-73.19618357517989,-54.105837868740345],[-73.22490812536614,-54.102234361207145],[-73.20284932701463,-54.109136520286334],[-73.21077359251133,-54.13552743809021],[-73.23676527087224,-54.116981373850486],[-73.26984284851619,-54.14928860403787],[-73.34577027721505,-54.13605392173003],[-73.345164691441,-54.11948362322843],[-73.309216762004,-54.115089970893976],[-73.34847716796574,-54.10417622077635],[-73.34575151949359,-54.07939916808871],[-73.41928363899639,-54.09599386273983],[-73.41709374845463,-54.083486487011726],[-73.49265227050736,-54.078640229403845],[-73.45547834193016,-54.06976444366579],[-73.44298140010902,-54.04788420327545],[-73.41525398617634,-54.051641370487516],[-73.4359653547208,-54.03633924047958],[-73.39695917737434,-54.00896918866724]]],[[[-70.31406901542316,-54.043372515150956],[-70.27973608079719,-54.082829613106604],[-70.30902675286876,-54.115257790137875],[-70.30706853065227,-54.14615179081388],[-70.33953462687896,-54.157437264334554],[-70.42166362275246,-54.14021816238774],[-70.50832291243529,-54.08650426924783],[-70.49323530658988,-54.08898580055597],[-70.50909794652307,-54.06960922485641],[-70.48578006318114,-54.06073686659837],[-70.41357599323146,-54.08216103578481],[-70.31406901542316,-54.043372515150956]]],[[[-71.24158478255633,-54.01437904730275],[-71.2165555987167,-54.02392069103542],[-71.20634271603194,-54.069454505717964],[-71.17403485983918,-54.08111366164511],[-71.232315624095,-54.09356849912585],[-71.24158478255633,-54.01437904730275]]],[[[-73.22445365239255,-53.918425851308264],[-73.1932529248717,-53.92064806622848],[-73.20178857925917,-53.93205005095572],[-73.17758360598091,-53.93070997053662],[-73.17670883284545,-53.94795015277644],[-73.23196177153721,-53.965805662790345],[-73.21560054596009,-53.93926498795589],[-73.25043006478354,-53.955571544646624],[-73.22682480948389,-53.93463738047069],[-73.28150436430958,-53.94371921954909],[-73.26260037916734,-53.92155260447021],[-73.22445365239255,-53.918425851308264]]],[[[-71.58940918171665,-53.935426806684546],[-71.56007602741697,-53.9429886482684],[-71.60106930062977,-53.95169950050297],[-71.53510026369233,-53.9436025429288],[-71.53562137459203,-53.974264447168444],[-71.52240510231556,-53.960438522210566],[-71.49473508803459,-53.98818688661338],[-71.50191799997842,-54.00940672426848],[-71.48447722311029,-53.98533460375053],[-71.50885303619265,-53.950030264646934],[-71.43967242509642,-53.94954423888501],[-71.43174046732595,-53.97909983620453],[-71.4814198842959,-54.00242467185878],[-71.41279977342792,-53.99723557141431],[-71.3975628612941,-54.03987222246946],[-71.4285441573405,-54.04961712789017],[-71.39549423972244,-54.056767830152296],[-71.4030719756067,-54.092592144558594],[-71.36268522511078,-54.03790860439391],[-71.39081634462708,-53.97082200014827],[-71.27233189679131,-54.00044342006688],[-71.27434831366855,-54.05466590065723],[-71.24112055747203,-54.091157395416374],[-71.29835971168117,-54.11020994036015],[-71.24359896712009,-54.10582200639674],[-71.23970346600964,-54.13004365403946],[-71.21082980357106,-54.118785641341674],[-71.22179366435861,-54.166509157837595],[-71.20468488954813,-54.16025936570706],[-71.2063667468641,-54.212014803005246],[-71.19196759008952,-54.202756494821514],[-71.2069368590659,-54.17879283341593],[-71.18773044620178,-54.178185696356614],[-71.19037282893191,-54.105399048707525],[-71.14551114420435,-54.08736469316645],[-71.15065179114698,-54.14018810217846],[-71.11989825665268,-54.16322224417596],[-71.11877355064559,-54.092821477954665],[-71.07889446147294,-54.058938109165446],[-71.05246391656985,-54.065497328425536],[-71.0560381100661,-54.0841056873776],[-71.00183928147818,-54.09042941454821],[-70.99214259411184,-54.12125837226121],[-71.01254653491156,-54.12393615687831],[-70.98857630668842,-54.140535085957374],[-71.01422241124438,-54.16621301756187],[-71.03343886008686,-54.15287558895636],[-71.01966700675663,-54.17214897468589],[-71.03891060268701,-54.20248404048933],[-71.0765863768943,-54.20412315572333],[-71.04168843249737,-54.22180401981866],[-70.97236682183413,-54.16436150206447],[-70.9736326909016,-54.242224567743484],[-71.03735127377915,-54.24298285087017],[-70.97005018978558,-54.27808765908693],[-71.00271527362749,-54.30847478650409],[-71.04915555073583,-54.2975589577298],[-71.01583829359092,-54.330694056923264],[-71.03636081739805,-54.34506933562321],[-71.14323393831532,-54.300914130436304],[-71.1201856950857,-54.332392750367106],[-71.05854734360652,-54.35424036758702],[-71.08804976476023,-54.393039776902754],[-71.14569842587312,-54.39923585763762],[-71.13719123460542,-54.367430950232354],[-71.15277046055806,-54.36877456858553],[-71.16796060729651,-54.33303344500821],[-71.17613185290244,-54.37901079781649],[-71.29706388290067,-54.33142199984242],[-71.29979414332348,-54.313730834758935],[-71.35804454182775,-54.31739219977242],[-71.35965622544866,-54.28810202485418],[-71.29920557792911,-54.28534212163294],[-71.3048029121925,-54.313233473591936],[-71.27917078632068,-54.27909366488586],[-71.20437196950375,-54.291596361302354],[-71.24063295013917,-54.275694143120504],[-71.234922029298,-54.252678746928986],[-71.17040499504982,-54.24426416649597],[-71.2134486468475,-54.23762544599317],[-71.2112879704171,-54.2101277196925],[-71.24670727454708,-54.207351772580246],[-71.2262556350024,-54.23800683206872],[-71.26398131242037,-54.25861261416293],[-71.33053180548504,-54.26604745437707],[-71.32127180085644,-54.2297078381459],[-71.33839181448944,-54.21619120673962],[-71.34497150592335,-54.255603257122566],[-71.37216195728483,-54.262575924842665],[-71.45359727679089,-54.208408585736535],[-71.44324800648978,-54.17324516903717],[-71.41293821908458,-54.17829320077242],[-71.42993975930466,-54.16364184279274],[-71.36540097684343,-54.14222079475896],[-71.4140521605796,-54.155126624764684],[-71.38441507028669,-54.12216387529509],[-71.3998737890406,-54.1148705709243],[-71.44015576632998,-54.15328469848351],[-71.53412716545743,-54.127024819362155],[-71.45580170207391,-54.15519821284489],[-71.47756704956818,-54.191957068263214],[-71.52064427230634,-54.18535835263118],[-71.49445424413406,-54.18610984775953],[-71.51116268383986,-54.19773103824841],[-71.48121661171679,-54.21201588989982],[-71.48231934493201,-54.257256418788444],[-71.46192681093977,-54.229652791500456],[-71.39512534924597,-54.26262514927639],[-71.39633366954138,-54.28788339268918],[-71.42884309420917,-54.28161813138246],[-71.38673555161624,-54.32887752985274],[-71.4446537980442,-54.34325498678205],[-71.51439443865151,-54.32321954372731],[-71.49863875842425,-54.311353967981255],[-71.5070036727206,-54.231061671824186],[-71.49242612131036,-54.22602623727052],[-71.51193295056844,-54.219291342483025],[-71.53068886640241,-54.28391502977284],[-71.5524300528088,-54.2703443538956],[-71.55262647573387,-54.245394822834896],[-71.58047020532618,-54.26276130344547],[-71.59923892125464,-54.221188991318265],[-71.58664374865718,-54.201978161177315],[-71.5223159975242,-54.18573982579029],[-71.60014516956102,-54.19421809640687],[-71.61327485322724,-54.22696472604012],[-71.59719809445617,-54.244981346272446],[-71.62123539179677,-54.24892467165286],[-71.6711033687381,-54.23167585596324],[-71.68982193531751,-54.159682964178145],[-71.70569472531511,-54.16593084700814],[-71.69345103025067,-54.14292240421382],[-71.56524336779826,-54.08509920269268],[-71.60474288822064,-54.09076512555442],[-71.63477198982882,-54.066972307791076],[-71.61078730411948,-54.068056440267654],[-71.65418398933222,-54.01493963128609],[-71.64830157740836,-53.97958554598941],[-71.58940918171665,-53.935426806684546]],[[-71.59483868373549,-53.95535139214052],[-71.59981650833792,-53.958153584698884],[-71.59792332594462,-53.95838650208077],[-71.59483868373549,-53.95535139214052]],[[-71.60564230304269,-53.95565744195645],[-71.61127401762863,-53.9581091909452],[-71.60969381995841,-53.96145284984419],[-71.60564230304269,-53.95565744195645]],[[-71.60574166210299,-54.19302077118741],[-71.6112102471249,-54.18760385232475],[-71.61564896128431,-54.187084147323006],[-71.60574166210299,-54.19302077118741]]],[[[-72.83853378971746,-53.890809666669895],[-72.8030499335495,-53.89639269562753],[-72.81815719453333,-53.93740375895209],[-72.8883913165571,-53.96113702180994],[-72.925601990721,-53.943205584704636],[-72.8612739386524,-53.931838654711804],[-72.89737769614679,-53.91585553253423],[-72.83853378971746,-53.890809666669895]]],[[[-72.05786274747038,-53.90416690167613],[-72.04736118308422,-53.913760472882984],[-72.07038043049309,-53.94158035523769],[-72.10440592928947,-53.924454665485364],[-72.05786274747038,-53.90416690167613]]],[[[-73.31922810046824,-53.86672148991765],[-73.26334292298795,-53.88904488339836],[-73.28758917115854,-53.900211970043344],[-73.27966842076958,-53.88100519365849],[-73.29305756214436,-53.9030854024468],[-73.31229907039001,-53.87465359581011],[-73.3440405073551,-53.87400177126931],[-73.31922810046824,-53.86672148991765]]],[[[-71.9197406487217,-53.8451503780149],[-71.8612238125991,-53.85838481294364],[-71.87835753901494,-53.88122020237085],[-71.827545914207,-53.90132365527602],[-71.81649123284588,-53.92694049907846],[-71.847768160859,-53.932358045622614],[-71.81926491154131,-53.94876001382393],[-71.85004402646166,-53.98131002038301],[-71.8168374678109,-53.980600809701414],[-71.80258997450403,-53.95267089826214],[-71.82052619201431,-53.93960964696515],[-71.7821915215124,-53.929475380227494],[-71.79057308877749,-53.88646913480328],[-71.74961616679097,-53.90252061111597],[-71.7571158552467,-53.926349737783134],[-71.7323712370278,-53.89634188681813],[-71.67605326022678,-53.91561334452015],[-71.68032926613199,-53.930792784830366],[-71.64955590042949,-53.925392878584425],[-71.66641022114753,-53.962741907183045],[-71.68570461860385,-53.946383077643],[-71.67938389350005,-53.965004922654316],[-71.70023610710126,-53.98604182230508],[-71.76141946638062,-53.982955571536586],[-71.74441665594273,-54.0001405556368],[-71.68982949374231,-54.000447874894185],[-71.69302430623621,-54.05594828361023],[-71.76742696511452,-54.04770607580579],[-71.70259064715648,-54.06177339619555],[-71.73564096182989,-54.100315111242075],[-71.662757089094,-54.059109642999964],[-71.61337870655893,-54.09234724006401],[-71.68905091669906,-54.11793872880105],[-71.74771602694581,-54.171382585903935],[-71.74887060193606,-54.155639638812836],[-71.80791237308651,-54.14351538802468],[-71.82848501749658,-54.10447051802211],[-71.8571361914938,-54.104628023981874],[-71.84762638963919,-54.07630508393054],[-71.86970360974222,-54.092584369433546],[-71.91806518830889,-54.05933685044904],[-71.9116976798434,-54.0121857861425],[-71.9171940641301,-54.03616579677259],[-71.95156067569775,-54.04372787392556],[-71.91042472217005,-54.07182134080153],[-71.92474463945173,-54.0947899550882],[-71.87902724294072,-54.10052147819845],[-71.91810232735767,-54.13089045764902],[-71.85746558394555,-54.12573420149191],[-71.87519942449704,-54.14980323721829],[-71.83523536008839,-54.1463972446903],[-71.81684108891982,-54.16222070689586],[-71.82928954147852,-54.16709182603669],[-71.76310708908406,-54.20665223242323],[-71.78355573005233,-54.21234310585156],[-71.75376537010396,-54.213464553618536],[-71.7285368572893,-54.23975659663119],[-71.75113618901523,-54.26997256347149],[-71.7912578942815,-54.27685699549988],[-71.79327339487716,-54.26175705959744],[-71.85102374887346,-54.25017611632842],[-71.80436869086888,-54.27257896855392],[-71.8969909147627,-54.28661097212411],[-71.8217560116894,-54.289443794030014],[-71.83200140799757,-54.31580213884557],[-71.85787073761342,-54.30722908560892],[-71.78829045077592,-54.33598381997424],[-71.88408945617925,-54.34508771660266],[-71.91721007300679,-54.336732232192034],[-71.90435909794567,-54.315966962539235],[-71.92730315187369,-54.33787006318538],[-71.97093141108859,-54.334763138585295],[-71.93081793439032,-54.28742906574612],[-71.9433882604853,-54.25277684151017],[-71.87429021444515,-54.238854111669106],[-71.89118207575892,-54.22332045137135],[-71.93416970053065,-54.240260184336194],[-71.95753351383472,-54.221661474755535],[-71.96496120142211,-54.23680794536885],[-72.00573495332895,-54.223428649827746],[-71.93197105590646,-54.21233543461093],[-72.02380129989297,-54.211748133688914],[-71.97245062932068,-54.21018237629786],[-71.99385409768927,-54.200488944504954],[-72.14424782461612,-54.20322227389944],[-72.1355415693764,-54.17683033610853],[-72.15203803542124,-54.16260636654464],[-72.00135638227616,-54.136876436297335],[-72.16611048301183,-54.1225331914602],[-72.12950557159012,-54.102737369939696],[-72.04992106543699,-54.10323559798022],[-72.08702203644006,-54.09481230198051],[-72.1322191808408,-54.03523368694117],[-72.12279258723602,-54.06252401418689],[-72.14919344281896,-54.08423702712324],[-72.17527310667039,-54.080075722837535],[-72.18791039139003,-54.10810429183927],[-72.25876451535156,-54.088561495131735],[-72.2189392172981,-54.10838916225194],[-72.21744656135064,-54.140246965923694],[-72.22808486818766,-54.155224192669195],[-72.25842750967777,-54.143153274687066],[-72.26776469126739,-54.17077336970777],[-72.24471455618577,-54.18045102164866],[-72.26141862289278,-54.200758848240135],[-72.33522995046397,-54.20507388267612],[-72.3021885479765,-54.234763795070705],[-72.31740064774387,-54.266099490909454],[-72.41977594266112,-54.24958990782196],[-72.33273249653188,-54.276735092401616],[-72.37129667760573,-54.288855123507865],[-72.36294979339543,-54.311206346991604],[-72.39996901950428,-54.314824024170974],[-72.36718964750037,-54.32938645090271],[-72.3897892082967,-54.33334754827919],[-72.2942726502867,-54.3363998605266],[-72.30201505365072,-54.35854231950563],[-72.32838121180583,-54.37443300812878],[-72.37291145143121,-54.34892793103446],[-72.3394204978396,-54.3766420092928],[-72.39723015322105,-54.38918761679527],[-72.38733320083519,-54.37760548515487],[-72.40289062467588,-54.361939672273536],[-72.43972183698905,-54.364706785970995],[-72.42673183236636,-54.383112193977276],[-72.44819904428915,-54.39348639686635],[-72.42094126689209,-54.39713288382139],[-72.45798834436802,-54.414103797388485],[-72.44998130810109,-54.44062741145018],[-72.50466648548213,-54.42375745383559],[-72.48201653638488,-54.401493822457375],[-72.53848818798159,-54.38635942988646],[-72.52888696637714,-54.36564815956728],[-72.5469740514478,-54.34818541654603],[-72.49436489865464,-54.36895676690158],[-72.50880406100208,-54.3460392445348],[-72.40764802516547,-54.347814507174164],[-72.42903277354183,-54.324510557181064],[-72.38500815336906,-54.309101276231985],[-72.39703789937721,-54.28463971436208],[-72.38273541659856,-54.271978241812995],[-72.40634692417257,-54.287610533580484],[-72.41734228977545,-54.25754923136832],[-72.4401357824686,-54.28186440201386],[-72.47899701305069,-54.27609175383886],[-72.45042523395492,-54.299161591779644],[-72.47190714501075,-54.33495615201962],[-72.50678717071271,-54.3208819577114],[-72.47613533269508,-54.31301230382219],[-72.4943751816697,-54.28411898547212],[-72.51082011316332,-54.286421903763646],[-72.49187831433748,-54.29770848555115],[-72.52934709604209,-54.30140276391948],[-72.60276804453687,-54.26462688035577],[-72.55855389151726,-54.2169811188322],[-72.5147945088136,-54.22408786010951],[-72.51436306774555,-54.17876242162383],[-72.3707907877602,-54.16828762517308],[-72.34349192501527,-54.14912151343427],[-72.43122527099455,-54.15872011595914],[-72.4242541880829,-54.127241217678154],[-72.33738484803213,-54.10366629548198],[-72.30343027212575,-54.1177450892569],[-72.29632195179153,-54.0983223062208],[-72.30739561006301,-54.113185769471315],[-72.34648003156904,-54.094220983739994],[-72.39364034970012,-54.11116777293395],[-72.42615527026081,-54.09303027561054],[-72.3745121253,-54.08740786480026],[-72.34038387989638,-54.05824394790946],[-72.27577108344228,-54.083334391674136],[-72.22062571261588,-54.065907499797184],[-72.2341175889198,-54.04420644874584],[-72.21769342378062,-54.03465919411735],[-72.24442172516608,-54.026297666277095],[-72.17674909347943,-53.97889653659398],[-72.25499197294224,-54.00545109899837],[-72.27778879119855,-53.98534487200541],[-72.28623508746978,-53.917703189384014],[-72.21959117051387,-53.91184524264795],[-72.18972229331808,-53.934201713400256],[-72.12673044750538,-53.937991640981004],[-72.1056738114815,-53.97305189270485],[-71.99872007754722,-54.022614000841905],[-72.11348830913863,-53.94057632469074],[-71.9706578929492,-53.982369230227164],[-72.06861075387496,-53.94730320054742],[-72.03493965213626,-53.91940239384049],[-72.03616160885767,-53.896050156447295],[-72.01207620403868,-53.899398152256786],[-72.0150093489684,-53.91384562613337],[-71.98433562709215,-53.88764735732474],[-71.94707878131929,-53.90865797747707],[-71.9869845747104,-53.86378838240159],[-71.9197406487217,-53.8451503780149]],[[-72.4115552573752,-54.09128817650203],[-72.41870221963967,-54.09521726020587],[-72.41508433298631,-54.09471594932698],[-72.4115552573752,-54.09128817650203]],[[-72.38854908225035,-54.125436832403906],[-72.3895188109046,-54.12704986197059],[-72.38650361475514,-54.12638023953198],[-72.38854908225035,-54.125436832403906]],[[-72.39160300746666,-54.12863152998993],[-72.39735419079886,-54.1320123873078],[-72.3898224217077,-54.1328154615921],[-72.39160300746666,-54.12863152998993]],[[-72.39896006231989,-54.13524781190288],[-72.39728477079032,-54.13798535824733],[-72.39412466291083,-54.1362373120764],[-72.39896006231989,-54.13524781190288]],[[-72.47221309682345,-54.31700166902939],[-72.47197862755115,-54.319869114256086],[-72.46820647141742,-54.319050470956576],[-72.47221309682345,-54.31700166902939]],[[-72.39892014657855,-54.27404438009434],[-72.39477861936967,-54.27304910179958],[-72.39789418159087,-54.271904942257294],[-72.39892014657855,-54.27404438009434]],[[-71.70893714851904,-54.036814970366876],[-71.7064825316496,-54.03736000445421],[-71.70320654109842,-54.03573947895413],[-71.70893714851904,-54.036814970366876]],[[-71.6738171720249,-54.105883607640926],[-71.67459261574446,-54.1083318916162],[-71.67310132433792,-54.10572105985458],[-71.6738171720249,-54.105883607640926]],[[-71.6766269468251,-54.10719848847662],[-71.6826986454574,-54.11431367167742],[-71.67970754032724,-54.11323180568242],[-71.6766269468251,-54.10719848847662]],[[-71.76529290666433,-53.91035658801956],[-71.76830477275902,-53.902967014934376],[-71.76943542920655,-53.90767401423249],[-71.76529290666433,-53.91035658801956]],[[-71.7838092768463,-53.89214812696023],[-71.78353206303785,-53.890210901403634],[-71.78625158949131,-53.893024735115084],[-71.7838092768463,-53.89214812696023]]],[[[-73.25785648125479,-53.80475438251483],[-73.07229453830305,-53.8278123610152],[-73.08487033783305,-53.84121461471852],[-73.06914750540247,-53.84552938897092],[-73.09718478870084,-53.851685762220804],[-73.06807973641473,-53.85474091739064],[-73.07057193789736,-53.8950017113001],[-73.21579861549709,-53.907856135085396],[-73.19011031617391,-53.89455653040369],[-73.23274741113525,-53.88422716742142],[-73.17238408884447,-53.88182479347555],[-73.20073605108855,-53.86655522348098],[-73.15780785346612,-53.872425811799936],[-73.19943998245786,-53.85705058788337],[-73.16691003308247,-53.83914748481923],[-73.2817013468851,-53.86817490844718],[-73.26798953964342,-53.851352404407564],[-73.30957371027708,-53.85958028874191],[-73.2788402791805,-53.83788012291958],[-73.1817003774172,-53.83007270230618],[-73.30662182918547,-53.82107938134486],[-73.25785648125479,-53.80475438251483]]],[[[-72.10619785627887,-53.820991627840364],[-72.04663592374801,-53.834336818633886],[-72.08042879392009,-53.875822563640895],[-72.05812364697498,-53.88614995134316],[-72.09818202011543,-53.87758573338797],[-72.06994601510316,-53.89562789653911],[-72.10247451729263,-53.92146911427976],[-72.21616949208824,-53.88003982510976],[-72.17513939693191,-53.85763403309463],[-72.19001625801165,-53.84820307806016],[-72.10619785627887,-53.820991627840364]],[[-72.09726045104185,-53.889720298160405],[-72.09219524282017,-53.88726615255543],[-72.09894813842399,-53.88628775195995],[-72.09726045104185,-53.889720298160405]]],[[[-73.0654225135161,-53.71117563164265],[-72.87362797018992,-53.74732319866513],[-72.908254278418,-53.76737879428388],[-72.97667069360033,-53.76502369718083],[-72.96311305971928,-53.775440576713926],[-73.01340190635439,-53.790567464337826],[-73.10510538547788,-53.78443339162594],[-73.11287864776855,-53.76847985585241],[-73.08323283393594,-53.7413360383565],[-73.01257055598312,-53.76102123581187],[-73.06574061683968,-53.73782003011306],[-73.06205232831918,-53.72206185136538],[-73.02590808105998,-53.72827452677135],[-73.09630303745223,-53.71881304838467],[-73.0654225135161,-53.71117563164265]]],[[[-73.4328379023985,-53.68237984841792],[-73.4357233979906,-53.70574290880418],[-73.47245686102444,-53.70604111340082],[-73.49150253743647,-53.727712685649784],[-73.52135844475616,-53.70740553509344],[-73.4328379023985,-53.68237984841792]]],[[[-72.13897390721121,-53.72378473103683],[-72.1113012815277,-53.7365621550509],[-72.17626689490291,-53.72876192861401],[-72.13897390721121,-53.72378473103683]]],[[[-73.21472542966819,-53.682556529057756],[-73.16999848055515,-53.68717360923688],[-73.23942920688098,-53.73033069802636],[-73.28712172741056,-53.72495396138682],[-73.21398029510631,-53.71560128155869],[-73.19736352488198,-53.69565181694069],[-73.28174681690984,-53.71010879869914],[-73.23577720400976,-53.685860907391714],[-73.25561464293679,-53.70732044211539],[-73.22359991510608,-53.702361266553034],[-73.23406714228882,-53.69326152733729],[-73.21472542966819,-53.682556529057756]]],[[[-73.64888543485318,-53.64182948165885],[-73.61757761737069,-53.65199018912007],[-73.6549881891432,-53.68438448779331],[-73.64888543485318,-53.64182948165885]]],[[[-73.50972904373415,-53.61181127611141],[-73.49704492714382,-53.620829935891926],[-73.53037685108237,-53.64343073523889],[-73.59037664404228,-53.657239949094155],[-73.5680516928384,-53.650326884469386],[-73.58855344220625,-53.640871811979615],[-73.55571142528768,-53.615920793425765],[-73.50972904373415,-53.61181127611141]]],[[[-73.72280524836798,-53.59276071814022],[-73.68096710244393,-53.616542753560694],[-73.72626500098863,-53.62659456636094],[-73.74288746293857,-53.61385563135621],[-73.72018085080815,-53.610808456956434],[-73.74295233926838,-53.598206508549325],[-73.72280524836798,-53.59276071814022]]],[[[-73.4075823691584,-53.591338089446054],[-73.30649125187242,-53.615218333495555],[-73.25134325706706,-53.66218897406483],[-73.31179508587122,-53.66195239669],[-73.28398029640411,-53.64635486310455],[-73.37590913588294,-53.60539358213808],[-73.35068210708512,-53.638202085392955],[-73.4044159434275,-53.61854153157874],[-73.43982018281014,-53.64648434794536],[-73.48515800787594,-53.637976408291635],[-73.42798155068374,-53.624432604606845],[-73.41839056178868,-53.611521183647994],[-73.46456596614394,-53.621914390987484],[-73.4075823691584,-53.591338089446054]]],[[[-72.41269553657604,-53.561479704319396],[-72.39688664104968,-53.56786430496506],[-72.41060052070472,-53.57859028688245],[-72.3851861536443,-53.570396281619054],[-72.29809181076766,-53.604286116837706],[-72.32320302336916,-53.62371304562096],[-72.26995987468278,-53.624528170448926],[-72.25018488932925,-53.65512015275889],[-72.28794448084413,-53.67431555239939],[-72.36723263278503,-53.652682653837914],[-72.42628544063705,-53.59022192382228],[-72.43019783007483,-53.564356056114484],[-72.41269553657604,-53.561479704319396]]],[[[-70.47811300152,-53.565875337557394],[-70.46352945924514,-53.578819087497756],[-70.48163115182062,-53.66915170786847],[-70.44602255289735,-53.783341960390516],[-70.41051748750553,-53.805147361257724],[-70.45387044183195,-53.799946251020124],[-70.4203778065941,-53.83637553731761],[-70.450556830735,-53.838644838898986],[-70.41563905602813,-53.87378144092756],[-70.45521088184776,-53.88031189182092],[-70.3613459645225,-53.96810086028992],[-70.37708108949943,-53.990037463115556],[-70.3522227975662,-53.98474428945758],[-70.33212710197813,-54.019171453971374],[-70.36984756377754,-54.047818022896934],[-70.43954756729633,-54.05258142712743],[-70.41295429617279,-54.064803201926715],[-70.44209182435306,-54.05962879366956],[-70.6690749359352,-53.914272586612434],[-70.6813881174835,-53.92776012537587],[-70.66204521998499,-53.97185678577758],[-70.56038937320237,-54.03945626720244],[-70.54515563571476,-54.10763423489522],[-70.5936389171378,-54.10728030016478],[-70.51309440569504,-54.13664685811276],[-70.53744167570756,-54.143932748091935],[-70.52056486566639,-54.16727431481245],[-70.53010798962814,-54.20585678311919],[-70.47997041030372,-54.22545314998622],[-70.50102188191306,-54.186586577621576],[-70.52346283167127,-54.18173539461895],[-70.51237766598098,-54.13802452600609],[-70.36846941787599,-54.182219292407375],[-70.35570747484269,-54.20117512196964],[-70.28319100137992,-54.19263867093195],[-70.2923381156251,-54.20570923895738],[-70.26311552597059,-54.21053656630591],[-70.29602189999275,-54.24396547867478],[-70.24407271069275,-54.217902540936244],[-70.21678077395866,-54.23679327716073],[-70.25250995374252,-54.28370141183214],[-70.33390273352828,-54.28103006383671],[-70.49848017158018,-54.225267682966745],[-70.45582497826084,-54.25479860821044],[-70.49219914213047,-54.25228697767625],[-70.67171634309496,-54.202252651277256],[-70.84134729420187,-54.122358458148994],[-70.84116887171845,-54.10797718919813],[-70.79129788721754,-54.0957209393214],[-70.8813179351767,-54.05971926134257],[-70.86970587613126,-53.986017382784254],[-70.9012535069637,-53.93383159927915],[-70.88747447429772,-53.92057932234485],[-70.84601126361369,-53.93516732125196],[-70.9077967878825,-53.88186256636194],[-70.85391166895809,-53.86792003915187],[-70.84986197472408,-53.85271433750959],[-70.87340293041228,-53.84748234067403],[-70.84644658450543,-53.84250465032784],[-70.85889346501239,-53.834653117788385],[-70.78341970349831,-53.82386642514761],[-70.61345267018572,-53.87036414094729],[-70.60058063232616,-53.82492524881122],[-70.71245554579595,-53.7758104358723],[-70.69849700727833,-53.72783087994471],[-70.7151390533998,-53.69762875683774],[-70.5967064428475,-53.64961965986101],[-70.54180200197693,-53.60123854555507],[-70.5354923009983,-53.56777298703044],[-70.47811300152,-53.565875337557394]],[[-70.83682555954054,-53.841124428679535],[-70.83834110366313,-53.839135398510635],[-70.83839290321735,-53.84114173096407],[-70.83682555954054,-53.841124428679535]],[[-70.88497902181207,-53.885294929519816],[-70.88511855443022,-53.886772217322445],[-70.88348167396389,-53.8864004686056],[-70.88497902181207,-53.885294929519816]],[[-70.5921431790706,-54.0296459008254],[-70.58836405021364,-54.03314631756281],[-70.58974030426322,-54.029137715671624],[-70.5921431790706,-54.0296459008254]],[[-70.57970377524174,-54.03782011443666],[-70.57598329559305,-54.03553677660382],[-70.58211208305998,-54.035295973855725],[-70.57970377524174,-54.03782011443666]],[[-70.8444875070928,-54.034965026599124],[-70.84605966663783,-54.03733707850674],[-70.8428314152558,-54.038227581214564],[-70.8444875070928,-54.034965026599124]],[[-70.29403572400123,-54.20119826013383],[-70.29226831652751,-54.19960549091071],[-70.29546424652561,-54.200063914169455],[-70.29403572400123,-54.20119826013383]],[[-70.3453056719621,-54.19769373103576],[-70.33759072560473,-54.19695046321229],[-70.342175188724,-54.196054459020516],[-70.3453056719621,-54.19769373103576]]],[[[-73.83938553999096,-53.46958802648278],[-73.79387368610178,-53.51030134896889],[-73.77137552174483,-53.50929155401472],[-73.80058559786741,-53.523075153641635],[-73.74919619822828,-53.5197185340496],[-73.6559072977312,-53.56680202511859],[-73.70408190903946,-53.59843402643948],[-73.78471914458585,-53.547169695993794],[-73.78234721584165,-53.599184725389975],[-73.85371363822992,-53.6067154658131],[-73.80919947485486,-53.56848840524533],[-73.83503038442434,-53.576472452115084],[-73.84758926688093,-53.55727864932393],[-73.89554563249092,-53.55268065957899],[-73.85881199248898,-53.537591356208104],[-73.8014825180679,-53.55350284611075],[-73.83535734962818,-53.53732314609971],[-73.79430766940206,-53.532183462014586],[-73.85649709778218,-53.49815430860677],[-73.82589740876344,-53.49695841331929],[-73.85505097276982,-53.48507741169136],[-73.8587351757524,-53.47084675106007],[-73.83938553999096,-53.46958802648278]]],[[[-73.28158662124353,-53.44080645134503],[-73.22521964673363,-53.47073748700578],[-73.26300105473352,-53.469992083206456],[-73.28158662124353,-53.44080645134503]]],[[[-73.3670784055859,-53.42693818171809],[-73.32122861087673,-53.442445170066904],[-73.33810853627533,-53.46138990595643],[-73.38291535729523,-53.45381270684406],[-73.3670784055859,-53.42693818171809]]],[[[-73.8243191855902,-53.40611668570832],[-73.81646159934215,-53.425352028862285],[-73.83295264405423,-53.41933045510218],[-73.83777544908303,-53.44979745632312],[-73.85995676506286,-53.42789190850794],[-73.90456324290979,-53.42457514814871],[-73.87989494465911,-53.40565196293186],[-73.8243191855902,-53.40611668570832]]],[[[-73.74366309260941,-53.409604066547836],[-73.69643892222791,-53.42324848760055],[-73.69968616758833,-53.44286380597725],[-73.74532416560463,-53.431232594395674],[-73.73232899027916,-53.42846850507711],[-73.74366309260941,-53.409604066547836]]],[[[-73.66154596797239,-53.39170669379268],[-73.62198507734473,-53.40243291609945],[-73.62627559283843,-53.42814629234218],[-73.6862897130288,-53.3967105828533],[-73.66154596797239,-53.39170669379268]]],[[[-73.58044248343735,-53.38244617519194],[-73.53404034520271,-53.406702240071084],[-73.54344116973525,-53.416540720309435],[-73.52001564217115,-53.40967558908284],[-73.49251902070633,-53.42950785739812],[-73.5001519948957,-53.415823688258655],[-73.4810103595467,-53.41594832568665],[-73.51449749978995,-53.40386455979268],[-73.47516557625347,-53.388860529637626],[-73.36992152584942,-53.41818637520753],[-73.43126892019463,-53.44652062452189],[-73.48148148818399,-53.49967399845782],[-73.51515181467659,-53.495857736862085],[-73.45913996935133,-53.508843166359284],[-73.46604463262747,-53.48710450833849],[-73.44212925733221,-53.47183394329489],[-73.35845966961108,-53.54492428226325],[-73.37986494628831,-53.54909315471872],[-73.34272200509683,-53.56749351791823],[-73.40444292612366,-53.55822408719458],[-73.32748787684206,-53.58093420638838],[-73.35891482350763,-53.58063209089202],[-73.34394572341452,-53.59548187723593],[-73.36175358065384,-53.5961075312606],[-73.41954207352386,-53.57331172162792],[-73.43578136358094,-53.60335884943324],[-73.4958949874604,-53.60876508032875],[-73.48224028252807,-53.57818611375737],[-73.52093534095228,-53.54607667240653],[-73.52866475018573,-53.57914311278163],[-73.54506399426232,-53.55574879088378],[-73.64083750457957,-53.53946002867323],[-73.6100409264101,-53.567888864901484],[-73.62562744219126,-53.56970608937756],[-73.65803584411881,-53.55413877759487],[-73.66384437410214,-53.521406714634445],[-73.72029586391061,-53.523751399284755],[-73.74853998340481,-53.50556547560705],[-73.72072506907189,-53.51052983309392],[-73.72991830641699,-53.49803332307585],[-73.799216453085,-53.479271654084016],[-73.76183402732698,-53.47384630319425],[-73.81740693963475,-53.437268040808696],[-73.79071668908809,-53.428880573280054],[-73.73179258286682,-53.45366678674363],[-73.70025168939901,-53.493896724884564],[-73.5989777281218,-53.51802178047184],[-73.62043366259454,-53.503509585550034],[-73.60042494099396,-53.502815666923766],[-73.45618520197272,-53.56094297150506],[-73.5407965888276,-53.51489238246324],[-73.52610351676678,-53.51036887928767],[-73.53659913250912,-53.497662816466416],[-73.57791392444022,-53.50002816507151],[-73.66269694071835,-53.46102547150022],[-73.51960402063322,-53.471016855592936],[-73.48233443405468,-53.4544173641888],[-73.56526734036078,-53.45118856013769],[-73.60041366264558,-53.43573261749113],[-73.58848527624588,-53.423879910777885],[-73.61502147560277,-53.425458714067304],[-73.57497747730352,-53.41387917575726],[-73.59265240544036,-53.3890223967099],[-73.58044248343735,-53.38244617519194]]],[[[-73.27076027455966,-53.38091627560305],[-73.23027110713821,-53.38790387543463],[-73.22866035686687,-53.4021799663789],[-73.24860134729167,-53.41248924527129],[-73.29752354107093,-53.390327196230594],[-73.27076027455966,-53.38091627560305]]],[[[-73.67045075717809,-53.36545542523704],[-73.63511018499288,-53.39124103844941],[-73.62223709790105,-53.365773331605325],[-73.58606265107863,-53.37923076137218],[-73.61497390082532,-53.401633645636046],[-73.7017631309157,-53.36745319721712],[-73.67045075717809,-53.36545542523704]]],[[[-73.04099932238735,-53.375622594940054],[-73.04172317586016,-53.39417409546099],[-73.00160273991337,-53.391261313927046],[-73.04639739864263,-53.43136316006091],[-73.02952927620855,-53.43425079347297],[-73.04186700961185,-53.455587014453855],[-73.00275711188436,-53.41404424641093],[-72.99481644045568,-53.45678861316139],[-73.01699527169542,-53.477643455889655],[-72.98684833627482,-53.47769596945371],[-73.00307845992276,-53.49430277009683],[-72.97543571939212,-53.45023309748845],[-72.99987722357626,-53.40785630431994],[-72.98717025654004,-53.39673241443516],[-72.92854554622657,-53.42089008729414],[-72.95121667939486,-53.44343889124277],[-72.9309531255111,-53.42974648689727],[-72.90378034580789,-53.441404839762995],[-72.92575485523626,-53.448229989371534],[-72.89751454010728,-53.46151519331657],[-72.93083072017217,-53.49001922446682],[-72.9141388274339,-53.50975430305097],[-72.93239626901504,-53.53692672491169],[-72.89886758168993,-53.49490870410319],[-72.87318622993716,-53.49198430593654],[-72.8506268400037,-53.51410168196967],[-72.9233970381269,-53.552342584146466],[-72.84962657491798,-53.53224576871103],[-72.89363407050648,-53.57095129936305],[-72.86215492273973,-53.56915771295147],[-72.889111315359,-53.62221361610911],[-72.8687245368728,-53.63376280741733],[-72.8965722927142,-53.62748196067315],[-72.92280796338775,-53.64762423541566],[-72.88036113879012,-53.63812901009419],[-72.8560234897343,-53.66537427511259],[-72.85941025333977,-53.61277053542585],[-72.81109963260592,-53.60944637354761],[-72.84374138989483,-53.596837208632316],[-72.83833794261248,-53.56952714001722],[-72.80350139896353,-53.558544789638745],[-72.85535913886929,-53.47951292836011],[-72.86503361000032,-53.45124319542751],[-72.85131262556969,-53.45149661032691],[-72.7759870869758,-53.476046552411404],[-72.77611103382375,-53.505688547326464],[-72.724460321455,-53.50899798985205],[-72.74139146160456,-53.543288300191044],[-72.71006687347403,-53.55389658680727],[-72.73429631416569,-53.569939147045346],[-72.67084088376744,-53.594553841817714],[-72.71674133267885,-53.61537298182272],[-72.67201881944668,-53.62547727952357],[-72.67665788216895,-53.65028306394199],[-72.65141304876221,-53.63768223853717],[-72.65467218242706,-53.59913819428497],[-72.6388706342214,-53.5884794511141],[-72.6781801950972,-53.5438376360101],[-72.66554801819825,-53.52372847832432],[-72.62927826461576,-53.541284031539284],[-72.65470392978752,-53.55092024516679],[-72.64161126928742,-53.559369186009114],[-72.61494858983346,-53.54754076794956],[-72.56092001085648,-53.578541505834416],[-72.53469713219258,-53.564824770293455],[-72.45950943558748,-53.579213288589884],[-72.49665807119953,-53.58913174158819],[-72.44937356547203,-53.60944756897247],[-72.48451261858953,-53.634718147879184],[-72.4215395089387,-53.61063500140822],[-72.42822166221391,-53.62179330173913],[-72.38394869559433,-53.64017410772255],[-72.62016656106078,-53.670820171730675],[-72.63609375123535,-53.6939959743214],[-72.62162974777536,-53.723039906568424],[-72.52401783163589,-53.703696322647076],[-72.6120123870385,-53.715807392814895],[-72.62624002398432,-53.688187014488385],[-72.61208373662828,-53.7032249833817],[-72.59921400474403,-53.6757779077184],[-72.46183169647959,-53.67513225275967],[-72.45044380303015,-53.684572311473865],[-72.4874455901444,-53.695774102586384],[-72.43753321756343,-53.69788018289087],[-72.44521039694962,-53.72069117232587],[-72.48497964821416,-53.729050110114464],[-72.45555538049017,-53.72604981857437],[-72.46024178083465,-53.75476697519495],[-72.44202274941843,-53.72959144155468],[-72.41350053846172,-53.72631457340861],[-72.43038962487958,-53.688806168919065],[-72.41172362681229,-53.7003937550899],[-72.38699861252783,-53.67758997638728],[-72.34439509210026,-53.686049185723206],[-72.35525733456456,-53.71733475799056],[-72.30925137672641,-53.70170299815732],[-72.23487501962128,-53.72808051895364],[-72.35419424310452,-53.75596890882623],[-72.22350698343121,-53.74473223698337],[-72.14868331831521,-53.7946946473338],[-72.20988804582022,-53.81573812021734],[-72.29293243574801,-53.80467708793678],[-72.19487733935641,-53.82740175022344],[-72.2252166606732,-53.8587251436923],[-72.31301905925002,-53.85001925130625],[-72.37045664501724,-53.807901482986914],[-72.36082667193381,-53.834499987359685],[-72.47605768501688,-53.832342146083576],[-72.35069401778706,-53.85169433328701],[-72.37130261187649,-53.866741435446805],[-72.3378040486561,-53.89859339720589],[-72.36021098101111,-53.90862775049482],[-72.33277988715469,-53.92477469949875],[-72.35812592386303,-53.93172325437546],[-72.38199904330565,-53.90260878443298],[-72.47311141749748,-53.88987033072984],[-72.41628396118304,-53.90631993590235],[-72.42155498421609,-53.93845227687873],[-72.38765944469188,-53.93117770571084],[-72.36016101222343,-53.952984950861584],[-72.39217243155896,-53.9635091270913],[-72.44996548876892,-53.94593396090715],[-72.4483613105722,-53.959676625143246],[-72.47793301519052,-53.960916317327126],[-72.37787201760038,-53.97065595699938],[-72.3783059434085,-54.00306099644101],[-72.35465507165873,-53.98479064777928],[-72.33704987704247,-54.03432533745847],[-72.36636771686317,-54.05658522867224],[-72.40836638184703,-54.03512905079222],[-72.42070878559151,-54.0544792611735],[-72.47578631834259,-54.0660802516256],[-72.50450187998611,-54.036264740089436],[-72.48626634112823,-54.02558845341758],[-72.51173697955636,-54.03050941173216],[-72.52374178473896,-54.014286865730405],[-72.50735199183748,-54.0077236353358],[-72.54864252386602,-53.99388617844541],[-72.55992139507765,-54.00140017951871],[-72.53600119762592,-54.02241138332039],[-72.56584452763333,-54.03433245558058],[-72.52869728351163,-54.04561917076536],[-72.52862823450732,-54.094563284040376],[-72.54509132634273,-54.0774592200333],[-72.5499633186249,-54.11032575604143],[-72.60119021931733,-54.10062129015982],[-72.60435690376305,-54.08250179776791],[-72.60917592868113,-54.10022512127444],[-72.6137754781073,-54.08529832729403],[-72.62878638579375,-54.097142160351616],[-72.58811756340032,-54.03785940745734],[-72.60076137977039,-54.0346755067874],[-72.66967961543,-54.09088530581373],[-72.62659858742829,-54.018786846394015],[-72.6521702216472,-54.02081282654523],[-72.68585793054055,-54.09166902714889],[-72.75824396053923,-54.095053049088925],[-72.70560463962389,-54.10134055441953],[-72.7259819911895,-54.11829560158574],[-72.78041038155334,-54.11749679502139],[-72.81499496123983,-54.0946622400417],[-72.80925299552077,-54.11519828165663],[-72.84438742500951,-54.12041500244311],[-72.82621946281719,-54.13601130280458],[-72.86388157993726,-54.14074772746873],[-72.8621909496742,-54.128516002850695],[-72.9648652739866,-54.1245086056896],[-72.88096733991016,-54.1159144350049],[-72.92709788419674,-54.108856837621424],[-72.86928185886158,-54.091286766630304],[-72.88775112677999,-54.086161919840684],[-72.9126144124479,-54.10323367655612],[-72.9573069704586,-54.10071674364978],[-72.92606454134564,-54.093722967187524],[-72.93709603359599,-54.08852297979812],[-72.98493747773169,-54.10796068411131],[-73.01571627105515,-54.10265002248287],[-73.00899372143992,-54.089033076003105],[-73.05418292473355,-54.10267166250523],[-73.07648198649093,-54.09075974152544],[-73.03869107790861,-54.07057652663582],[-72.84320418657516,-54.07515814176878],[-72.9687836524924,-54.05304382551383],[-72.94761160631069,-54.045057032866644],[-72.9786966640606,-54.041555302222335],[-72.9691147409634,-54.02466142886508],[-72.92183310894647,-54.04450507140488],[-72.78011100540849,-54.04047446588092],[-72.77840630303655,-54.06120538931843],[-72.75819507871304,-54.06400077092217],[-72.75493649302051,-54.04531312498825],[-72.78191854960913,-54.04867623523399],[-72.75483535170265,-54.03608587593441],[-72.81445576006696,-54.03183448176442],[-72.79078167135869,-54.01843346522648],[-72.86965410005406,-54.02166279484138],[-72.77791523179997,-53.997760636151924],[-72.82941503887908,-54.004857250101274],[-72.79811330478769,-53.9953246980818],[-72.87836736305131,-53.97587328773812],[-72.80779194050837,-53.954992221326954],[-72.69572849222,-53.98310355142415],[-72.76583295950051,-53.95656726937823],[-72.76725924162656,-53.940148666594744],[-72.80474351747318,-53.9426041472345],[-72.71988110449696,-53.89125095407682],[-72.65873188479168,-53.8922030854074],[-72.65320745240685,-53.87315980726346],[-72.6898852971482,-53.881857332646874],[-72.70536143603206,-53.85742422147376],[-72.70509062721158,-53.878083176951726],[-72.79535207764042,-53.91593392777849],[-72.79924502753545,-53.8912063911768],[-72.7721096024767,-53.883608276130616],[-72.78081260671338,-53.86822766790503],[-72.71502862901268,-53.83947869188735],[-72.75400877587714,-53.85272135050962],[-72.75332206953797,-53.83461229493666],[-72.79587223363094,-53.872118154602795],[-72.85347816907228,-53.88426402795532],[-72.81534375730173,-53.82339619796828],[-72.79173679879632,-53.82125114772943],[-72.80616735169008,-53.81435624997859],[-72.73142161362836,-53.76046729681736],[-72.76218796618346,-53.764685227910476],[-72.80671881756155,-53.80502239790962],[-72.83437985228294,-53.760632294833385],[-72.85443647654603,-53.78747741208541],[-72.8327091762973,-53.80687695114225],[-72.8946390023401,-53.80924105714369],[-72.8373104720484,-53.81585616450704],[-72.90848859318005,-53.89908526134507],[-72.9689250230636,-53.895881516076194],[-72.9397092857581,-53.86604067551363],[-73.01263789100186,-53.91021931018987],[-73.0441662619546,-53.90853246241092],[-73.04656879180894,-53.87962255852636],[-72.99940427046066,-53.865255154420446],[-73.04090720554485,-53.86705484025646],[-72.9717017964552,-53.86031454459315],[-73.02059473929222,-53.85148281157786],[-72.9128558463586,-53.839781354393054],[-73.01957855785629,-53.835830606790815],[-73.00687484811128,-53.815417845352485],[-73.06217733607748,-53.823552815631544],[-73.01737903557806,-53.79864775298392],[-72.93409387918783,-53.80307220176144],[-72.99320920978361,-53.79004944180611],[-72.88421889718391,-53.76832658339397],[-72.86773099298203,-53.743330504359704],[-72.80241547951549,-53.745955791027576],[-72.84328437918056,-53.738330917133716],[-72.81338859205215,-53.70520097734826],[-72.84367600152531,-53.70246751858732],[-72.85487880699193,-53.732830296798845],[-72.84994256270905,-53.71007303264821],[-72.87464755354583,-53.706755712890974],[-72.85759022076009,-53.72053357719632],[-72.86723370360706,-53.73443045177861],[-73.14703871868608,-53.683048074805704],[-73.12279169796432,-53.69302402975964],[-73.13192791205182,-53.70597263451097],[-73.21365416174241,-53.72660773728509],[-73.17375287969065,-53.706316436942714],[-73.16450283019203,-53.68638327512136],[-73.17964212779383,-53.67088061757921],[-72.95273628480082,-53.66962201888726],[-72.92901407513939,-53.622787080685924],[-72.94813501599918,-53.631506244232334],[-72.97474232689231,-53.614072062711514],[-72.9672954252393,-53.646806831459344],[-73.00913542887936,-53.650594056602245],[-72.99607740472167,-53.63057471799211],[-73.09586144721814,-53.65180437007478],[-72.99847433447853,-53.58410008058522],[-72.99653867614535,-53.57093756318377],[-73.02641385681946,-53.57814204975099],[-73.01477084721921,-53.567316769976365],[-73.11218785589148,-53.64483207060768],[-73.15084448079459,-53.64300563487928],[-73.1269465956979,-53.61824841029681],[-73.18612666607957,-53.63902295762439],[-73.22085483966761,-53.63741824040973],[-73.21309469637336,-53.62096667821228],[-73.24550732128107,-53.63312712403291],[-73.22403805311455,-53.60258235121482],[-73.25720734335913,-53.615881711192515],[-73.27027345055774,-53.58744807985231],[-73.21137961756155,-53.56259951122691],[-73.28799923681439,-53.568790443749705],[-73.28158983002572,-53.558070445693495],[-73.34888039744229,-53.54867765634302],[-73.43279048482623,-53.46515860424931],[-73.29615291316999,-53.47593119346317],[-73.22642878898752,-53.50353255378148],[-73.25116026844705,-53.51730090255839],[-73.22937153241605,-53.53477465636026],[-73.21647611769784,-53.511249727897116],[-73.1680751264464,-53.5088302492841],[-73.21753049100806,-53.49197171561082],[-73.1865463868281,-53.4787774454062],[-73.1634764097585,-53.501193774365845],[-73.14170408055786,-53.49145042538658],[-73.09597197862564,-53.52526421185804],[-73.0333822187341,-53.53828902702364],[-73.12847698717547,-53.48476553734207],[-73.11101058766052,-53.47867866296277],[-73.12236722782289,-53.46113848723802],[-73.0962210212668,-53.45691525986063],[-73.13222883779054,-53.455851092770914],[-73.11123058507359,-53.4392166245211],[-73.15890501353333,-53.422590277600364],[-73.11419709343295,-53.40515279817511],[-73.17087146334826,-53.40020073624665],[-73.04099932238735,-53.375622594940054]],[[-72.8085428144066,-53.71268243952675],[-72.80127391482546,-53.711544313003586],[-72.80478931178973,-53.70828718984015],[-72.8085428144066,-53.71268243952675]],[[-72.77992920885286,-53.71362145215012],[-72.78502042959023,-53.716794333547405],[-72.77436291138255,-53.71558407257051],[-72.77992920885286,-53.71362145215012]],[[-72.79574293012895,-53.7193820767045],[-72.78696886825496,-53.71610123651313],[-72.7896444464298,-53.715867098422585],[-72.79574293012895,-53.7193820767045]],[[-72.80175839871607,-53.71665705501524],[-72.80981921172916,-53.71660225032947],[-72.8049033439319,-53.72445158647745],[-72.80175839871607,-53.71665705501524]],[[-72.76959534196395,-53.72695897489207],[-72.79259784118267,-53.73248890945435],[-72.7614217499585,-53.73166740310932],[-72.76959534196395,-53.72695897489207]],[[-72.79959876433139,-53.73055190672758],[-72.80284844232958,-53.72980139297909],[-72.80466309489906,-53.73299422899311],[-72.79959876433139,-53.73055190672758]],[[-72.82230608074103,-53.731331422538815],[-72.81153897256024,-53.72688187976633],[-72.81495720325182,-53.726822833942606],[-72.82230608074103,-53.731331422538815]],[[-72.79633464771166,-53.727656392918426],[-72.8037349735138,-53.72852144794759],[-72.79929984183578,-53.72973624396249],[-72.79633464771166,-53.727656392918426]],[[-72.3864973759555,-53.820011259308544],[-72.38968907309199,-53.820719009294784],[-72.38679693625498,-53.82138543645376],[-72.3864973759555,-53.820011259308544]],[[-72.38608279985861,-53.84289998666978],[-72.38959967994143,-53.84330160775418],[-72.38318320700475,-53.84532862589891],[-72.38608279985861,-53.84289998666978]],[[-72.74391149289471,-53.83791599332016],[-72.74690446741899,-53.839951974474374],[-72.73436984576327,-53.84377192208231],[-72.74391149289471,-53.83791599332016]],[[-72.70682712096144,-53.83977189146901],[-72.70976306504159,-53.844318539045005],[-72.70506933354608,-53.84205596875912],[-72.70682712096144,-53.83977189146901]],[[-72.70676956230791,-53.84829333470184],[-72.71312980250444,-53.84846304888151],[-72.70967449295121,-53.85042512446804],[-72.70676956230791,-53.84829333470184]],[[-72.70912701110802,-53.85147702455566],[-72.71038464262433,-53.858357620378065],[-72.70554502023512,-53.85425740234849],[-72.70912701110802,-53.85147702455566]],[[-72.46801475656274,-53.969280784451215],[-72.48394409281251,-53.96993695920147],[-72.5070290618659,-54.02374558282346],[-72.4697696711658,-53.9984491967569],[-72.46801475656274,-53.969280784451215]],[[-72.4792993195,-54.01658863981813],[-72.4837834372088,-54.01906150282043],[-72.47506796076269,-54.019985682466924],[-72.4792993195,-54.01658863981813]],[[-72.45198520156492,-54.04385440229284],[-72.44914297153184,-54.05002125408613],[-72.43990829759763,-54.046503393198364],[-72.45198520156492,-54.04385440229284]],[[-72.44999769067691,-54.052463767949284],[-72.45906541541054,-54.05954918210196],[-72.4482158553614,-54.05569458932002],[-72.44999769067691,-54.052463767949284]],[[-72.31120126257706,-53.84399022321413],[-72.31516417506305,-53.84342180092694],[-72.3133772696561,-53.844718047784575],[-72.31120126257706,-53.84399022321413]],[[-72.4839979522037,-53.630055140444824],[-72.47727631707342,-53.628153025147185],[-72.48202742935601,-53.627072976781136],[-72.4839979522037,-53.630055140444824]],[[-72.46725975670242,-53.61154781371133],[-72.46900213980727,-53.60991393931052],[-72.47235358704569,-53.611166560777285],[-72.46725975670242,-53.61154781371133]],[[-72.59080985742595,-53.57199089700906],[-72.59132463340624,-53.57149453527109],[-72.59189507259481,-53.57215757402332],[-72.59080985742595,-53.57199089700906]],[[-72.58576607222714,-53.56872804306405],[-72.58859020659715,-53.569677820816935],[-72.5863150874945,-53.57047656748421],[-72.58576607222714,-53.56872804306405]],[[-72.69094098828694,-53.650275007553766],[-72.69849345725717,-53.62499390805012],[-72.70306424532289,-53.63864250777138],[-72.69094098828694,-53.650275007553766]],[[-72.7088895136149,-53.64650985582852],[-72.70238886494283,-53.643877405439184],[-72.71024186349476,-53.64463166215467],[-72.7088895136149,-53.64650985582852]],[[-72.77903323817164,-53.51190126913466],[-72.78193330264104,-53.51419842796901],[-72.77965338653478,-53.51692553982372],[-72.77903323817164,-53.51190126913466]],[[-72.77245102337011,-53.509840189851296],[-72.77394786456846,-53.508760301803214],[-72.77496903704409,-53.510551716823976],[-72.77245102337011,-53.509840189851296]]],[[[-73.36459250488667,-53.36231029580747],[-73.31017288208001,-53.381506156922136],[-73.38226841847538,-53.370106731721634],[-73.36459250488667,-53.36231029580747]]],[[[-73.84803787924561,-53.33333904022732],[-73.82794287985189,-53.335854843579476],[-73.83206062506193,-53.35385264577936],[-73.8168730762513,-53.34242917601915],[-73.77897062475844,-53.35591387183982],[-73.82832276480913,-53.377077308613664],[-73.88255222684656,-53.3323829401369],[-73.84803787924561,-53.33333904022732]]],[[[-74.29063851502734,-53.283837495198455],[-74.24641024498302,-53.30592147700454],[-74.30013409295773,-53.32074550466935],[-74.30823891623324,-53.30406753187893],[-74.29063851502734,-53.283837495198455]]],[[[-74.09550548355902,-53.251914936020874],[-74.05648608211325,-53.269760154543725],[-74.07199784189311,-53.289955904078184],[-74.11359296388841,-53.28627638056428],[-74.09695330369232,-53.3224939110182],[-74.11191352932876,-53.33280961315949],[-74.13379607822151,-53.323504360983925],[-74.13695683737961,-53.34010475942883],[-74.15524881918343,-53.33145929164076],[-74.1981223489309,-53.3545876325336],[-74.28027650661551,-53.324763144519736],[-74.09550548355902,-53.251914936020874]],[[-74.09878728980335,-53.265592037403486],[-74.10022215623025,-53.27283336953846],[-74.09145371242006,-53.267201353027296],[-74.09878728980335,-53.265592037403486]]],[[[-72.51040859313503,-53.30851445967035],[-72.48339088061614,-53.32154114741503],[-72.48969013867962,-53.33693287093393],[-72.52470484250392,-53.31978537305059],[-72.51040859313503,-53.30851445967035]]],[[[-73.67658882154696,-53.21810741373889],[-73.61013341246017,-53.25591515624777],[-73.66562107374916,-53.25045731032481],[-73.67658882154696,-53.21810741373889]]],[[[-74.26500969944733,-53.14790957813349],[-74.23537783106119,-53.15994674863637],[-74.2497397966847,-53.186500192919965],[-74.29421233751937,-53.19283889629725],[-74.26500969944733,-53.14790957813349]]],[[[-74.35938592525589,-53.126850542831335],[-74.29842407076268,-53.14032019317436],[-74.2883991021606,-53.16569299085651],[-74.34774618103171,-53.18271140375213],[-74.37064895827073,-53.14567132238678],[-74.35938592525589,-53.126850542831335]]],[[[-73.98103239794578,-53.137017356954765],[-73.95197868168323,-53.1615583280847],[-73.96891727335807,-53.17386504773944],[-73.95572595717853,-53.19238865409306],[-73.9909019166812,-53.202273621102954],[-74.02815140884516,-53.16910916647727],[-74.0207478446164,-53.19439174442185],[-74.04246577004682,-53.199371720825795],[-74.06829527375285,-53.17638485781326],[-74.05723593283037,-53.149003232902416],[-73.98103239794578,-53.137017356954765]]],[[[-74.20380181166915,-53.1219280107961],[-74.14515683087127,-53.14321203295517],[-74.19683295029121,-53.13881834137285],[-74.20380181166915,-53.1219280107961]]],[[[-73.8883514951993,-53.10875332449927],[-73.8448966153258,-53.12608826362391],[-73.82896523720538,-53.16776431164675],[-73.75403520706817,-53.22235715095362],[-73.7810445481869,-53.21865524257636],[-73.76799366204246,-53.24514311584991],[-73.81585089137434,-53.23653628274573],[-73.89771644551098,-53.145621078212535],[-73.87636779503599,-53.178227151929356],[-73.90217448333044,-53.18545772487976],[-73.9705345579748,-53.12515751072145],[-73.8883514951993,-53.10875332449927]]],[[[-71.84778694552992,-53.07138876475182],[-71.83530530561136,-53.077814834053534],[-71.85054417427588,-53.107200831914454],[-71.865243635155,-53.08776871873485],[-71.84778694552992,-53.07138876475182]]],[[[-73.56394126260972,-52.92568277735999],[-73.47978154778134,-52.97180148130618],[-73.53607444361965,-52.96186601670572],[-73.5763198190528,-53.001824034332685],[-73.59523914562347,-52.98721005470134],[-73.55080436277682,-52.96637516063172],[-73.58283189878685,-52.96599348566236],[-73.57787876707495,-52.94431811148793],[-73.5505507441176,-52.936394551797655],[-73.56394126260972,-52.92568277735999]]],[[[-73.79902724183502,-52.87771539686901],[-73.77620633794932,-52.88630686732873],[-73.80164809554107,-52.896238155345095],[-73.78803339887654,-52.90848905432211],[-73.83716213420426,-52.893824172392286],[-73.79902724183502,-52.87771539686901]]],[[[-73.60335415489601,-52.832384421373],[-73.57794777475677,-52.85506125258663],[-73.41154596436402,-52.898552380365345],[-73.42881086637088,-52.88018023971284],[-73.38794085279484,-52.888029555325744],[-73.33686206902136,-52.937706724399256],[-73.37571773004872,-52.95315362494737],[-73.36544699136807,-52.966779129392656],[-73.47700851677125,-52.95812406671918],[-73.49650850984999,-52.94644738800497],[-73.47394242567104,-52.934006607018866],[-73.48658656363799,-52.92773918674815],[-73.41135847877769,-52.93597670731581],[-73.4683363364269,-52.90584098256419],[-73.50535715345212,-52.90173898485437],[-73.51961975193048,-52.91756110800217],[-73.50961384468044,-52.89466568130525],[-73.54900870508402,-52.885772189297306],[-73.53587469423309,-52.91841009426336],[-73.60814059702041,-52.88976414925387],[-73.6243183318193,-52.89858820788745],[-73.61170410864962,-52.910916882453215],[-73.65167670525683,-52.92091460530545],[-73.70872407184777,-52.90494719750477],[-73.72113076801712,-52.914627589173946],[-73.70629183380866,-52.922324190104405],[-73.799418471616,-52.92469517866329],[-73.76933696229415,-52.89953457999871],[-73.731323472744,-52.916189684705145],[-73.7431602534426,-52.90423196405241],[-73.72887375618441,-52.8869535274893],[-73.75528482022224,-52.88200015656922],[-73.73583237497147,-52.86673779752833],[-73.64695197200255,-52.88086302262533],[-73.69005133192427,-52.86243573472541],[-73.64606026203073,-52.85899270788069],[-73.56498576702822,-52.88870219771295],[-73.6271259865954,-52.85076372761757],[-73.60335415489601,-52.832384421373]]],[[[-73.44582259079132,-52.77248386963159],[-73.39785831731189,-52.79793758574966],[-73.41161714417218,-52.81322713118866],[-73.43980738630893,-52.80361842809266],[-73.42891613365083,-52.79315058196641],[-73.46297408318853,-52.77636299476683],[-73.44582259079132,-52.77248386963159]]],[[[-74.68774684785372,-52.71388729126576],[-74.59395985309116,-52.78775591862312],[-74.58216460599972,-52.7711480385976],[-74.53643889019087,-52.793244618455994],[-74.54848776312805,-52.80738447685339],[-74.50373609776828,-52.79790464934059],[-74.42930356900844,-52.82952035978668],[-74.51099820518755,-52.854608204968606],[-74.41694189190954,-52.844583165383234],[-74.40512325358644,-52.85807479635412],[-74.48121673496725,-52.86785764871313],[-74.45854148392169,-52.88588252428574],[-74.41147882254349,-52.87091177620868],[-74.40902575347125,-52.9010119439095],[-74.40597109163642,-52.882753296491096],[-74.39426033019912,-52.89358789101283],[-74.36777273778392,-52.87596760368222],[-74.36146994664645,-52.892892961554004],[-74.38102698723735,-52.89489922003877],[-74.36579257152168,-52.909304195712906],[-74.41214757515337,-52.93192451015172],[-74.3940116370026,-52.950885337950716],[-74.36317542426451,-52.937523373176994],[-74.32390866631538,-52.981475658058415],[-74.34457428725565,-52.93877801261497],[-74.3289227675839,-52.92744021572296],[-74.25420164785254,-52.96041325018557],[-74.27006910185735,-52.983522576404575],[-74.25254747930856,-52.99200253117549],[-74.23452628925727,-52.972680391182045],[-74.23934472398221,-52.94060109560251],[-74.2100502646134,-52.98391345711975],[-74.20412058783086,-52.95485580620849],[-74.17576617408439,-52.95884885950012],[-74.14912939485669,-52.98744148565042],[-74.17533771901637,-52.9937865516186],[-74.1672404874033,-53.00486161383002],[-74.09340524128937,-53.00584401846072],[-74.11712131815233,-52.987588742726935],[-74.08948381839308,-52.99356454663017],[-74.09227791130334,-52.97310668363222],[-74.14393153960351,-52.953869012772465],[-74.12473571697828,-52.94098015259767],[-74.10386771009604,-52.96767855208563],[-74.07215415953232,-52.958420537847495],[-74.03860913005555,-52.97554131283786],[-74.0780762689069,-52.9799926165548],[-74.04383966152719,-52.9849312957432],[-74.05128238601412,-52.99781126491522],[-74.01833763865797,-53.00760512991252],[-74.0330686160305,-52.98719895465439],[-74.01482146465096,-52.981911504873125],[-73.9367624523605,-52.99903081062925],[-73.92465496974091,-53.01980579866256],[-73.96824767992508,-53.01129610296152],[-73.92707989908686,-53.033361740058616],[-73.9857310270562,-53.02880251833879],[-73.91201385190996,-53.06953854282092],[-73.92815877664141,-53.05162625547523],[-73.90964646235291,-53.042772339010234],[-73.9294252421902,-53.03957766157433],[-73.89418434976388,-53.01763466062137],[-73.84895298404238,-53.02997382590325],[-73.84257277878868,-53.0592186547233],[-73.80832000802205,-53.07764768685303],[-73.81690588003053,-53.092501241319084],[-73.79428088523355,-53.08987891642391],[-73.82365628101283,-53.042434476853956],[-73.79452558182537,-53.056747424763785],[-73.80064372874776,-53.06958225541146],[-73.73359114121966,-53.06945844352752],[-73.74517066059056,-53.08682581086955],[-73.69071411343245,-53.097751682187926],[-73.65567473288728,-53.131565315056356],[-73.688991884031,-53.12579999294795],[-73.6454359939937,-53.14274759855603],[-73.62795765137702,-53.182245989362556],[-73.6354705854916,-53.14513127781223],[-73.61176712995837,-53.15881966898158],[-73.60316293860632,-53.145922234726974],[-73.63905415200955,-53.136658424879066],[-73.65131609275569,-53.08611004850693],[-73.59948558348114,-53.08115840425178],[-73.59734158876557,-53.09364476732003],[-73.63136270288506,-53.097394720519915],[-73.58666630277988,-53.11554453863808],[-73.61166209803704,-53.12504385108851],[-73.55651156908428,-53.11170986065466],[-73.55737013122214,-53.14982573619479],[-73.5301020483521,-53.16509601539874],[-73.54761998241833,-53.192522191803114],[-73.58632207554952,-53.18385388917826],[-73.52429540123764,-53.23971231711746],[-73.53051520511083,-53.28267491914011],[-73.48499340148159,-53.28671296247463],[-73.50752492836989,-53.23256548251136],[-73.46896996490918,-53.25448876242655],[-73.43071895271305,-53.24805479294691],[-73.48460570746958,-53.23497652491983],[-73.45541990202933,-53.21767614314489],[-73.50419939303585,-53.22208834846311],[-73.48520165252403,-53.19148872601203],[-73.51368064643073,-53.183248622659086],[-73.48867398784684,-53.17327620936944],[-73.51433161239801,-53.15636313632633],[-73.47738083432053,-53.142671322713305],[-73.39138696180294,-53.18052678880829],[-73.4569043168324,-53.19078916382941],[-73.36649529027036,-53.19788531468045],[-73.43404835259943,-53.21403623346843],[-73.3938379180376,-53.22351713255563],[-73.4202579966693,-53.21426061344356],[-73.3679284013892,-53.2044450838849],[-73.34350539531339,-53.217262035679134],[-73.3690628118963,-53.222562161011],[-73.31437358311328,-53.23654875092296],[-73.31067270829736,-53.24998333399488],[-73.34371361401645,-53.24062325778615],[-73.31645457538472,-53.26433702273083],[-73.33957525965717,-53.27581712750992],[-73.3954208241284,-53.25962218075808],[-73.3586241331733,-53.275795453108465],[-73.3768366401256,-53.28318055587428],[-73.28734260157935,-53.26810882561264],[-73.26697404991027,-53.28318066382477],[-73.28206498581044,-53.29484031003904],[-73.17511659505548,-53.311424816236844],[-73.22832112157455,-53.333899457781634],[-73.18177219502923,-53.326378618197985],[-73.09558600848065,-53.348868439169145],[-73.0954890569053,-53.37422374706744],[-73.22952509312566,-53.37989888533982],[-73.26956555116439,-53.34992021899353],[-73.30474401067849,-53.36330169459822],[-73.40556158467226,-53.31466962198206],[-73.43685993570828,-53.3518903209712],[-73.60934661313712,-53.33717447757357],[-73.58641824828554,-53.319258333663704],[-73.62420777885221,-53.297355086483854],[-73.47921759981902,-53.324049958829285],[-73.46180943808392,-53.31295320345892],[-73.6029755176987,-53.28170576641754],[-73.61423103091629,-53.25641524218353],[-73.59229041492357,-53.26493394719807],[-73.60706848467828,-53.24214373029276],[-73.56711802974618,-53.239150827349114],[-73.60875254376498,-53.23003326841612],[-73.62153683059435,-53.192189036733474],[-73.61877734168715,-53.22952824522248],[-73.64036624838151,-53.225257438908656],[-73.7137366971843,-53.14560149518309],[-73.7319563098105,-53.159825419564626],[-73.70106527828051,-53.186221402557514],[-73.75324323075411,-53.19741435955756],[-73.75931417749655,-53.185934016067286],[-73.71614909233708,-53.17393159296191],[-73.77150064808075,-53.17707856299565],[-73.78650872697236,-53.141326980109575],[-73.77102304798017,-53.1308522496663],[-73.79359524788957,-53.10151681552177],[-73.7929477718772,-53.13224522621805],[-73.82380933507262,-53.11678257453262],[-73.78986717927334,-53.13659509248936],[-73.80409950273001,-53.140510713525146],[-73.78244506124072,-53.177914724152956],[-73.79651645151424,-53.174607895352594],[-73.85040467321961,-53.09437282545714],[-73.89309348149692,-53.07172957241869],[-73.89697964461999,-53.10589448515589],[-73.9413658528643,-53.09374292540414],[-73.96790287148475,-53.106754146431854],[-74.10582489835164,-53.057174977507465],[-73.9829612991514,-53.107948623787934],[-74.00403087001708,-53.11297900149848],[-73.99905465968723,-53.126399639751185],[-74.07583453479349,-53.139983950137754],[-74.06474503113871,-53.13285045289559],[-74.09003199553229,-53.127364109717426],[-74.1029418749232,-53.09722468803027],[-74.10845989693016,-53.1308819129464],[-74.13770589578264,-53.088262605464486],[-74.12840890931042,-53.12833697362399],[-74.14754380729477,-53.10297848106204],[-74.16795856920041,-53.10310262963853],[-74.1526229654545,-53.12733695909438],[-74.18925213498217,-53.1191217361417],[-74.1942307294408,-53.078195272229195],[-74.24561215563347,-53.035297959203],[-74.21364288525108,-53.08856937786173],[-74.22871960171861,-53.14245655363671],[-74.26182694144624,-53.1431666471859],[-74.23944774637225,-53.12398731545866],[-74.26237604115522,-53.1256825945837],[-74.27151253192383,-53.09203986617853],[-74.27622614223827,-53.12319083502557],[-74.3200118545629,-53.1262758786136],[-74.30497314491674,-53.120034713033206],[-74.33562503683329,-53.090138279865926],[-74.29892089211539,-53.05474457677287],[-74.33014253870425,-53.04582256291122],[-74.32575484795467,-53.02348756831215],[-74.34357149431075,-53.05036899213149],[-74.33047403950198,-53.065185308828916],[-74.36465377004947,-53.082283618015104],[-74.36418897273832,-53.060208904015255],[-74.41040526121878,-53.044599825409215],[-74.38506162121561,-53.03058751252588],[-74.41143391755905,-53.02931763377013],[-74.42090312274934,-53.005698136618015],[-74.40687967376591,-52.99892177209194],[-74.43343452574139,-53.00628178913901],[-74.44478104458548,-52.98859173843161],[-74.46299700556006,-53.00718000916094],[-74.46639035471489,-52.9814124762742],[-74.49431937664846,-52.98965751998456],[-74.51997716109973,-52.9685197570925],[-74.4760641027021,-52.912547878138255],[-74.52039811164188,-52.91259119736251],[-74.50075815655028,-52.94373624257639],[-74.54204459046449,-52.96312792957769],[-74.58203975993817,-52.95174304582515],[-74.61955580021323,-52.91177260258137],[-74.57202881673264,-52.89782434630159],[-74.65054862254303,-52.86735806508167],[-74.63802499357145,-52.84215835451821],[-74.5855706528411,-52.85263578738344],[-74.6141760936072,-52.868472257445355],[-74.54489215738867,-52.86654520936449],[-74.57896460932832,-52.8627868407989],[-74.59791214838882,-52.84022146891377],[-74.5841600139774,-52.83437468724272],[-74.64465513708666,-52.83472920590452],[-74.68680210853404,-52.81395586464873],[-74.62233791858077,-52.81174943659528],[-74.71378427831037,-52.79892701611132],[-74.69221552531941,-52.78538464599165],[-74.7237539439286,-52.7783851570891],[-74.73290622438498,-52.731566708421106],[-74.67243911703447,-52.740811066738594],[-74.68774684785372,-52.71388729126576]]],[[[-73.65457150470034,-52.75644049682365],[-73.63123411174708,-52.78547960060616],[-73.69839768073864,-52.79089755651827],[-73.65318326622656,-52.773480281354836],[-73.6990687887312,-52.781556601181045],[-73.65457150470034,-52.75644049682365]]],[[[-70.63385624806607,-52.84488289497658],[-70.72766510422939,-52.90878538131422],[-70.78251598844102,-52.91155796244116],[-70.7788800950578,-52.887435586618295],[-70.61781090427883,-52.837911202930385],[-70.63385624806607,-52.84488289497658]]],[[[-72.54947322655197,-52.73247654312394],[-72.53027572228052,-52.747165582807625],[-72.57774294533682,-52.765073230732696],[-72.57711016666082,-52.74002570694662],[-72.54947322655197,-52.73247654312394]],[[-72.55534265781998,-52.74351684154056],[-72.55417394963533,-52.744822491588565],[-72.55161787524105,-52.74231488740023],[-72.55534265781998,-52.74351684154056]],[[-72.54921814992706,-52.747533080433556],[-72.55373419286272,-52.74665453625304],[-72.55435339529984,-52.74763907305002],[-72.54921814992706,-52.747533080433556]],[[-72.55955268067095,-52.75112170551267],[-72.55478688722168,-52.74892663436452],[-72.5574722741011,-52.74913537775765],[-72.55955268067095,-52.75112170551267]],[[-72.54874941799496,-52.7498759992582],[-72.54808550281287,-52.75119195656824],[-72.54735081206448,-52.75076766352375],[-72.54874941799496,-52.7498759992582]],[[-72.56653993505434,-52.75883451184343],[-72.56238393957948,-52.76079490208122],[-72.56406507914151,-52.75786313365995],[-72.56653993505434,-52.75883451184343]]],[[[-73.3182089267441,-52.709366340195594],[-73.31959008200188,-52.74069153277998],[-73.33484596924946,-52.731201035561064],[-73.33490358809009,-52.74614093657838],[-73.38308169474313,-52.76198439934361],[-73.41434645058415,-52.75196349603187],[-73.36439154277447,-52.743791867493066],[-73.33015947548017,-52.71847974273434],[-73.36938167788955,-52.73822276083066],[-73.36318379111263,-52.72162839323758],[-73.3182089267441,-52.709366340195594]]],[[[-72.40409385242194,-52.722487255707776],[-72.3698452076174,-52.73498230212286],[-72.3811237015366,-52.76336518552147],[-72.46196554635524,-52.790679992269155],[-72.50624894690685,-52.767106628346674],[-72.4786396820953,-52.777045187599356],[-72.48252670849936,-52.744331681214476],[-72.40409385242194,-52.722487255707776]]],[[[-74.1695995747305,-52.6438720182487],[-74.1070814518896,-52.656761837454816],[-74.1127999212741,-52.6757151800607],[-74.07562378373962,-52.69790955530028],[-74.09417023939879,-52.68715841542023],[-74.09444130783241,-52.70433441806133],[-74.15473570957796,-52.70896597746861],[-74.11607571599255,-52.687918407090166],[-74.14533856634147,-52.68078295608018],[-74.12630029833558,-52.66201918576029],[-74.18328400850885,-52.66499450050857],[-74.1623617281121,-52.65428719911262],[-74.19192335093798,-52.646286088463306],[-74.1695995747305,-52.6438720182487]]],[[[-72.31630707195464,-52.660196233734546],[-72.31944275284496,-52.689873388031856],[-72.35300542703055,-52.6890846881682],[-72.31630707195464,-52.660196233734546]]],[[[-74.11447440521823,-52.56960801544333],[-74.08066431793542,-52.59122592557628],[-74.04604896915379,-52.584693831897184],[-74.10825630994069,-52.6190921204686],[-74.18441943501053,-52.59531580881886],[-74.12530861934735,-52.58708558839693],[-74.11447440521823,-52.56960801544333]]],[[[-71.46995600774646,-52.65285818328637],[-71.39528893695078,-52.722240804302665],[-71.40166009527128,-52.745756773950525],[-71.43416715647155,-52.742432188797004],[-71.39706417863212,-52.7805050685963],[-71.40222342878594,-52.80167555241181],[-71.3882350078104,-52.796109702254185],[-71.40969153427291,-52.83395783867289],[-71.48709368405459,-52.836990111106395],[-71.57243213496109,-52.889008268224735],[-71.6174398543128,-52.89306032221827],[-71.85953052601779,-53.00231605353837],[-71.90924040575733,-53.003262641144595],[-71.94466483118273,-53.06123645488835],[-71.96264036166478,-53.05836597024138],[-71.95942080866965,-53.077152049644624],[-71.97895431699335,-53.076936114475195],[-71.98127095712674,-53.10140701552693],[-72.02446085914423,-53.109133650470724],[-72.00491454623449,-53.119564195841456],[-72.02404802038912,-53.132274022963685],[-72.13036600222374,-53.145639778688],[-72.2370289559921,-53.06135364916079],[-72.355803027862,-53.03721729858043],[-72.24493553635578,-53.08597144079169],[-72.23628687210893,-53.098832584611905],[-72.28994458790908,-53.09414297819776],[-72.23250720246617,-53.1072145985596],[-72.23447861644262,-53.12577051698124],[-72.29493470685446,-53.10279773794372],[-72.30152484389849,-53.07078119814659],[-72.29834725121029,-53.08493643145065],[-72.36187402131682,-53.07223036695543],[-72.40302098908823,-53.04097034702511],[-72.40504143670613,-53.06777953774649],[-72.56049812426983,-53.084654027169115],[-72.60400044956337,-53.07400002241635],[-72.56411698829021,-53.09193664130479],[-72.49527783402,-53.07418673082354],[-72.44075084906216,-53.093874331335726],[-72.38345091663751,-53.085942509432],[-72.32699282061844,-53.11956538083014],[-72.35152408716073,-53.134793073354736],[-72.27074329454375,-53.15970947309597],[-72.2583551952974,-53.14788588536253],[-72.27424489428358,-53.14068516756853],[-72.24598412721052,-53.14455493398009],[-72.253484060008,-53.15971697065428],[-72.2037679585368,-53.194984825462406],[-72.27770118300047,-53.21485082247806],[-72.36669303455679,-53.18040394913895],[-72.40477405316183,-53.20296103234051],[-72.3531493919363,-53.199683661901574],[-72.31811611185022,-53.2239280462584],[-72.36107401945402,-53.2409225666095],[-72.43172547360598,-53.22666967097626],[-72.42208170150148,-53.21430440869886],[-72.4427467367402,-53.1920775721983],[-72.52097256528062,-53.18802792331418],[-72.44890391636,-53.23912430867623],[-72.54257074618195,-53.21676480182464],[-72.53065839111683,-53.19596065966219],[-72.62064892043576,-53.19991941096027],[-72.42077299896464,-53.259193585745024],[-72.48219787569802,-53.30928693076979],[-72.52847508163286,-53.27032008119633],[-72.55778079779049,-53.272234396858785],[-72.53409254085354,-53.272401806728915],[-72.52124533512335,-53.30082422223932],[-72.53636730242671,-53.32150089279094],[-72.5071646787277,-53.35321323995798],[-72.54260119457851,-53.37799660431421],[-72.61102919443478,-53.38042341047797],[-72.64380918897119,-53.34564531783669],[-72.67792769753545,-53.34732431028442],[-72.62268912829497,-53.38417746605095],[-72.63414048143103,-53.39008260253745],[-72.58123672883538,-53.40024067075587],[-72.60198064064762,-53.434178483826685],[-72.55519571589737,-53.39400519530363],[-72.51912491399749,-53.403333188769736],[-72.39078803517965,-53.534296541382375],[-72.55645591929033,-53.539217794981454],[-72.53292607396554,-53.49942847698201],[-72.57668833576969,-53.520331719237184],[-72.59374638181775,-53.510494136386875],[-72.57811031137228,-53.507561544029755],[-72.58554558792719,-53.49610305457261],[-72.6535693000915,-53.48518350276624],[-72.60022159648919,-53.46228563835521],[-72.66020157261396,-53.480627261034435],[-72.6829141037438,-53.470722046799715],[-72.66520976476454,-53.46495349789641],[-72.71971495749192,-53.4616029973089],[-72.75830053643584,-53.43528913317452],[-72.76192270176489,-53.39819986978725],[-72.78387775278591,-53.403081720402355],[-72.78171097948969,-53.43553600953062],[-72.79503047897207,-53.43525940270412],[-72.81924375178524,-53.40582636972096],[-72.79807134537907,-53.39801584247872],[-72.81470013865517,-53.38419141552501],[-72.80353606045877,-53.37537517773562],[-72.81916650565394,-53.397998761996874],[-72.90810013919334,-53.384604264308514],[-72.8770938205747,-53.353655938017944],[-72.93101454153044,-53.36661593777266],[-72.9796195455728,-53.334550761990414],[-72.96691867809736,-53.320847378715115],[-72.99747698442592,-53.323219779723544],[-72.99884920054828,-53.30578284064631],[-73.0172024851837,-53.31251196711238],[-73.04872904692945,-53.28313123535247],[-73.03777277510943,-53.309141378161875],[-73.06759766539898,-53.28719690804844],[-73.15603182306397,-53.2740688763426],[-73.17740353598727,-53.26121262764045],[-73.16111637470868,-53.23482526545178],[-73.19342555771313,-53.25494580197234],[-73.25932682664384,-53.20856686731123],[-73.20280215468244,-53.22050130006146],[-73.3130117209729,-53.1652384164389],[-73.12935599496919,-53.18880414656731],[-73.1575885235013,-53.19723670799862],[-73.13304167568043,-53.19401866825959],[-73.12250377084776,-53.21264625253407],[-73.11925855657823,-53.19183757440309],[-73.08471084914088,-53.17572511713946],[-73.04108723691094,-53.175562674880084],[-73.02324126235749,-53.19919813858661],[-73.01441479636311,-53.1702203103262],[-72.96706532986411,-53.18701001515686],[-72.96858837671594,-53.20273623428965],[-72.96674478851287,-53.17325250798109],[-72.93925617732542,-53.17381820611696],[-72.90525029863318,-53.1906819944904],[-72.92636540150733,-53.213756460740505],[-72.88384098313041,-53.197791465896195],[-72.85107775385214,-53.21092907018945],[-72.85142899872147,-53.22729460275276],[-72.82609894933024,-53.215899660189464],[-72.75314131772302,-53.2430492714515],[-72.75291996295556,-53.26240921954145],[-72.77186179322241,-53.25979116611934],[-72.75005953035986,-53.29420828960862],[-72.76723489009584,-53.312265557919424],[-72.7502467410617,-53.31354014723827],[-72.73934069135424,-53.2959204889402],[-72.71513519435818,-53.303071513015034],[-72.73384498260064,-53.261726897517256],[-72.6835967164602,-53.259166961807885],[-72.85423962512456,-53.189901854019574],[-72.80953685955728,-53.181854169116384],[-72.71731983245046,-53.207717650002046],[-72.7583480528228,-53.18689651054679],[-72.73599548201717,-53.18718735975585],[-72.75014447325651,-53.16354748236874],[-72.80472582964524,-53.16439976942478],[-72.77439165657333,-53.15853168145297],[-72.7865367426707,-53.1471015613856],[-72.70349044292462,-53.169936198868946],[-72.72010251406167,-53.15679079446942],[-72.65933775443337,-53.16648340102208],[-72.66162896775263,-53.15346797590721],[-72.73153399107377,-53.15015782610091],[-72.70484341354033,-53.14755279786306],[-72.73293804708305,-53.10998073066862],[-72.73910598941828,-53.13859755957916],[-72.7882481949837,-53.13535776515886],[-72.7913399177139,-53.11188898264078],[-72.85424248895369,-53.15758858264695],[-72.94064595191834,-53.106994024319135],[-72.97318756232443,-53.10933680784268],[-72.92726026187087,-53.10585768488093],[-72.91197817795297,-53.076972787848376],[-72.8470055307691,-53.037306955326564],[-72.91973498220932,-53.053041102925164],[-72.94648759470132,-53.01682394078642],[-72.91511441310382,-53.003170189640976],[-72.96283605521828,-52.939030201890255],[-72.90352924692304,-52.921607985958026],[-73.01019075620042,-52.85533924956338],[-72.90539917462857,-52.84511701764114],[-72.78341708053853,-52.78530560618038],[-72.81891999087199,-52.82227563709267],[-72.80231814795275,-52.826145923414565],[-72.68210487618302,-52.723342724175836],[-72.65127582661098,-52.73739709369536],[-72.65123563868012,-52.758183639937855],[-72.62873480542845,-52.74827890038844],[-72.60259825576166,-52.77086037919957],[-72.61637185811173,-52.81131619068912],[-72.71972800372478,-52.8694929651833],[-72.7184137379214,-52.9050102082305],[-72.69407172215499,-52.9069666083639],[-72.67997466342055,-52.86444041185731],[-72.57604302110387,-52.80364715731682],[-72.52185773731381,-52.807975786232255],[-72.63892032273472,-52.87789914018968],[-72.55222508516916,-52.82668150042797],[-72.6005892311209,-52.868470755370936],[-72.48828307331411,-52.825273717903464],[-72.46405652340106,-52.83256199717785],[-72.44017948910043,-52.88584208698306],[-72.42066378448735,-52.88066128504911],[-72.44295961051307,-52.859992984615026],[-72.43205726096629,-52.82095331695149],[-72.29804578468578,-52.75904251952721],[-72.25440147527169,-52.71342799226255],[-72.20169804339116,-52.703153622097304],[-72.16545962484241,-52.64825691078002],[-72.13045885029487,-52.67016086540175],[-72.08947839424454,-52.65662142158645],[-72.04809107143907,-52.68315073652807],[-71.99983628010182,-52.66628146707751],[-71.99923918879708,-52.64644535872493],[-71.96724285576846,-52.64750993307549],[-71.91948830477187,-52.68680006826766],[-71.77683596431616,-52.70325391629032],[-71.46995600774646,-52.65285818328637]],[[-72.17795799678144,-52.6846553534065],[-72.18304462622942,-52.68557060922196],[-72.17881354057995,-52.6865866314022],[-72.17795799678144,-52.6846553534065]],[[-72.46710111422324,-52.86958507912193],[-72.47100933637644,-52.86864696841004],[-72.47223620957742,-52.870002870827065],[-72.46710111422324,-52.86958507912193]],[[-72.62240296097805,-52.754725723078195],[-72.6247431028359,-52.75354513129088],[-72.62564795426204,-52.75550676104858],[-72.62240296097805,-52.754725723078195]],[[-72.69626557426712,-53.1642030872687],[-72.70170980955496,-53.16656906372393],[-72.69623086965275,-53.16620236140619],[-72.69809125814827,-53.16523831788456],[-72.69626557426712,-53.1642030872687]],[[-72.73326451282361,-53.167739275461116],[-72.74072444723477,-53.168967904826076],[-72.73883977548046,-53.17041041587082],[-72.73326451282361,-53.167739275461116]],[[-72.7234432767381,-53.16329107239504],[-72.75253686023296,-53.1561482967425],[-72.74285885782454,-53.16000862842614],[-72.7234432767381,-53.16329107239504]],[[-72.75819284729789,-53.16003744049447],[-72.75836261271691,-53.15677981130556],[-72.76690749549728,-53.15659260798951],[-72.75819284729789,-53.16003744049447]],[[-72.68187547610387,-53.18018442232021],[-72.67849821038587,-53.18107514984611],[-72.67940841307615,-53.17896254126162],[-72.68187547610387,-53.18018442232021]],[[-72.67324805342022,-53.18179881374873],[-72.67913676433085,-53.18265283081701],[-72.66901261633154,-53.18649857861366],[-72.67324805342022,-53.18179881374873]],[[-72.70226851944085,-53.18318839026926],[-72.70197445952586,-53.181921801234935],[-72.70420876187694,-53.182095338224606],[-72.70226851944085,-53.18318839026926]],[[-72.69779259885904,-53.18162368044986],[-72.69874398032194,-53.18007683885624],[-72.70188318799805,-53.180920128026386],[-72.69779259885904,-53.18162368044986]],[[-73.00021909901722,-53.30263961455915],[-72.99569005386611,-53.29901457454407],[-72.99983849720438,-53.29912505006382],[-73.00021909901722,-53.30263961455915]],[[-72.84885221456666,-53.23344052572745],[-72.84506154056166,-53.22876065569031],[-72.85485972767361,-53.22893747804363],[-72.84885221456666,-53.23344052572745]],[[-72.54008372977516,-53.32837968241083],[-72.54800981436028,-53.327849107903155],[-72.54862912459524,-53.32968322305241],[-72.54008372977516,-53.32837968241083]],[[-72.91640726935904,-53.359261224067716],[-72.9145283602973,-53.36008922055952],[-72.91489218158063,-53.35918698984571],[-72.91640726935904,-53.359261224067716]],[[-72.78844675410252,-53.37305276323213],[-72.79014305812488,-53.37666804644964],[-72.78622040184172,-53.374383627398274],[-72.78844675410252,-53.37305276323213]],[[-72.85563782232155,-53.38308318776742],[-72.85304856685566,-53.38378150697051],[-72.85443603367659,-53.38220496869082],[-72.85563782232155,-53.38308318776742]],[[-72.83652688150751,-53.38895830333956],[-72.83227518581052,-53.38925361441819],[-72.83391464264506,-53.38641541867519],[-72.83652688150751,-53.38895830333956]],[[-72.75940429103554,-53.391148170124154],[-72.75775394572142,-53.394096794280294],[-72.75587396676617,-53.39074660105207],[-72.75940429103554,-53.391148170124154]],[[-72.75629485891781,-53.39459083172262],[-72.77662159041718,-53.39314625849022],[-72.77063598901663,-53.396796350941884],[-72.75629485891781,-53.39459083172262]],[[-72.74853780223488,-53.396344326643074],[-72.75147543963934,-53.39617626749228],[-72.75317926166231,-53.396953269089266],[-72.74853780223488,-53.396344326643074]],[[-72.75391609579096,-53.39834521500291],[-72.75857479658363,-53.401002807423026],[-72.75340391324688,-53.39978819296786],[-72.75391609579096,-53.39834521500291]],[[-72.48804964878248,-53.44075744456469],[-72.48688163769052,-53.44179047736034],[-72.48686250537158,-53.44086463956622],[-72.48804964878248,-53.44075744456469]],[[-72.54193099837596,-53.49539820227131],[-72.54402550400421,-53.49935258861712],[-72.53695411610627,-53.49403266442583],[-72.54193099837596,-53.49539820227131]],[[-72.60612533172295,-53.49491076850026],[-72.6103028032213,-53.49562317935119],[-72.61103461936078,-53.49689527398926],[-72.60612533172295,-53.49491076850026]],[[-72.6116171992804,-53.494571601090364],[-72.61571810916371,-53.49486308052841],[-72.61666404863261,-53.495899885831356],[-72.6116171992804,-53.494571601090364]],[[-72.54186874692341,-53.52774077172159],[-72.54928485522677,-53.53033901060905],[-72.53303257912394,-53.53158735292973],[-72.54186874692341,-53.52774077172159]],[[-72.52990336071377,-53.528645098650664],[-72.5336400926826,-53.52944169292848],[-72.53215679358713,-53.530034529675234],[-72.52990336071377,-53.528645098650664]],[[-72.34893364232538,-53.049484635952346],[-72.34370187028034,-53.05062015959829],[-72.34721283226204,-53.049123037061065],[-72.34893364232538,-53.049484635952346]],[[-72.332216006566,-53.053150364891344],[-72.33073053893744,-53.05331894680253],[-72.33359467349042,-53.052534898384415],[-72.332216006566,-53.053150364891344]],[[-72.34256329338695,-53.056048110303614],[-72.3395772906876,-53.057718430635276],[-72.34042822972194,-53.055879228075746],[-72.34256329338695,-53.056048110303614]],[[-72.33704985458458,-53.05956042843383],[-72.33556390456073,-53.06081984433808],[-72.33513754975384,-53.06012349398004],[-72.33704985458458,-53.05956042843383]],[[-72.27645014242341,-53.07873133055079],[-72.27461065502959,-53.07940109443994],[-72.27662224705544,-53.07825116972425],[-72.27645014242341,-53.07873133055079]],[[-72.26747576791918,-53.082284655104715],[-72.26362537750735,-53.083335278241876],[-72.26813115808923,-53.08164468675543],[-72.26747576791918,-53.082284655104715]],[[-72.27641188048052,-53.08382811620411],[-72.27563163796071,-53.084949346249466],[-72.27497759436528,-53.0848203842342],[-72.27641188048052,-53.08382811620411]],[[-72.25849995341552,-53.08509682859581],[-72.25151747806949,-53.087783528556514],[-72.25529185124533,-53.08496582534583],[-72.25849995341552,-53.08509682859581]]],[[[-72.66670330914582,-52.60656658588617],[-72.5828400895652,-52.63403637688668],[-72.65231277440132,-52.63731854766119],[-72.66670330914582,-52.60656658588617]]],[[[-74.42863166690516,-52.529932622612456],[-74.39222649319191,-52.53124683167642],[-74.36620704251568,-52.56517343544417],[-74.40518206718639,-52.560861345229945],[-74.4404502405496,-52.53879029653762],[-74.42863166690516,-52.529932622612456]]],[[[-73.67556181541187,-52.55247604498197],[-73.63362066686072,-52.5684369552107],[-73.67137124557836,-52.580094598047125],[-73.68920028149881,-52.563641661898785],[-73.67556181541187,-52.55247604498197]]],[[[-72.64046311904805,-52.57248324342812],[-72.62164238886801,-52.58878780125386],[-72.6776676711933,-52.58329112120323],[-72.64046311904805,-52.57248324342812]]],[[[-72.28018425939645,-52.57575802581093],[-72.27246033797107,-52.5990201117516],[-72.24061495784277,-52.58286112785076],[-72.23143317222089,-52.59501201504645],[-72.2706860637753,-52.61385001701882],[-72.29246916647115,-52.58055250038664],[-72.28018425939645,-52.57575802581093]]],[[[-73.59893659156998,-52.5154585188293],[-73.57278754903254,-52.54910002758409],[-73.59463666981694,-52.55204138352506],[-73.59893659156998,-52.5154585188293]]],[[[-74.55678888176786,-52.451955522873334],[-74.50329559000409,-52.48055807866669],[-74.57603740855083,-52.48838960282916],[-74.55081243240345,-52.46986750175241],[-74.58316467435438,-52.46517033037229],[-74.55678888176786,-52.451955522873334]]],[[[-74.49971327843262,-52.40168274537219],[-74.46997662067025,-52.459865547425366],[-74.55220540859203,-52.414291415422355],[-74.49971327843262,-52.40168274537219]]],[[[-73.99217713810906,-52.41645082774503],[-73.96897184960486,-52.42752195054854],[-74.08374887300795,-52.44314226348516],[-73.99217713810906,-52.41645082774503]]],[[[-73.72553275814938,-52.41989305928767],[-73.6482018833973,-52.49286269339724],[-73.67517407738242,-52.490170419588246],[-73.66401191080095,-52.50614959998094],[-73.68495842774405,-52.51228370486817],[-73.72484894258882,-52.505417304637874],[-73.69141171184444,-52.52867397000144],[-73.7251660892066,-52.5591103013436],[-73.69371111420584,-52.584915627638026],[-73.80311267194935,-52.545799252154474],[-73.75160098824387,-52.58451715480668],[-73.77555345138396,-52.59387786175756],[-73.74900589822018,-52.58513201883522],[-73.72330697542046,-52.60667118302533],[-73.7425752840043,-52.58330362764592],[-73.70118195326623,-52.59113505584122],[-73.73069958110106,-52.66179512209436],[-73.80888819782913,-52.701284785256945],[-73.75497444959663,-52.68591144248572],[-73.76923913306476,-52.704828503218394],[-73.8341457810247,-52.726226821553475],[-73.82163174875532,-52.71953790172961],[-73.84565577348758,-52.7206305469597],[-73.83424990654594,-52.70175094511993],[-73.86525579307491,-52.708069902218455],[-73.83284667968164,-52.727926685218],[-73.88559831246539,-52.73354832029385],[-73.90328648266782,-52.753242167216484],[-73.9391386022882,-52.72982896730494],[-73.93737263301723,-52.7057646590254],[-73.86170767587473,-52.66983374356282],[-73.90474067994133,-52.679587543055476],[-73.81395192652555,-52.598193611327325],[-73.91403288018971,-52.66787462194945],[-73.95055989150664,-52.6816908783629],[-73.96611873199053,-52.66591418889288],[-73.84189316105542,-52.569687124364954],[-73.90455516705536,-52.599351610124955],[-73.89593117683444,-52.57565058868911],[-73.97112547156532,-52.62597172607874],[-73.98091958481746,-52.59810642437027],[-73.98660305943176,-52.61590041164391],[-73.96819373878722,-52.62763507716359],[-74.00770052658027,-52.63691639787259],[-73.99908407322458,-52.65125894077798],[-74.0442027417004,-52.63050861084038],[-74.07193112491527,-52.64661862434126],[-74.02077824091067,-52.61157307964401],[-74.03279449242662,-52.59116730492667],[-73.98170409523318,-52.577751305952965],[-73.99838597714593,-52.55850689007787],[-73.96173796815012,-52.563424480936476],[-73.95096219661674,-52.54715409615046],[-73.97717838732338,-52.554091459357515],[-73.99947052935812,-52.53334494035999],[-73.8951514364729,-52.49233928958477],[-73.92824258406753,-52.532226248063466],[-73.86879082002478,-52.51421291569248],[-73.88421199099642,-52.53959798576728],[-73.84014924452636,-52.532823140909215],[-73.87450650912348,-52.50688278256739],[-73.81397305669766,-52.47320252078169],[-73.84062280041154,-52.4522715539486],[-73.806516964381,-52.437778403280795],[-73.77207441013753,-52.45559899047695],[-73.7828298087786,-52.443298049757296],[-73.76000127550117,-52.44029217444686],[-73.78713612114656,-52.433222358483256],[-73.72553275814938,-52.41989305928767]]],[[[-73.88309172176855,-52.40496131643076],[-73.84402634724148,-52.429349346178924],[-73.85065705849195,-52.4556997655932],[-73.86572679055816,-52.44811420903856],[-73.91651924980951,-52.482800460886146],[-73.96610241858498,-52.47681387349043],[-73.93673410961497,-52.471894697041066],[-73.9458565893601,-52.4626098914454],[-73.98294402634512,-52.47026267163943],[-73.88309172176855,-52.40496131643076]]],[[[-74.17244209402111,-52.38670608651408],[-74.17912228627407,-52.40900281160716],[-74.21585411257745,-52.423698128486606],[-74.20211843709866,-52.39800226847184],[-74.21786450265742,-52.40016956635853],[-74.17244209402111,-52.38670608651408]]],[[[-74.6342721548096,-52.339746901279],[-74.59316167840166,-52.35064990778052],[-74.58402399736528,-52.38059013255417],[-74.60414531110862,-52.39086390525766],[-74.61020003517532,-52.37439943062086],[-74.62339466254501,-52.39501819851501],[-74.63962349890714,-52.37894105318346],[-74.65733448182621,-52.397355032531486],[-74.7022013399515,-52.375378216875156],[-74.6342721548096,-52.339746901279]]],[[[-70.7096825228707,-54.353935858229505],[-70.66298361719876,-54.36259569033286],[-70.66892635279059,-54.34408878749774],[-70.64930024702572,-54.337301295388436],[-70.5752106564138,-54.35511928389004],[-70.67754017408251,-54.44063767423071],[-70.70758388678875,-54.43468023184463],[-70.70654089153993,-54.45556758969397],[-70.68303175777233,-54.46158320676595],[-70.7827811423668,-54.579849080650206],[-70.75496431462233,-54.57706616125905],[-70.76602817676564,-54.622594393697426],[-70.71709714536057,-54.551429660987154],[-70.66616692856209,-54.5860754741775],[-70.6707289652403,-54.60569307648752],[-70.62056819500853,-54.60700363186027],[-70.70588112028624,-54.536688798843045],[-70.67634231466856,-54.52961310271381],[-70.69110230223491,-54.51926390803826],[-70.64400216224473,-54.446523772440116],[-70.55756044093043,-54.40152664033343],[-70.43544298869338,-54.47567170588487],[-70.46666283595675,-54.483353716819224],[-70.33147348418412,-54.509208242195655],[-70.32208230845605,-54.51905668989824],[-70.35512612471668,-54.51561975078001],[-70.2336401485985,-54.5882262608993],[-70.19040947115194,-54.584174848921236],[-70.26894040529207,-54.557590005236605],[-70.30661690533812,-54.526577358256596],[-70.30098147532017,-54.501504895275126],[-70.14053817852889,-54.560292080352184],[-70.104228893684,-54.55818707404402],[-70.20138362483603,-54.521913746378466],[-70.1753830890864,-54.51477960156401],[-70.40696259521148,-54.45177039455433],[-70.45367826164996,-54.41636611291741],[-70.43369407303979,-54.39357852916306],[-70.5108152477669,-54.39050329845586],[-70.51251908506123,-54.35626796146633],[-70.48946346845976,-54.34829423626684],[-70.52738014836838,-54.30234908408323],[-70.87315179110325,-54.256249556112564],[-70.91377156458388,-54.17047583647378],[-70.85846191794316,-54.16737039105064],[-70.94206998903364,-54.12036118217845],[-70.82944839589968,-54.14169524776844],[-70.5022156342295,-54.28398272040091],[-70.46301611517939,-54.279351764224835],[-70.39742491234539,-54.31408974757017],[-70.38970119483758,-54.301059940046386],[-70.31316912090077,-54.331746697749004],[-70.31329492187146,-54.34847775586307],[-70.27793042934688,-54.34265338717647],[-70.26952083464491,-54.35636497454465],[-70.30768550167424,-54.35343873025685],[-70.20344955415676,-54.37316354104854],[-70.21662057380078,-54.39913394859059],[-70.13131829535581,-54.437108375737445],[-70.11149062470919,-54.43179129311117],[-70.15749049646128,-54.400548027283016],[-70.13793043932768,-54.40033169556953],[-70.14783209169912,-54.386304003858584],[-70.03647873379505,-54.38424316711128],[-70.14639196294125,-54.368819582614755],[-70.2023411112496,-54.33870868390846],[-70.19796668682014,-54.31546614742068],[-70.11944325720589,-54.30257074307614],[-70.12705604984409,-54.29190428641745],[-70.08191832001626,-54.25411850589107],[-69.98678312559045,-54.26912262061419],[-69.96736163089447,-54.30557238263839],[-69.93450532357636,-54.309217418184275],[-69.97853195058546,-54.328133444118045],[-69.95011418225526,-54.33132534954026],[-69.93086035541212,-54.36192039175229],[-69.97027638641202,-54.38095364367027],[-69.9520186699464,-54.39807027384837],[-69.90275979927674,-54.37678162556287],[-69.8767535744964,-54.407368852783065],[-69.91194418462304,-54.43624107679925],[-69.85738055828305,-54.41863887662858],[-69.81600010848784,-54.449462000001596],[-69.88901686271551,-54.47724722479723],[-69.85865118213331,-54.48852776083332],[-69.91031383670546,-54.51767161820381],[-69.87285769250028,-54.5193710849633],[-69.79977611135016,-54.46716870533721],[-69.74642187160585,-54.51845442334509],[-69.86395566381745,-54.58373972190389],[-69.77219092498146,-54.54414704212244],[-69.73006557328804,-54.58107948205527],[-69.76663871668806,-54.60462451597928],[-69.72102558942869,-54.58820884196035],[-69.74884594575562,-54.54449597129125],[-69.71217910627485,-54.50414082245638],[-69.76163546706815,-54.44327119946745],[-69.8010931017438,-54.42659810464765],[-69.81128549385694,-54.40996528351645],[-69.79286939183032,-54.405837062085375],[-69.82600026652008,-54.37940650639902],[-69.82922105739368,-54.34542455105959],[-69.86924993255512,-54.32169645592678],[-69.84582287066851,-54.287637365161146],[-69.7390702183224,-54.309654262505866],[-69.61076784738788,-54.36547552267432],[-69.6370548379153,-54.39385236311719],[-69.60512962899928,-54.40326354647256],[-69.64271635231415,-54.45124966791755],[-69.58521497178874,-54.49935571871422],[-69.56419391713494,-54.482813999140724],[-69.60217176692453,-54.452000090242194],[-69.56717234883307,-54.425660893131194],[-69.60123280197547,-54.40335523536619],[-69.55821902005931,-54.41866029550891],[-69.55921732861434,-54.43635134714712],[-69.49278901541146,-54.44183452927546],[-69.53589590501188,-54.431723703976196],[-69.55392051135621,-54.40553506483846],[-69.54847945610449,-54.34084837423722],[-69.45564864160508,-54.34610363688658],[-69.39277481465776,-54.393965460897604],[-69.19936929198983,-54.45132377939515],[-69.20666991916848,-54.4903802060238],[-69.25657453120373,-54.4991760723388],[-69.26018827123374,-54.520357123669484],[-69.3489197191555,-54.57018009333902],[-69.36569350680666,-54.60994004124196],[-69.40553527008093,-54.6120986785036],[-69.37751686487829,-54.61897729680468],[-69.40938834825211,-54.65034244103401],[-69.51473229131572,-54.67505348902212],[-69.46840833885015,-54.687492094751654],[-69.38333020444162,-54.64641377806801],[-69.34301430407218,-54.72293592224263],[-69.33617013244894,-54.69008179872303],[-69.3770692685082,-54.639430096109926],[-69.32830398884947,-54.62814630677408],[-69.28737205889246,-54.564791208256864],[-69.21600601289829,-54.524709582392575],[-69.17235768801488,-54.564631846861815],[-69.12927244242293,-54.57081266846926],[-69.1514367461079,-54.519101972860256],[-69.17414950810479,-54.50794257690719],[-69.13188208784916,-54.451500939549476],[-68.95570394186375,-54.47684548458345],[-68.99673061803209,-54.45773771427829],[-68.96324014054758,-54.446415505481426],[-69.17061154456225,-54.37744765744562],[-69.15311944065371,-54.369945063314155],[-69.66033939825176,-54.212171281907516],[-69.92107128530199,-54.163128284701564],[-69.90020100568208,-54.155569834775974],[-70.07589708783829,-54.067834519390495],[-70.04138438056104,-54.05653304243631],[-70.08187701637779,-53.98587152233397],[-70.1369870456843,-53.9373384725293],[-70.14141689167519,-53.886808768530585],[-70.17447751900805,-53.83429403033345],[-70.17070600337311,-53.7734339312911],[-70.13486639728464,-53.744912526602846],[-69.95942593164087,-53.710645055065164],[-69.90693907459217,-53.661259982560104],[-69.78051688922542,-53.666431912923564],[-69.6708703609039,-53.64566238658409],[-69.35742255449239,-53.52372374994012],[-69.31074361836924,-53.48425125078001],[-69.31690075217499,-53.43831898421237],[-69.37084498114339,-53.357672892944414],[-69.57413063254853,-53.34631509051849],[-69.88595261226331,-53.379477666941035],[-70.2141995862623,-53.47725611809768],[-70.28347606826061,-53.450453316505545],[-70.32831171442133,-53.3953325405443],[-70.44790723992301,-53.374303853443486],[-70.43971083699753,-53.312980835086975],[-70.36595878296373,-53.30177707952201],[-70.46436312367656,-53.303924554252326],[-70.41769035269122,-53.01263504445639],[-70.32124610897888,-52.96794842821017],[-70.34134334338104,-53.00685343662205],[-70.31131471877828,-53.03550044428187],[-70.34134368474083,-53.066083581430846],[-70.24720918389713,-53.06242410820038],[-70.13822068319935,-53.0139892789843],[-70.08936913203569,-52.92767615980534],[-70.12007184344448,-52.88737419485073],[-70.23469990012232,-52.88156351066673],[-70.29890315912998,-52.912267430792966],[-70.25876111870059,-52.862339974086176],[-70.27985810794539,-52.80433098067258],[-70.32379032830634,-52.78155288683394],[-70.43712442290285,-52.78057049012278],[-70.33094214237168,-52.7441489827246],[-70.14166948894993,-52.7307483803154],[-70.04283749716127,-52.81783771950275],[-69.9802513502938,-52.84664352380095],[-69.92018967778384,-52.845034965038415],[-69.8365388738353,-52.78584098508725],[-69.74706810704483,-52.776509314107386],[-69.69896705967348,-52.75167028189223],[-69.59148328199235,-52.64816605144281],[-69.61065871286065,-52.579624496764275],[-69.6021458056128,-52.544633838203666],[-69.43025855421014,-52.452982080038865],[-69.3794471997951,-52.47250390522892],[-69.20967992575055,-52.66674479683901],[-69.14611919842797,-52.69608856055367],[-69.08301010719931,-52.69366342606736],[-68.79565616430891,-52.58213114445573],[-68.78527827368285,-52.607290127694746],[-68.76858508108238,-52.54261058129097],[-68.6100641960671,-52.65397116573775],[-68.59540718597502,-54.80908560480422],[-68.60914627864516,-54.89280542204799],[-68.65967222571803,-54.8962096137342],[-68.7054304569469,-54.85742673404816],[-68.82994576600218,-54.830201341480794],[-68.82054806940347,-54.85963620924521],[-68.73579566411695,-54.884606781224804],[-68.7050299206196,-54.9116492481116],[-68.84207711955382,-54.953742546868384],[-69.08218094961566,-54.96550332958964],[-69.2301451352459,-54.91643193512183],[-69.27686458987993,-54.923094763704064],[-69.4146999445933,-54.89159728572223],[-69.38176993859095,-54.87349959219236],[-69.46318184171247,-54.891728619458355],[-69.6532007651666,-54.84555250580675],[-69.64853957873552,-54.803091179006245],[-69.58470183074226,-54.77338249334742],[-69.60558490327011,-54.76952516402557],[-69.61882476710257,-54.73168498774188],[-69.63045342162457,-54.74763259200955],[-69.61195769293116,-54.774004309324006],[-69.66547405073649,-54.801093021381355],[-69.67064918669782,-54.73802169382309],[-69.70540935108973,-54.70350277257648],[-69.71626824283803,-54.71165798530472],[-69.67279879678222,-54.778056003877296],[-69.71729784959588,-54.8139146309277],[-69.68611486110694,-54.79145241056786],[-69.67118809142664,-54.810893394745115],[-69.68888648715196,-54.8368166514845],[-69.76484558326122,-54.83450519953172],[-69.74915745364838,-54.8206583171323],[-69.75388628052542,-54.778551132058325],[-69.72760608934638,-54.76546507955106],[-69.78400534301939,-54.72684312167205],[-69.73575597750643,-54.772263248902775],[-69.76607647103319,-54.78048383595341],[-69.76908189890226,-54.83428349045933],[-69.92098064798478,-54.84630180412879],[-69.95897990552588,-54.804783179565675],[-69.97618790824265,-54.729025637083446],[-69.93717479769883,-54.67901876803068],[-69.98773106111591,-54.72609933147975],[-69.98151013973849,-54.80683692159092],[-69.95043448016307,-54.85032864347008],[-70.0909472024953,-54.86387201336258],[-70.10079253768495,-54.85281945052367],[-70.0686490794774,-54.793068974879965],[-70.0910907236333,-54.82085189349097],[-70.1552019861727,-54.79231898197389],[-70.09550518866989,-54.834743443657416],[-70.15057239349017,-54.861871103923825],[-70.2337204337304,-54.836460968734116],[-70.16800396442328,-54.87413707085247],[-70.32078736271947,-54.86030974716545],[-70.33236396885391,-54.80868985160955],[-70.25041969894218,-54.759703159645625],[-70.25971693424775,-54.74428499807885],[-70.22653449895563,-54.707415389877035],[-70.17086883289983,-54.69637355706616],[-70.23696679065696,-54.70189918421992],[-70.22835615299442,-54.68703852522098],[-70.26891160260911,-54.733908814400195],[-70.31357172964144,-54.7525240659373],[-70.29605604136344,-54.763008821676415],[-70.32875717729264,-54.78569893134979],[-70.35016292378877,-54.84500502521599],[-70.59944461652965,-54.78655053183659],[-70.56264282224542,-54.78498003310229],[-70.58631756852047,-54.77486142607129],[-70.62170766662392,-54.78566917476197],[-70.5966431071284,-54.80547779284794],[-70.63678829525452,-54.80772529364027],[-70.64621212204823,-54.82438181178392],[-70.59497942542558,-54.823883185388496],[-70.55638054872051,-54.85001046085652],[-70.54461063771335,-54.82808283093433],[-70.48441343637649,-54.82528575291863],[-70.41588939403994,-54.83793160813558],[-70.36783570225712,-54.87120418338355],[-70.6126680825149,-54.91089078167243],[-70.65930061256877,-54.889435553953255],[-70.67006820134823,-54.91018502854405],[-70.68683646166542,-54.87749322811938],[-70.73037924079115,-54.88154773334052],[-70.74213761743007,-54.86285062792015],[-70.71107506876625,-54.842255671413206],[-70.76957975876788,-54.82490785377562],[-70.78526648970382,-54.84682964595393],[-70.85179163320947,-54.82598008566859],[-70.80301411759827,-54.798154201035224],[-70.8220180223496,-54.773001730246946],[-70.72631945757817,-54.76673911748664],[-70.73120724673461,-54.73448695090669],[-70.75714535316526,-54.73857193969441],[-70.76511089175766,-54.7611652765052],[-70.94743249559691,-54.75245308453871],[-70.89924467007083,-54.713580120657106],[-70.84996105351003,-54.71991526480003],[-70.82522090800293,-54.69423732042677],[-70.76642422331315,-54.68619217862097],[-70.85024738521862,-54.70242599370791],[-70.88233540749168,-54.673231202731415],[-70.91684270331764,-54.67087887183059],[-70.90025656833947,-54.69148147291115],[-70.95814444452431,-54.699894540844475],[-70.91582525615551,-54.702869892956315],[-70.98953021421389,-54.75622796959941],[-70.98931721467686,-54.796078239827445],[-71.0268418688972,-54.77253810986207],[-71.02932093611206,-54.75466297560835],[-70.98864202923123,-54.74056852827371],[-71.00165700612051,-54.71882853413895],[-70.95949110178022,-54.71784565380112],[-70.9933385203513,-54.71116333967685],[-70.9689097021756,-54.703621189791384],[-70.99143183538096,-54.70172057304695],[-70.96706793755254,-54.675507315579054],[-71.02521919798204,-54.708684209411004],[-70.98511542847872,-54.683224196408005],[-71.01821913092778,-54.68643904120713],[-70.92590064270289,-54.615910667026256],[-70.97552746421124,-54.634337995187934],[-71.0443208421312,-54.61243592954833],[-71.02607023942434,-54.63886690433335],[-71.05640487153536,-54.659254825999085],[-71.11133730301187,-54.647999063285866],[-71.1325931045174,-54.654732464954826],[-71.12317042846557,-54.665278148875544],[-71.14811817373649,-54.69618766700297],[-71.2165530475013,-54.69613925962032],[-71.21076448167686,-54.664895143429085],[-71.26722579905453,-54.679526451071816],[-71.30949645594012,-54.65322923957896],[-71.25052222372601,-54.62751780165989],[-71.22319279760016,-54.64599689893443],[-71.13763454870656,-54.62259731347323],[-71.20053511760158,-54.633522509704285],[-71.18391116624487,-54.60567820410469],[-71.19866494735092,-54.59886237072912],[-71.20742288716049,-54.62322575523169],[-71.25038626011447,-54.61853322168861],[-71.2684200885635,-54.595275729597255],[-71.2404427992514,-54.58395351515657],[-71.24909112573171,-54.57111347603835],[-71.29545716337002,-54.58961035043368],[-71.3058406864329,-54.56530746850413],[-71.32343706947455,-54.566921422541704],[-71.29945992152876,-54.54780268593581],[-71.340443468682,-54.51845172083158],[-71.34174634294926,-54.53911843279403],[-71.31457782934532,-54.55023135498773],[-71.32332621557187,-54.5818327757694],[-71.38286438317188,-54.54974109341657],[-71.4206418843986,-54.568359255096105],[-71.34228104715584,-54.58671609232143],[-71.33151171744136,-54.621835406110186],[-71.37369175677264,-54.62620558794092],[-71.34485005639189,-54.59132926636574],[-71.41578316741972,-54.605342038622766],[-71.3831508325598,-54.62662792499443],[-71.39600538291575,-54.647945555155665],[-71.42424036923846,-54.657114995470366],[-71.42336687889723,-54.629519281790486],[-71.46462060784688,-54.63444411547533],[-71.4388973478895,-54.650778972775086],[-71.48091478945942,-54.64489720831797],[-71.45354419623905,-54.667553827948076],[-71.47560927830597,-54.685270378169044],[-71.5061200996886,-54.680669147058055],[-71.51729045531222,-54.632751968702],[-71.47610166377781,-54.58182088609286],[-71.52327336086859,-54.59730910519123],[-71.5380645972304,-54.657661346512455],[-71.53659236537925,-54.64341871979139],[-71.59663007802394,-54.64411327154324],[-71.56842268345517,-54.60990140641152],[-71.62767177768833,-54.63306813186333],[-71.56016531636294,-54.582501186271216],[-71.6041548115098,-54.603970458997146],[-71.62385823527116,-54.57105590802212],[-71.62086420073484,-54.605193873121706],[-71.66389194965706,-54.61754527559261],[-71.64199362544959,-54.63629221445479],[-71.6620315243306,-54.659510884884895],[-71.6858269835186,-54.65459784333786],[-71.68467373354335,-54.6067874018321],[-71.65614388870335,-54.61103296847576],[-71.6725162057793,-54.60166081658887],[-71.6363306926109,-54.58155377144934],[-71.69640450225864,-54.60229778707544],[-71.79191351981017,-54.57151027701013],[-71.71406527384492,-54.60787733680228],[-71.732510137232,-54.59988661146578],[-71.73599037413605,-54.62012664950224],[-71.76139093319225,-54.62451621356009],[-71.85914606414418,-54.588364183299404],[-71.80309710132971,-54.60793455260422],[-71.81664543315598,-54.611146432855776],[-71.78697169519275,-54.63506888290114],[-71.82393471730755,-54.64774939047438],[-71.87917092038558,-54.623454308021614],[-71.87345763877184,-54.64279769607393],[-71.91066820783286,-54.646710434747746],[-71.97557280224406,-54.602296514825134],[-71.94511555548665,-54.59096873630872],[-71.86478173940222,-54.607649086720045],[-71.94153516092,-54.566117516393575],[-71.89932242740393,-54.54700948044145],[-71.93142464575342,-54.54281610582133],[-71.9582211139976,-54.5664217750988],[-71.98702459196134,-54.54813792791408],[-71.97157958419363,-54.5403596391752],[-71.97998958044252,-54.526196364324555],[-72.01883695451139,-54.51023286505328],[-71.99253975463074,-54.506009951668055],[-71.94768398980091,-54.53322039780278],[-71.99909115272648,-54.49377717101931],[-71.92178756969105,-54.513820886622035],[-71.97289224650424,-54.48967871449456],[-71.95185328842682,-54.472859037752904],[-71.97236536123391,-54.4779561109238],[-71.99284088249041,-54.454439927553075],[-71.97417111509216,-54.46361049828439],[-71.9512959116408,-54.44295758486954],[-71.92492057539845,-54.46221534666431],[-71.90310715096848,-54.44412594594935],[-71.88364580610819,-54.50556656811901],[-71.8842728535327,-54.4626154307702],[-71.84334435693673,-54.46575773140209],[-71.82198529858084,-54.490807037308876],[-71.83784215875349,-54.51420213995275],[-71.80623459951182,-54.51963098365425],[-71.80069234994166,-54.532893558561966],[-71.82494689495223,-54.529827392576706],[-71.81189136361948,-54.53935688913002],[-71.66093592104377,-54.572871340466925],[-71.70068708562839,-54.55135169621569],[-71.72303245733531,-54.51129312413832],[-71.75938231279336,-54.51039041967241],[-71.76084349626484,-54.49221975458031],[-71.70870081614085,-54.483549750392015],[-71.61443428630658,-54.538003535370706],[-71.51710910252433,-54.54905890471591],[-71.6412938818607,-54.514670736594546],[-71.70700903513594,-54.470141273437385],[-71.8556755766559,-54.44818895527019],[-71.86548496755609,-54.434978534691616],[-71.82069883383886,-54.427277136295245],[-71.87445749422578,-54.41756546632924],[-71.72510599358988,-54.39710724328831],[-71.70344102384546,-54.41807700205428],[-71.72867142312222,-54.42657791800425],[-71.70666724952652,-54.4228649654018],[-71.59687797710974,-54.49411223541884],[-71.52528667765978,-54.51635395222692],[-71.54154808334084,-54.48786882395376],[-71.52610538873499,-54.47974942327251],[-71.42707876705855,-54.491757526239816],[-71.58444399551195,-54.4572790575453],[-71.61393047875589,-54.39544659856094],[-71.49579812829067,-54.43662814266235],[-71.51802639471883,-54.40546367512292],[-71.53889742173703,-54.40963193361336],[-71.50251069492815,-54.39555203699169],[-71.46598889294157,-54.43724058530334],[-71.38047908569966,-54.43102517971713],[-71.38975990519171,-54.447216232517036],[-71.36558982697066,-54.46201946250428],[-71.35499785793095,-54.438176850712104],[-71.30127888601159,-54.43511896246187],[-71.31238145835714,-54.421858786790175],[-71.37552423910388,-54.428820127246034],[-71.42387670965188,-54.40048296358611],[-71.40406005324894,-54.376573311009125],[-71.38374400271832,-54.389001365531996],[-71.35485347800355,-54.36679791604761],[-71.315911143026,-54.39108957012631],[-71.23886199521839,-54.389089543559535],[-71.18555292186824,-54.43355911557732],[-71.14679122731455,-54.414043387814274],[-70.99682869531733,-54.4556488096518],[-70.98422257045996,-54.431041378801886],[-70.91662628479266,-54.430598063646435],[-70.93559865598256,-54.36962795427517],[-70.87795206009652,-54.35431896097047],[-70.87921390201655,-54.33603693561303],[-70.7332909977323,-54.33383689352015],[-70.7330322317265,-54.37026226200681],[-70.7096825228707,-54.353935858229505]],[[-71.9373801796431,-54.603788202304614],[-71.92430098578741,-54.600614076529276],[-71.93081508313759,-54.60005692529466],[-71.9373801796431,-54.603788202304614]],[[-70.81181752743258,-54.59245364636317],[-70.83581680357877,-54.600062746224694],[-70.84396256757336,-54.61184019316962],[-70.8344907428957,-54.59932169861083],[-70.81181752743258,-54.59245364636317]],[[-69.70427111465786,-54.81472130529626],[-69.71326646931554,-54.81565566876183],[-69.71152332623596,-54.818784774871666],[-69.70427111465786,-54.81472130529626]],[[-69.38296907451088,-54.89731817203727],[-69.3821736935819,-54.89896847994038],[-69.38024567631852,-54.89769503731354],[-69.38296907451088,-54.89731817203727]],[[-68.63515225998202,-54.8851123133657],[-68.6381342022963,-54.885734916485575],[-68.63408147984146,-54.88645336957635],[-68.63515225998202,-54.8851123133657]],[[-68.69293116513302,-54.59335233087336],[-68.6920720056155,-54.59307682906204],[-68.6931227039179,-54.59320903856148],[-68.69293116513302,-54.59335233087336]],[[-68.92122421982543,-54.48415372974582],[-68.91338492237823,-54.48326857155374],[-68.94336587608377,-54.47924398258077],[-68.92122421982543,-54.48415372974582]],[[-68.95422736396324,-54.47974789458991],[-68.94336646807355,-54.478815937671165],[-68.95627127557638,-54.4776085744035],[-68.95422736396324,-54.47974789458991]],[[-70.133226165204,-53.876117421549445],[-70.15317166966307,-53.87174607537103],[-70.13935689033701,-53.880758395238544],[-70.133226165204,-53.876117421549445]],[[-70.14944318153361,-53.86172261608632],[-70.15399403957645,-53.861906914326326],[-70.14374603815396,-53.86539562855295],[-70.14944318153361,-53.86172261608632]],[[-70.27791556402553,-52.79318329111304],[-70.27924352464544,-52.79022692752681],[-70.28703485834468,-52.792020129184635],[-70.27791556402553,-52.79318329111304]],[[-69.44856040580397,-54.36565445725145],[-69.44177759001296,-54.36482644768793],[-69.45136793661258,-54.36386446979056],[-69.44856040580397,-54.36565445725145]],[[-69.46761965037005,-54.359275608471705],[-69.44242400601333,-54.36242176192177],[-69.47226438864828,-54.35335607996981],[-69.46761965037005,-54.359275608471705]],[[-69.47761960268808,-54.35584917104974],[-69.47540405716013,-54.35265756472142],[-69.47894302232422,-54.35375635013022],[-69.47761960268808,-54.35584917104974]],[[-69.46779306474576,-54.352635616628355],[-69.45420813106323,-54.35233800188401],[-69.45718635435223,-54.350462119897145],[-69.46779306474576,-54.352635616628355]],[[-69.47916702712179,-54.350302203550065],[-69.47201115446799,-54.34988003290128],[-69.47556926093415,-54.34845171946556],[-69.47916702712179,-54.350302203550065]],[[-69.4537890148809,-54.35306780756814],[-69.44912507780843,-54.354959458956955],[-69.45034298582287,-54.35365793675717],[-69.4537890148809,-54.35306780756814]],[[-69.4490852213559,-54.35584716136142],[-69.44981663145684,-54.35873673618316],[-69.44266817349744,-54.35765775176351],[-69.4490852213559,-54.35584716136142]],[[-69.44547495870435,-54.35942591971598],[-69.43837579040627,-54.36153248579945],[-69.44017927961168,-54.35946228042778],[-69.44547495870435,-54.35942591971598]]],[[[-74.59362894967309,-52.30814328036838],[-74.5714202710097,-52.32531078097502],[-74.63208776734726,-52.331533372709316],[-74.59362894967309,-52.30814328036838]]],[[[-74.48662677947705,-52.29713857511074],[-74.48364985425363,-52.31538881812066],[-74.54382461836965,-52.36367279717158],[-74.52954258214517,-52.32074772332357],[-74.48662677947705,-52.29713857511074]]],[[[-74.89432737509226,-52.24974837189343],[-74.84317934827838,-52.290653734726526],[-74.86158919084411,-52.308445994646995],[-74.84167380689651,-52.321266192080024],[-74.87897339720556,-52.30910726394656],[-74.85841922844592,-52.30456491607414],[-74.87621148015212,-52.2974723818317],[-74.85631912721178,-52.28201183360217],[-74.9277670905767,-52.278175858287895],[-74.91517578612488,-52.251192408972926],[-74.89432737509226,-52.24974837189343]]],[[[-74.23172714242521,-52.26404980594621],[-74.21363281693336,-52.27118260226862],[-74.2874135550725,-52.30903941243343],[-74.23172714242521,-52.26404980594621]]],[[[-74.29702745370223,-52.265269254073864],[-74.3004209924016,-52.28639660404709],[-74.34379812937544,-52.295553437216434],[-74.32237610001648,-52.26703346619333],[-74.29702745370223,-52.265269254073864]]],[[[-74.3217396921467,-52.25400295491674],[-74.35762787553249,-52.29497906240229],[-74.39416437036385,-52.27916940392735],[-74.3217396921467,-52.25400295491674]]],[[[-73.62460728391358,-52.28898296507526],[-73.60948649519989,-52.33687304716882],[-73.64238087311975,-52.285362667117624],[-73.62460728391358,-52.28898296507526]]],[[[-74.57022125007413,-52.23421838376048],[-74.53648324720295,-52.2669655199747],[-74.55677984651274,-52.31480237906213],[-74.59034398046066,-52.303243799061654],[-74.57036311471873,-52.28288207846872],[-74.60233479438271,-52.30751901124594],[-74.61313859155632,-52.29685041634141],[-74.60843110505719,-52.26843909184532],[-74.57022125007413,-52.23421838376048]]],[[[-74.71410675373444,-52.22383025998165],[-74.73688804820434,-52.246232707137416],[-74.6888045161844,-52.22807070948475],[-74.67942459904177,-52.23901347511814],[-74.70590991961764,-52.26083167843106],[-74.76622825338066,-52.244452691147664],[-74.76061574028392,-52.222402352262186],[-74.71410675373444,-52.22383025998165]]],[[[-74.17043347362223,-52.22676799079482],[-73.96690507856269,-52.34346225436679],[-73.95512779508199,-52.37842252126021],[-73.96771473282321,-52.385407892522466],[-74.00039889239018,-52.354704474553586],[-73.97648740410514,-52.39204198697771],[-74.02518040711273,-52.365917165332505],[-74.0046533800511,-52.39063547832295],[-74.0340223474862,-52.38551437517233],[-74.02661481989041,-52.40033559613784],[-74.04549148277331,-52.40879454882289],[-74.05704489261049,-52.39742899295163],[-74.10725415659624,-52.42276272821798],[-74.08187474747508,-52.40325107994168],[-74.16072432752124,-52.41195258682129],[-74.11647643377954,-52.38062212182338],[-74.17720767456967,-52.41172967792531],[-74.15844142002508,-52.37286369987772],[-74.17922826771465,-52.36845167057668],[-74.12278942618539,-52.334185726733985],[-74.1385316442598,-52.3277648591011],[-74.24452985998926,-52.374720082254164],[-74.20223948687982,-52.344683768793836],[-74.23795485686281,-52.3592872127806],[-74.20470829533414,-52.33263995443937],[-74.2250404167252,-52.331832373676306],[-74.12975694368366,-52.30624697478924],[-74.20517975634807,-52.29199883090101],[-74.1502476797061,-52.27976993287833],[-74.21113085166192,-52.26482265543672],[-74.17043347362223,-52.22676799079482]],[[-74.10832831170734,-52.34983503463504],[-74.10630750745827,-52.35203015769334],[-74.10078713006862,-52.34454152120134],[-74.10832831170734,-52.34983503463504]]],[[[-74.59137333838517,-52.20858702347278],[-74.59121228482778,-52.24300746495084],[-74.62294235001968,-52.266710481858006],[-74.62140447377912,-52.29251514199439],[-74.63688229969912,-52.28790139793136],[-74.6147423978505,-52.30919249080079],[-74.69378034562858,-52.30418231208845],[-74.64969567128243,-52.324207849865346],[-74.69836638439288,-52.3374014164803],[-74.77511117849066,-52.32011236398709],[-74.7788865020841,-52.29360740036043],[-74.81600664852523,-52.282414225433925],[-74.77816628588988,-52.26436165395587],[-74.80971908203519,-52.277765400221526],[-74.83370071706584,-52.25054202694572],[-74.86381883722707,-52.263773032574896],[-74.91106608353155,-52.22697614407289],[-74.87978071315138,-52.200294934066584],[-74.8346358282423,-52.19752009156655],[-74.76902491547264,-52.25015421342635],[-74.68141299387204,-52.27889760269368],[-74.68952246413252,-52.25724116340244],[-74.66178309272509,-52.241736849164425],[-74.67100876823513,-52.23357704578969],[-74.64564160404962,-52.2515920553709],[-74.64305871314748,-52.22400255057615],[-74.59137333838517,-52.20858702347278]]],[[[-74.22904433191403,-52.21170584401299],[-74.23865907226518,-52.22024939765971],[-74.21374063183545,-52.22740361656009],[-74.26004606553145,-52.255079181755995],[-74.28887198251267,-52.24922095510646],[-74.23492608716941,-52.22069860239997],[-74.30048573937401,-52.24635149996994],[-74.32526677259956,-52.23531243998588],[-74.22904433191403,-52.21170584401299]]],[[[-74.29977479738679,-52.192364314158546],[-74.26180184521215,-52.20409846782103],[-74.31136412097071,-52.223904374426596],[-74.32329390245404,-52.20865371651062],[-74.29977479738679,-52.192364314158546]]],[[[-73.7485627574939,-52.207541304504055],[-73.67664277975281,-52.25278754635134],[-73.68844140989962,-52.27931009423914],[-73.76490974387545,-52.25082930452345],[-73.76383557259469,-52.23316261407224],[-73.71316586543195,-52.24812296283055],[-73.75582044789691,-52.226901394813765],[-73.7485627574939,-52.207541304504055]]],[[[-74.41483138728609,-52.1496962115824],[-74.34866267462391,-52.18969450618808],[-74.303390634983,-52.193813068055775],[-74.35450542502967,-52.21387161355612],[-74.33221463675605,-52.19217170627407],[-74.3585384276674,-52.20273698931872],[-74.38388381219883,-52.18412686537359],[-74.46524434426253,-52.20888258480862],[-74.46623949523934,-52.1904513303554],[-74.41483138728609,-52.1496962115824]]],[[[-74.52756991591723,-52.13128988425972],[-74.57782423580439,-52.16083000086129],[-74.56330974433045,-52.134197397563675],[-74.52756991591723,-52.13128988425972]]],[[[-73.91002902788297,-52.14193255170688],[-73.80999428625195,-52.181407430694506],[-73.7949475618368,-52.234090328389634],[-73.83752257872044,-52.198747499497344],[-73.93041307818564,-52.16746337585946],[-73.92924985960572,-52.14658094883776],[-73.91002902788297,-52.14193255170688]]],[[[-74.58114589939953,-52.08467357447978],[-74.5474112247865,-52.10566234669682],[-74.60983347672533,-52.123548619126396],[-74.59522749094141,-52.14111404522857],[-74.63293143182445,-52.15637379331286],[-74.61607238776463,-52.16922125228595],[-74.63475077180307,-52.194718199743534],[-74.68371735134055,-52.17748863064352],[-74.65541299082338,-52.19314125011122],[-74.67529328208441,-52.21836330519311],[-74.7179765190103,-52.201013716657336],[-74.70017615911036,-52.211174399932275],[-74.75033577949858,-52.2148519810193],[-74.75652964811121,-52.189752470180935],[-74.79393942756963,-52.178449903610435],[-74.64810168267599,-52.10801761606924],[-74.62054166171167,-52.118884713454236],[-74.62606920047074,-52.10160208739718],[-74.58114589939953,-52.08467357447978]]],[[[-74.27578658129839,-52.09348192786445],[-74.18333650695237,-52.12930258105735],[-74.05232585557341,-52.21718618213894],[-74.03623687252798,-52.23260319094514],[-74.04902517392836,-52.23781802444248],[-73.95661381158116,-52.315349214274995],[-73.94185645877357,-52.32542317551828],[-73.9709390082618,-52.290140203116415],[-73.90160092339457,-52.3393050362385],[-73.91714378644281,-52.348511793072696],[-73.90248631192176,-52.36314917690807],[-74.06248022020395,-52.28916509833625],[-74.13879264527402,-52.23657496300083],[-74.11948768542659,-52.22948047745357],[-74.1529637162047,-52.22646512495385],[-74.1391608889635,-52.213491889361684],[-74.2230079271909,-52.20347769238513],[-74.1858415444621,-52.188710100803554],[-74.05165087224873,-52.2360749459744],[-74.23946369685842,-52.16745790456055],[-74.2241350559543,-52.15218334295941],[-74.3004585033529,-52.14878800596708],[-74.26717696771526,-52.164476744436655],[-74.28970430216614,-52.17819769810201],[-74.23909193806124,-52.16905667488024],[-74.19574797587083,-52.191296883474294],[-74.24615090854701,-52.20005070651521],[-74.35946736651955,-52.175813730529214],[-74.385356807618,-52.14464595580665],[-74.42786886787154,-52.146239544216094],[-74.39739490616165,-52.13009911978828],[-74.32326220360262,-52.13942341405907],[-74.34335172057816,-52.12509495062396],[-74.27578658129839,-52.09348192786445]]],[[[-74.21280793083889,-52.08013740629934],[-74.19438498993802,-52.09713973140469],[-74.11065251565542,-52.08475786708966],[-74.06984436276477,-52.098353260954894],[-74.02475741110669,-52.13247712035336],[-74.0595517923278,-52.140407175872596],[-74.0665082928874,-52.16866613891649],[-74.04013520333157,-52.144958499027645],[-74.01603622407032,-52.15438842650845],[-74.02502994559083,-52.139019107483435],[-74.01008536052183,-52.135379820340404],[-73.99916447603574,-52.171628974144475],[-73.8933722062717,-52.1961187908249],[-73.84829526454082,-52.22073879113452],[-73.85503897217593,-52.23094412967719],[-73.82218693455036,-52.22957713477939],[-73.82360804866859,-52.24405538299944],[-73.75197511589845,-52.273973604550285],[-73.74819135802282,-52.31951987601479],[-73.77451300824886,-52.315492867695994],[-73.7818108955659,-52.34338849055388],[-73.76480149868034,-52.347195381807005],[-73.76016180084919,-52.3215632385493],[-73.73803530276292,-52.33193727937436],[-73.73331029642081,-52.35127148070068],[-73.74955400079921,-52.35749413843286],[-73.71627856472236,-52.413203584225485],[-73.75918184757036,-52.403777748813575],[-73.77350753742607,-52.41466317889955],[-73.76029023657861,-52.421384449811256],[-73.79085820428806,-52.40949512387256],[-73.80647357036288,-52.4220087106423],[-73.793350190175,-52.415186780735326],[-73.87668145259721,-52.39070826420907],[-73.84826886035967,-52.382846431789446],[-73.8705764938415,-52.37701944422139],[-73.83949530064395,-52.36458626431946],[-73.8505408820712,-52.35481029713274],[-73.75398681302717,-52.3565436334093],[-73.9740479525943,-52.274037574737235],[-74.04835693874806,-52.214725947000616],[-74.04496694929239,-52.19638705730453],[-74.07890001324266,-52.191169881147204],[-74.0597401420934,-52.173309767396724],[-74.11133038526712,-52.1731286071023],[-74.14497997684634,-52.14850294322047],[-74.11066149431667,-52.132950064072666],[-74.15719995099738,-52.134862649500356],[-74.23667241836995,-52.10021060489034],[-74.21280793083889,-52.08013740629934]]],[[[-74.34955265174557,-52.05725551020477],[-74.29821870960052,-52.08849386238296],[-74.36365489016593,-52.1073186779355],[-74.37311724839712,-52.07146114617918],[-74.34955265174557,-52.05725551020477]]],[[[-74.03470582258528,-52.063773002034075],[-73.92474289684093,-52.10214163388617],[-73.97436656166938,-52.127637319103826],[-73.98006822087997,-52.10339192985556],[-74.03470582258528,-52.063773002034075]]],[[[-74.44423505394569,-52.0226735939466],[-74.42583702961582,-52.03505968968134],[-74.45500478071551,-52.058334653523765],[-74.55021167687066,-52.09510534965029],[-74.51951126425068,-52.05488557888923],[-74.44423505394569,-52.0226735939466]]],[[[-74.38721826780365,-52.01592187090046],[-74.35229661776467,-52.040915695482646],[-74.39264676550603,-52.05385773085552],[-74.38734373909264,-52.0367413186878],[-74.41265656688155,-52.029284383132904],[-74.38721826780365,-52.01592187090046]]],[[[-74.35078155603739,-51.99992815438999],[-74.32270799697123,-52.0149155025994],[-74.35383972040351,-52.0274152978433],[-74.36978260863768,-52.004739221546906],[-74.35078155603739,-51.99992815438999]]],[[[-74.49476216343854,-51.942432933018814],[-74.50032840970488,-51.966181330898785],[-74.45703968761623,-51.9542467616041],[-74.48926403372523,-51.98121948560782],[-74.45382622250378,-51.98742041993152],[-74.48349871270707,-52.01794238489374],[-74.53367805560735,-52.008693578763975],[-74.49264794607801,-52.03018073358861],[-74.53274684671248,-52.05213895516034],[-74.55159033032035,-52.04251951046345],[-74.55407546026507,-52.064176569756526],[-74.59646673933372,-52.079886961838376],[-74.60884307064985,-52.042104870920326],[-74.61872827936001,-52.08633635081699],[-74.66105967044363,-52.105520028180635],[-74.66637244447617,-52.07691782308224],[-74.67803531582734,-52.10863625831464],[-74.70626778776558,-52.11594159693039],[-74.6742687840456,-52.027276499853365],[-74.61039707075143,-51.98581607475694],[-74.6041003531236,-52.00953634455306],[-74.55984341244867,-52.01765776666648],[-74.58973236878766,-51.97882334833482],[-74.55445065421989,-51.95129112120962],[-74.49476216343854,-51.942432933018814]]],[[[-74.0460252365623,-51.902500065979375],[-73.97521246025669,-51.93844605161658],[-73.96983703861456,-51.964758150335875],[-73.99465733899781,-51.99834952140053],[-73.9616530261518,-51.95533229894762],[-73.9392276873166,-51.977684643398504],[-73.95707963297176,-51.94086602770499],[-73.80120117829732,-52.02958072516073],[-73.69153763498602,-52.14142744461159],[-73.71501874221507,-52.15228218523432],[-73.68887333156631,-52.1644523175472],[-73.70163494851117,-52.1806013246105],[-73.67261795178418,-52.167248772608815],[-73.64180555068928,-52.224786864611914],[-73.68740904531387,-52.21713936371815],[-73.87863499548939,-52.114873164623994],[-73.85264149534508,-52.09046474088612],[-73.81806906627111,-52.095118947477125],[-73.83531667031886,-52.08244432463183],[-73.8094420855586,-52.06299531811212],[-73.8430072696371,-52.047834937376635],[-73.8324514541943,-52.03241023590601],[-73.85476924941861,-52.03448484782568],[-73.84819577342816,-52.04712437804824],[-73.89979933861754,-52.023727540564145],[-73.82508498499688,-52.0692788566682],[-73.8806193973082,-52.108173285428904],[-74.09286567001058,-52.02894584214213],[-74.08395832060634,-52.00632235109868],[-73.9021696854285,-52.07242608935807],[-74.07241329474572,-51.99839591304835],[-74.08723436864967,-51.951836736795585],[-74.0551642650716,-51.96462049963262],[-74.09802622721317,-51.92528815593746],[-74.07383912951074,-51.90129352579735],[-74.05799276076229,-51.90392921534256],[-74.06178478313853,-51.920840860010266],[-74.0460252365623,-51.902500065979375]]],[[[-73.78775317032198,-51.893520245363504],[-73.77206957809963,-51.90463425841234],[-73.78756280922843,-51.91488191654597],[-73.68876335891092,-51.97589184151165],[-73.74618112424972,-52.02485844293054],[-73.84613770975605,-51.97063170437002],[-73.86289864880368,-51.941929766761604],[-73.82180447142827,-51.94699944688701],[-73.84232407121911,-51.939432321913834],[-73.80658408200745,-51.932620026710886],[-73.81906576414683,-51.923725551946035],[-73.79138723922686,-51.91010102018074],[-73.80967653866122,-51.90202296975783],[-73.78775317032198,-51.893520245363504]]],[[[-74.73196827812545,-51.829320037663976],[-74.69379229501848,-51.85365861932486],[-74.71142388842601,-51.871854319809216],[-74.66347743482687,-51.84915093261086],[-74.66268942726974,-51.87234336427227],[-74.68692877009077,-51.868413718864005],[-74.66441757926388,-51.8880253059367],[-74.61563754567493,-51.84664928522197],[-74.60174159368148,-51.84569909127879],[-74.62092115859672,-51.85779987235411],[-74.61778381672143,-51.883482193900605],[-74.57346659459938,-51.84631368693381],[-74.61646013747219,-51.912548286830585],[-74.67120895150798,-51.92674940304698],[-74.64890155158814,-51.945216644296416],[-74.66749435762102,-51.96080476051826],[-74.63023220549978,-51.959242624933005],[-74.68018181504591,-51.96359936035752],[-74.70040557985077,-51.979995508159774],[-74.67701210776926,-51.98668974891774],[-74.71565475847981,-51.997188522665205],[-74.69176956298483,-52.01104927805548],[-74.67028018064077,-51.99791657277224],[-74.6744393651349,-51.98018826268888],[-74.63489927679426,-51.972483805847794],[-74.67352245652103,-52.02153059597287],[-74.69406319456884,-52.01876452855913],[-74.70570832419315,-52.06560997342617],[-74.7317170840192,-52.068028309206795],[-74.70752473207068,-52.08431338173785],[-74.73615437704379,-52.07486555551331],[-74.7246924183975,-52.09308504147883],[-74.73829186256681,-52.118664601672236],[-74.74372125768615,-52.09856226902657],[-74.76684742707171,-52.11668384404189],[-74.8101648045196,-52.10119876579343],[-74.81319222494346,-52.116237844249284],[-74.77531089463959,-52.134250780084905],[-74.82158415966525,-52.162946872888085],[-74.88945255671021,-52.154299683218824],[-74.8407081844414,-52.07369092304441],[-74.74835314825917,-52.04131221421282],[-74.78296432346798,-52.04758984414479],[-74.77671288811699,-52.01684328948777],[-74.78969793493762,-52.043248688467784],[-74.80578515818341,-52.03428422981726],[-74.78880045239175,-52.053595048685594],[-74.83055079159006,-52.06153730078798],[-74.80843615845207,-51.980336791060125],[-74.74966050242476,-51.96435951651578],[-74.80599716059047,-51.9741714863589],[-74.78405551333181,-51.90707235103396],[-74.75965114011163,-51.91083135462737],[-74.77121495154147,-51.890847785128315],[-74.73196827812545,-51.829320037663976]]],[[[-74.54399261410755,-51.82494029778329],[-74.53332345373379,-51.87310785906927],[-74.58558184315459,-51.91512034851554],[-74.53082951131616,-51.89070985710192],[-74.54872904791841,-51.92122054508617],[-74.59975760688432,-51.93159513645813],[-74.59754520456157,-51.94662234591764],[-74.64719005166442,-51.93857425925876],[-74.59551334025471,-51.89928586875897],[-74.58408728816863,-51.909243454557014],[-74.57635508607297,-51.8643731049725],[-74.54399261410755,-51.82494029778329]]],[[[-74.93175570116804,-51.80756663654701],[-74.92617834004668,-51.83898901499443],[-74.89066169447251,-51.85228343197427],[-74.91546979663255,-51.856348024100605],[-74.92042044540098,-51.881139784820746],[-74.88332471606759,-51.86704951730995],[-74.92293275926451,-51.895581462784655],[-74.93295979129677,-51.927345937653776],[-74.89003426885728,-51.889084723327265],[-74.88644039417146,-51.91170477958188],[-74.86870647097497,-51.87260082792904],[-74.85925674575161,-51.94267148557723],[-74.84400404662497,-51.86767689715443],[-74.77978047401383,-51.87782748965194],[-74.79356584788738,-51.90589977489878],[-74.81160059710959,-51.897461150206404],[-74.79308375351542,-51.91037126554838],[-74.80106934160665,-51.93120042742711],[-74.82596703095332,-51.92122467704843],[-74.80352480738404,-51.932326923675696],[-74.8100138767721,-51.946955312087766],[-74.85498614950103,-51.96002306571312],[-74.80652630602206,-51.95135574210921],[-74.81606190300006,-51.97590178088953],[-74.8398014591296,-51.98046153370731],[-74.81926151159925,-51.9858143154749],[-74.8803519545355,-51.983382490653824],[-74.82780175637781,-51.991781136671335],[-74.83648504079738,-52.022706783827395],[-74.91329946960104,-52.00776549668767],[-74.84887185724949,-52.0357745500795],[-74.8922382108467,-52.0515882687649],[-74.85806367345984,-52.05981621138818],[-74.87056786827856,-52.091410364261066],[-74.94965098604406,-52.13296712426852],[-74.91096168851575,-52.08391778390959],[-74.91397073210385,-52.03732390159563],[-74.95249717405429,-52.13080508293704],[-75.00289476714441,-52.14435330418141],[-75.01497971372847,-52.13115387932706],[-74.9882065918002,-52.11080969238834],[-74.99902385382161,-52.09992080727819],[-74.94400069250143,-52.10301892182731],[-74.96662320345663,-52.087634773287796],[-74.93925383913158,-52.052155506576966],[-74.97581335149549,-52.088612387137665],[-75.00894780776828,-52.09387171442063],[-75.00624136437862,-52.073413913240714],[-74.94860635226816,-52.03917137598662],[-75.02145199270555,-52.074768034970994],[-75.00068154106654,-52.02866808886839],[-75.04547605426872,-52.055776593348824],[-75.06370903562299,-52.01907177783008],[-75.0392704500652,-52.00742138590265],[-75.04202595674076,-51.98162728291057],[-74.9434329069362,-51.9546249671528],[-75.00938459830382,-51.95364845645327],[-74.93175570116804,-51.80756663654701]]],[[[-72.89515337407853,-51.87277908035098],[-72.8842976722478,-51.897685870964004],[-72.94975793844262,-51.948285802690016],[-72.99722939436056,-52.0545261163175],[-73.11127439770662,-52.086481979555074],[-73.13159663762956,-52.030800752501484],[-73.08615648996131,-51.951320155115155],[-72.98681464855335,-51.90145953194586],[-72.9476825768114,-51.892527363974274],[-72.92681951335818,-51.906342062974716],[-72.89515337407853,-51.87277908035098]],[[-72.89655054270453,-51.87983638496879],[-72.89436235357195,-51.87728594687198],[-72.89737859805534,-51.87743833993571],[-72.89655054270453,-51.87983638496879]]],[[[-73.75905085793057,-51.825487618732254],[-73.70058210233694,-51.88799656040589],[-73.70936787734391,-51.94902055953612],[-73.80156398717932,-51.85153711599628],[-73.75905085793057,-51.825487618732254]]],[[[-74.65856497254285,-51.76559346920002],[-74.66112394669884,-51.78227743632333],[-74.63952193627942,-51.788113063834736],[-74.65914341392396,-51.81098571865779],[-74.6273196355833,-51.78857466000452],[-74.62869704306969,-51.81705508273447],[-74.60035702841891,-51.809730204080104],[-74.62363394049903,-51.844254133938755],[-74.67107191890128,-51.8489162474881],[-74.72824260262117,-51.82103821011221],[-74.72190543295775,-51.79035876586127],[-74.68501286391407,-51.788695666774835],[-74.66823321385736,-51.76471712966576],[-74.6651451364906,-51.78828391769771],[-74.65856497254285,-51.76559346920002]]],[[[-74.16114573350922,-51.761827927641434],[-74.01878656363635,-51.83227239725395],[-74.05701725324583,-51.85091439304407],[-74.16114573350922,-51.761827927641434]]],[[[-74.98300520886292,-51.71917250458342],[-74.95517065196799,-51.74721340607049],[-74.97993004477836,-51.7442940753212],[-74.95584865183541,-51.75937016533046],[-74.977774990005,-51.76273062023629],[-74.95262393712065,-51.76418901874558],[-74.94953750456915,-51.78150657384071],[-74.98451595688019,-51.78368118727142],[-74.9815305991712,-51.798632894113915],[-74.95260248265672,-51.79676928976041],[-74.98247141375141,-51.83462557718459],[-74.9951023419921,-51.900404648245434],[-75.07537213155298,-51.90087014723017],[-75.05403784154612,-51.91842440477995],[-75.10060736915587,-51.927314613132495],[-75.10336602173155,-51.8887502454453],[-75.0891332751684,-51.884717692784626],[-75.10126094472903,-51.87585830034587],[-75.0614224522207,-51.85513639576447],[-75.12702839551021,-51.82427664593074],[-75.07877201235826,-51.802718067897054],[-75.09269962816883,-51.7832719271139],[-75.07282866950531,-51.78157305414215],[-75.05420110316248,-51.72819918508639],[-74.98300520886292,-51.71917250458342]]],[[[-74.55717398593691,-51.7203164024252],[-74.54655339836887,-51.7482052491886],[-74.59235674478795,-51.78615103944912],[-74.59140352806692,-51.73026563491804],[-74.55717398593691,-51.7203164024252]]],[[[-73.61071422449533,-51.75732529772943],[-73.59362446522277,-51.78694291199651],[-73.63601053136786,-51.80390928190103],[-73.61071422449533,-51.75732529772943]]],[[[-72.94505323582256,-51.77888977463347],[-72.91146582203403,-51.80516243960076],[-72.9644172239673,-51.78832511950227],[-72.94505323582256,-51.77888977463347]]],[[[-74.50876859833046,-51.70721696873539],[-74.42280277570764,-51.73005286519276],[-74.42621235741964,-51.745205521519296],[-74.36338024553918,-51.739454946419414],[-74.33229330851368,-51.756382193081855],[-74.37233925166552,-51.78401125941533],[-74.32068265533167,-51.76286100293051],[-74.30382260515873,-51.784607355866996],[-74.3259749468774,-51.79114535768875],[-74.27269107666085,-51.77910086380093],[-74.30557346925819,-51.80804447924123],[-74.28100608774653,-51.842368614411356],[-74.28744811236317,-51.81917208246956],[-74.23578623483374,-51.81391158886671],[-74.19320706054698,-51.82794503104966],[-74.19435645135975,-51.852334072632075],[-74.17492975182503,-51.83578174360521],[-74.14342332491806,-51.849001630050175],[-74.13967050681742,-51.88415522344394],[-74.18975208157377,-51.89781920832242],[-74.15276135092402,-51.89106814476432],[-74.13943226192599,-51.905861755947434],[-74.12909796384574,-51.883941015813285],[-74.11430878462592,-51.90095746707214],[-74.08899500013122,-51.87521040356504],[-74.05083282413018,-51.888026574496514],[-74.09921304723056,-51.92150855934187],[-74.10348886628623,-51.983665341799636],[-74.16193967893038,-51.96556024478612],[-74.16482974694728,-51.94267156255073],[-74.20819389428213,-51.95596234677201],[-74.26152182237179,-51.93485088645136],[-74.22749884604471,-51.917004566449535],[-74.29717897523615,-51.91760783459348],[-74.26308780599925,-51.90348190251179],[-74.27292865590067,-51.8949315823652],[-74.29437447624163,-51.90842889535991],[-74.35672739081696,-51.90003160604225],[-74.41434549034555,-51.84587823613851],[-74.37038751348875,-51.81584298084422],[-74.39633203299222,-51.81607407825804],[-74.39890726036666,-51.795604255485124],[-74.41722371497376,-51.81977786477121],[-74.43419367941158,-51.77946478082082],[-74.4573926797088,-51.770248489321034],[-74.4174687906546,-51.77374491421928],[-74.46347203558061,-51.75555043310134],[-74.50876859833046,-51.70721696873539]]],[[[-74.66430254460187,-51.69567937818953],[-74.70135600281127,-51.71646639123561],[-74.6784072794404,-51.712182429034],[-74.67014045039328,-51.73227949220863],[-74.71873884822504,-51.78643015762893],[-74.72418403303212,-51.710265254983916],[-74.66430254460187,-51.69567937818953]]],[[[-74.53122431908689,-51.676372934897834],[-74.45640673017547,-51.68663726265689],[-74.43199763990171,-51.71031194235666],[-74.53122431908689,-51.676372934897834]]],[[[-74.85710735575447,-51.62591863309884],[-74.76827444042641,-51.65649018099133],[-74.78678501288157,-51.68947438242881],[-74.7571440867824,-51.67795012098325],[-74.78222761240852,-51.69798284310319],[-74.75382291726065,-51.72587984758992],[-74.8002608497661,-51.758512223799784],[-74.75760020726624,-51.73590320707231],[-74.74510996148723,-51.7630209034128],[-74.74909312020311,-51.805255962102756],[-74.7824900624053,-51.790062393559246],[-74.7507945329445,-51.827925594702144],[-74.78511677043204,-51.84503522861848],[-74.76376251806295,-51.84415664433086],[-74.7794351966529,-51.862500022637256],[-74.8525281666442,-51.84941874726356],[-74.85610289912964,-51.82988226578286],[-74.83266201396742,-51.817323990155906],[-74.84084820304813,-51.79546892324773],[-74.84915295716989,-51.813497450938776],[-74.86844388533257,-51.80540841199141],[-74.8759953356133,-51.766449304263304],[-74.85216641777423,-51.76045060301201],[-74.83261876367975,-51.78016983671945],[-74.84145201734444,-51.754822237123136],[-74.80639584279503,-51.77765546036109],[-74.93198029975201,-51.65984523708178],[-74.91900654385617,-51.63830089216998],[-74.85710735575447,-51.62591863309884]]],[[[-73.92811695018347,-51.65040165382785],[-73.9099505250086,-51.66490611897619],[-73.88814314983378,-51.65541117193061],[-73.87485841335625,-51.69320565760909],[-73.83390903991305,-51.685516536401316],[-73.82289255401952,-51.71086364234739],[-73.85580238655552,-51.73280517119335],[-73.85170191235511,-51.757233131566615],[-73.78712411426449,-51.715869120435435],[-73.74740191046631,-51.76565225248631],[-73.75210180889623,-51.78504497680209],[-73.79164658644265,-51.78008624827681],[-73.80896551043575,-51.79852280544417],[-73.77356849979618,-51.801769315525995],[-73.79282340102442,-51.81411046801902],[-73.84096380897823,-51.80232266957618],[-73.8499283163874,-51.78569048097965],[-73.81588474708077,-51.76454564837932],[-73.86676391172334,-51.77449310209097],[-73.87223977938727,-51.719955519573986],[-73.8872432274636,-51.73529579534552],[-73.93777824841915,-51.68971689024692],[-73.94218835842328,-51.64937938657056],[-73.92811695018347,-51.65040165382785]]],[[[-74.60500475988366,-51.59218110942813],[-74.5332451493871,-51.624891333400484],[-74.59549668728597,-51.6134172938878],[-74.60500475988366,-51.59218110942813]]],[[[-74.72302663553522,-51.54232443782643],[-74.73802217035222,-51.54873470110571],[-74.69611522156224,-51.56155207787923],[-74.7045119739489,-51.5733973471388],[-74.77530633299456,-51.55575881093169],[-74.72302663553522,-51.54232443782643]]],[[[-74.35997715146013,-51.54712563726383],[-74.34316263149906,-51.564780675707404],[-74.36645170497151,-51.58646300737065],[-74.39258126754201,-51.58591120070606],[-74.37190062677018,-51.57350264435752],[-74.42435017409018,-51.58630920083357],[-74.35997715146013,-51.54712563726383]],[[-74.36758320942866,-51.559966293521796],[-74.38019011761696,-51.57035873289473],[-74.36392538547439,-51.564990171766446],[-74.36758320942866,-51.559966293521796]],[[-74.36093349970824,-51.56602077546211],[-74.37039727548094,-51.571781618193725],[-74.37060204106008,-51.57354322357676],[-74.36093349970824,-51.56602077546211]],[[-74.39392006094593,-51.577139376583844],[-74.40257507807846,-51.58099024853753],[-74.3928464403324,-51.57746690753354],[-74.39392006094593,-51.577139376583844]]],[[[-74.05470088799689,-51.52841657892208],[-74.03100115957379,-51.566765078287176],[-74.07829890018039,-51.56112682624123],[-74.02731437842635,-51.57853494994812],[-74.02216379521836,-51.64058670290274],[-73.98344091237654,-51.68284368108743],[-74.01896170008247,-51.68382044657882],[-73.97275429055027,-51.70183088299166],[-74.05846702451991,-51.72650605022696],[-74.01587313762543,-51.70859956272031],[-73.99222470390336,-51.7319519626131],[-73.94702932289553,-51.72801091170575],[-73.96103445163706,-51.71535991426083],[-73.94080166415347,-51.72564722509835],[-73.90792883502064,-51.77349866626116],[-73.95639284488591,-51.80381959774019],[-73.90398723506478,-51.784239164605154],[-73.91216202721945,-51.795211109342],[-73.81598468196117,-51.84314782652361],[-73.78807322209141,-51.88418761441668],[-73.82709061310754,-51.89789184243219],[-73.80329798091776,-51.91049903803337],[-73.84049298397152,-51.90309193953013],[-73.81736683704383,-51.92258392794396],[-73.88196775507494,-51.90957465546759],[-73.85328359763542,-51.903117355976526],[-73.87933207108188,-51.88493386788572],[-73.87851066326417,-51.89882242646768],[-73.9575186980416,-51.891762934359406],[-73.95515467537022,-51.87157929020976],[-73.92319893451433,-51.861085152990796],[-73.96178727577775,-51.839755039120455],[-73.94086096194538,-51.832452429898616],[-73.98527797701402,-51.821928482800345],[-73.94376787966206,-51.8084361393774],[-74.0857628051451,-51.787089477427116],[-74.1552757884049,-51.74989468427125],[-74.13614325298971,-51.73473908379881],[-74.19444580857771,-51.74560536011595],[-74.24821483192973,-51.721385874846824],[-74.19060774394988,-51.722013623323484],[-74.23799689801811,-51.70584212608516],[-74.2151319721919,-51.698092935433834],[-74.24297777240092,-51.68852639467737],[-74.23186251135199,-51.676103634985616],[-74.1619666409653,-51.699335231400894],[-74.19799125957813,-51.661269847817145],[-74.15835031109233,-51.670080524382314],[-74.17168025528653,-51.64826414265868],[-74.15025788456774,-51.669070710629505],[-74.08226172642814,-51.68023495475102],[-74.13405386057207,-51.66687795897964],[-74.09753570574554,-51.64699163877759],[-74.1431590432564,-51.62461325792004],[-74.15046648146156,-51.614008015939255],[-74.10485510322206,-51.624850851901904],[-74.14978491618076,-51.592716130589736],[-74.09534985762257,-51.602610849199145],[-74.11995053968178,-51.58695296247297],[-74.06385182457359,-51.614616176833685],[-74.08915558117478,-51.5952352555944],[-74.04938928896077,-51.5934925690072],[-74.08131418705969,-51.5900829114434],[-74.06750833698756,-51.58535854729923],[-74.10332572594241,-51.57395627511157],[-74.09340622763955,-51.554395164683335],[-74.11891303942755,-51.54523701851313],[-74.05677752074426,-51.55343782172376],[-74.05470088799689,-51.52841657892208]],[[-74.10169950308864,-51.63140495553343],[-74.11754323168846,-51.63404303716743],[-74.10362336833877,-51.640097548284324],[-74.10169950308864,-51.63140495553343]]],[[[-74.90986420325842,-51.46667482285268],[-74.89656646815875,-51.4854823196958],[-74.91802070751055,-51.50631613724469],[-74.89702467812393,-51.518932456284645],[-74.91562730184455,-51.522444447744704],[-74.88671025167608,-51.52636939342706],[-74.9039929250542,-51.54196759071107],[-74.89283572795287,-51.54902378631944],[-74.93273974986624,-51.55569086068235],[-74.91987942064807,-51.53339111637949],[-74.93923302875972,-51.55162630286858],[-74.93164123154632,-51.52471499407831],[-74.99290380067418,-51.54306912347123],[-74.99198038825764,-51.497636998817924],[-74.90986420325842,-51.46667482285268]]],[[[-74.83493580176682,-51.45521705220471],[-74.86041000201506,-51.493172633686825],[-74.84952226985455,-51.51264373819015],[-74.87819377631992,-51.51296243886856],[-74.8816419891824,-51.47704199924946],[-74.83493580176682,-51.45521705220471]]],[[[-74.78118955250386,-51.45037096623206],[-74.76433448259085,-51.470108481312195],[-74.80025977448271,-51.46049221775261],[-74.80745322186819,-51.48874401080202],[-74.84240235945656,-51.49864541649159],[-74.82738984288741,-51.45682393208134],[-74.78118955250386,-51.45037096623206]]],[[[-74.35239148974014,-51.361782866872495],[-74.3020553270424,-51.38608484080478],[-74.32911600687963,-51.398086283704444],[-74.38527019924481,-51.381487979305184],[-74.35239148974014,-51.361782866872495]]],[[[-73.7697683171239,-51.38121819602053],[-73.74161800240661,-51.39593332818145],[-73.74700056745186,-51.42133980796037],[-73.77378508091624,-51.401637620852384],[-73.7697683171239,-51.38121819602053]]],[[[-74.67772934065842,-51.331736911222364],[-74.65929256031228,-51.34948067787173],[-74.66762719150209,-51.36327990220116],[-74.68877121294187,-51.350014708468855],[-74.66666456672509,-51.38071615247839],[-74.69381056315811,-51.4147877148822],[-74.68430315441542,-51.43626970953285],[-74.75534656328878,-51.4477162070714],[-74.67772934065842,-51.331736911222364]]],[[[-75.12069638127822,-51.248223161572916],[-75.09628651845333,-51.285897441512084],[-75.14200182188974,-51.390504584214284],[-75.11954692399013,-51.3809279975619],[-75.12556753004233,-51.35816727756805],[-75.08111907393872,-51.294700488572396],[-75.02084454652054,-51.3324738115421],[-75.02478762240843,-51.320053883862855],[-74.97611425477632,-51.31636647026449],[-74.99289169228247,-51.3369720703657],[-74.97669859629222,-51.3621411279744],[-74.99106075146027,-51.37829737805362],[-75.02815257581713,-51.35880925910612],[-74.99767543676607,-51.381723608695516],[-75.00974887143975,-51.40879125562222],[-75.03912027241095,-51.37080374545108],[-75.07634586220183,-51.36423592990541],[-75.03967250364703,-51.40933836470604],[-75.05962045691358,-51.41996444684403],[-75.0822424980499,-51.39266714039399],[-75.06879305456671,-51.400978915773834],[-75.08339967545956,-51.44331738691885],[-75.11184472113337,-51.43044656166246],[-75.09208605637191,-51.44647509534652],[-75.11868618792928,-51.456229221444],[-75.09017328801048,-51.48044994766175],[-75.1191881943578,-51.47350083637227],[-75.15097809094091,-51.408777432208716],[-75.13120075918783,-51.51544198646169],[-75.14585450839542,-51.56678832481574],[-75.1700592067892,-51.56754084009188],[-75.16496880262042,-51.59547803859959],[-75.22552503003364,-51.5602875475408],[-75.18426970298108,-51.61123726832114],[-75.21392859808088,-51.62905339646151],[-75.28286066510093,-51.61984344213846],[-75.31282149205254,-51.641773337315335],[-75.3248793149049,-51.62758548390317],[-75.31208854403582,-51.61298911632273],[-75.34887684382785,-51.58676369113585],[-75.3174266820004,-51.56751137911622],[-75.34282669398256,-51.554188527619644],[-75.32768066979594,-51.54952131589084],[-75.33626999492836,-51.53448512585561],[-75.29818224704356,-51.53178084158386],[-75.2899026035289,-51.50795027390123],[-75.2624107269654,-51.52427531335776],[-75.24986103607081,-51.49930374745731],[-75.19575513640237,-51.486226409175956],[-75.23517246906113,-51.443487934518096],[-75.2019776028821,-51.426824733102634],[-75.22210192598166,-51.401712589363534],[-75.1927380807403,-51.378408778517155],[-75.14836593292682,-51.38803743943854],[-75.15741524758701,-51.365757054201254],[-75.18299441417956,-51.37556941273425],[-75.22232588945671,-51.333604843279765],[-75.18855574845793,-51.32281525711092],[-75.20094714811464,-51.3084007488828],[-75.17848170758684,-51.29042703639006],[-75.15720839342484,-51.305374806907906],[-75.15292630772176,-51.27321429791258],[-75.12111942938655,-51.26490071700853],[-75.12069638127822,-51.248223161572916]]],[[[-74.2167273747466,-51.288275132206316],[-74.13655066592052,-51.31476304938805],[-74.11191636081853,-51.36366161849676],[-74.18114269077283,-51.342883503611844],[-74.21029722495973,-51.358670106353976],[-74.17778761523898,-51.3742078095236],[-74.16079622238837,-51.36796976305784],[-74.18046437829169,-51.35733942012444],[-74.16088089579041,-51.3521877464328],[-74.1226763965631,-51.38529810835303],[-74.14292560974162,-51.363821252465],[-74.12494889977161,-51.36582960307509],[-74.08746880648096,-51.40432442258724],[-74.08008651256151,-51.446163787013674],[-74.11011473202404,-51.45440958363479],[-74.14084699081918,-51.40940228386642],[-74.17628530958875,-51.427333743094636],[-74.13992857034067,-51.413749390100485],[-74.1578944834593,-51.442310722673476],[-74.1661869962387,-51.430141190034924],[-74.18516211986662,-51.441789621025066],[-74.18806780958631,-51.41961236851662],[-74.20875247301399,-51.429317966480944],[-74.19457214853757,-51.408927226910166],[-74.23660414640835,-51.411516303362866],[-74.21857217477702,-51.38966445022882],[-74.17115364490066,-51.38331940133792],[-74.22502748817163,-51.38571024848858],[-74.26262074493357,-51.35093148376208],[-74.24508863185892,-51.34501464416446],[-74.2625165861747,-51.33848774677371],[-74.2573617171045,-51.30488486621652],[-74.2167273747466,-51.288275132206316]]],[[[-74.15553532786014,-51.2773502489331],[-74.1400231746182,-51.31131724704003],[-74.18352421352424,-51.290354044537565],[-74.15553532786014,-51.2773502489331]]],[[[-74.46920700522027,-51.265230177345316],[-74.44113771494833,-51.28806695921715],[-74.45442534579769,-51.306615790284226],[-74.4855006406571,-51.27712908090166],[-74.46920700522027,-51.265230177345316]]],[[[-74.93831020563802,-51.226192135760336],[-74.86920982128318,-51.25106094485283],[-74.9928581752409,-51.3207611340754],[-75.06602176269499,-51.28606249111674],[-75.03751191614987,-51.2562365951851],[-74.94922233424498,-51.27225707945523],[-74.99946072610383,-51.25522088187264],[-74.92755668627255,-51.256758054988104],[-74.96870776383638,-51.23585713786341],[-74.93831020563802,-51.226192135760336]],[[-75.00186310504121,-51.27581872879236],[-74.99206416154779,-51.27329222375756],[-75.01739233346008,-51.28592757678432],[-75.00186310504121,-51.27581872879236]]],[[[-73.8001856247838,-51.24732988574228],[-73.72539528087663,-51.30381692376003],[-73.73185118715934,-51.37862078062343],[-73.78073207191026,-51.36094478583753],[-73.84738288163935,-51.367305730897215],[-73.87353752427427,-51.34543329843084],[-73.79721798634378,-51.306083101106466],[-73.87488658991344,-51.32638906337155],[-73.89850681204403,-51.29274856776482],[-73.8001856247838,-51.24732988574228]]],[[[-74.04155691303284,-51.22347121923839],[-73.95455706483925,-51.23081376512762],[-73.92384324216873,-51.33446629907449],[-73.96269125943131,-51.34658028220106],[-73.9731680518752,-51.31189813078221],[-73.98477207010053,-51.333103011770746],[-73.96864309944853,-51.35116310808478],[-74.03075337996393,-51.386743905562874],[-74.08725279309617,-51.3363172805148],[-74.06808949397578,-51.31106572906506],[-74.09117733134985,-51.3222390835744],[-74.10661354101767,-51.289929180092365],[-74.09929819404478,-51.231376866320794],[-74.04155691303284,-51.22347121923839]],[[-73.99735082688447,-51.33799356680078],[-74.01617739970712,-51.36701285986382],[-73.98933897295265,-51.3395901317302],[-73.99735082688447,-51.33799356680078]],[[-74.01472828150823,-51.370783680085324],[-74.01854095076295,-51.370244625621766],[-74.01761934845173,-51.37423398507134],[-74.01472828150823,-51.370783680085324]]],[[[-74.60919708502523,-51.18740182771222],[-74.58593683579531,-51.19748107041037],[-74.59793264884193,-51.211488833783655],[-74.57398695091422,-51.22190883359322],[-74.55798835365773,-51.20877116991889],[-74.51413691609532,-51.25101847199944],[-74.49857062318783,-51.280978132211985],[-74.51071463669676,-51.30199002384948],[-74.53880565541878,-51.26787901935476],[-74.52339056873656,-51.257892736779766],[-74.55715745334243,-51.23883741980016],[-74.52735684810824,-51.31497720913547],[-74.5810581825053,-51.26684595810494],[-74.67281909451818,-51.244768748745734],[-74.6257768886773,-51.2638943349787],[-74.6370500178576,-51.27941920528269],[-74.6082265353108,-51.26966697980922],[-74.57429070634609,-51.289248074199435],[-74.56426953402442,-51.30574638362663],[-74.58502315482825,-51.32773377958077],[-74.56074793329479,-51.316796357667165],[-74.5417813751031,-51.33040384641344],[-74.58046018480044,-51.3533647312469],[-74.54103289341846,-51.33689597774095],[-74.5210760046098,-51.356682035037004],[-74.54448763523645,-51.3868952159841],[-74.61427295085944,-51.40810568099895],[-74.63498515932868,-51.38092943961603],[-74.62075550027515,-51.359281561266194],[-74.64509690428888,-51.36216815345954],[-74.67032069645673,-51.32669829164604],[-74.65670791230544,-51.300619364787714],[-74.68498263740138,-51.31870651649654],[-74.72978509530394,-51.29368377207707],[-74.68803148084812,-51.324422166683725],[-74.72273660815755,-51.374994673182094],[-74.74402803505062,-51.374329357831606],[-74.73667948275154,-51.35654097917331],[-74.75445034287588,-51.37306688450628],[-74.72698727079198,-51.38493130845464],[-74.75179564424322,-51.423765993342066],[-74.75529963080676,-51.39467687303728],[-74.79858633887252,-51.41005679915981],[-74.78279059019034,-51.38764123715368],[-74.80322741561767,-51.410088489016715],[-74.76427222125683,-51.424767197752956],[-74.81188118049869,-51.45206998503088],[-74.84053474131962,-51.446545430757325],[-74.82309161895026,-51.42829651861386],[-74.84181135962777,-51.429679363650365],[-74.84547856289188,-51.448217322210525],[-74.89119868219655,-51.46732508753367],[-74.88673704842098,-51.42311737559548],[-74.89084181207689,-51.45723745622451],[-74.91041054244454,-51.46001381920143],[-74.90842013538806,-51.44426432428675],[-74.96870870706744,-51.478738282010106],[-75.03569033038302,-51.47498079266947],[-75.02609591172022,-51.455151757957246],[-75.04136937720129,-51.44184152019674],[-74.99674796845603,-51.45477267264361],[-74.9846270937522,-51.43866457904937],[-75.0040845893315,-51.45050719843483],[-75.03216752680922,-51.429827839218625],[-74.93138900886906,-51.408185587272655],[-74.93074937155583,-51.39343965241652],[-74.8445713623713,-51.369790032509755],[-74.78409762186075,-51.32763037262025],[-74.86830664880831,-51.36562827718529],[-74.8522685831715,-51.34103308022874],[-74.88119347922567,-51.36828070069421],[-74.9690469649927,-51.38352218055801],[-74.91078500786567,-51.37017297093757],[-74.9811765829992,-51.34442042893842],[-74.93029940632834,-51.291898855661046],[-74.88639869886755,-51.275900419285094],[-74.86090691769088,-51.27642011739338],[-74.85963737451392,-51.294714277353606],[-74.85262625279177,-51.28000255215943],[-74.82647011985178,-51.29507434580813],[-74.82806379045462,-51.27478251072043],[-74.7966777018631,-51.287270399768616],[-74.79975442093142,-51.27259122809113],[-74.85039642315249,-51.26248729850871],[-74.82124706236333,-51.25252924650265],[-74.82213877233515,-51.224608442793745],[-74.77128706919079,-51.24489472692261],[-74.80471921636897,-51.227960199707],[-74.79790760418321,-51.20945214741927],[-74.71800431378351,-51.2313658682353],[-74.74972045868178,-51.210786645744264],[-74.7194722148567,-51.18935287512042],[-74.66137401521607,-51.21270566270395],[-74.60919708502523,-51.18740182771222]],[[-74.66791628373355,-51.278056069241835],[-74.68741104951567,-51.29744011454394],[-74.67278867846098,-51.29919903916583],[-74.66791628373355,-51.278056069241835]],[[-74.76102970462809,-51.377514228153565],[-74.77279197007388,-51.39061016106405],[-74.75351126473913,-51.379792118575736],[-74.76102970462809,-51.377514228153565]]],[[[-74.48723132859527,-51.1900760338049],[-74.40520838243432,-51.22980078664122],[-74.4016318398436,-51.25498304669797],[-74.42576148848696,-51.256175094359904],[-74.44896223241415,-51.2235688692176],[-74.45940864922504,-51.23970067025535],[-74.46675239194406,-51.22187601764257],[-74.49209696799174,-51.230843924155145],[-74.5334624204133,-51.208000991474016],[-74.52208617451983,-51.19540138277828],[-74.50272263283777,-51.213157981503755],[-74.48723132859527,-51.1900760338049]]],[[[-74.77897266758782,-51.16935204830539],[-74.73723588576381,-51.188347051867076],[-74.75301552495802,-51.21110269010072],[-74.79240712088385,-51.20148144520809],[-74.78640743300134,-51.18044975522514],[-74.80824297575023,-51.17449516083967],[-74.77897266758782,-51.16935204830539]]],[[[-74.84136192889785,-51.16558451473961],[-74.85121701260495,-51.184036263815514],[-74.83587236821405,-51.1769733088732],[-74.83427334275382,-51.20069161238596],[-74.83299625552506,-51.17682652424633],[-74.80085769044088,-51.186459583555724],[-74.84647299970806,-51.24467558287507],[-74.87890325764648,-51.21968300427464],[-74.86240102531583,-51.1964178344555],[-74.88105556267672,-51.213563941093824],[-75.02843870450648,-51.22544965856906],[-75.01011970227724,-51.225110356023734],[-75.01120389695996,-51.199947826640745],[-74.98635272866689,-51.21097113929185],[-74.99235118136589,-51.19316970568854],[-74.97455410301167,-51.182010443272205],[-74.84136192889785,-51.16558451473961]]],[[[-74.77484675848847,-51.13670120145224],[-74.7597040356105,-51.13964004081146],[-74.77325968511309,-51.161323197260906],[-74.81280974026178,-51.14956843525721],[-74.79509623577171,-51.13328134594836],[-74.7702045094419,-51.15175279807739],[-74.79195332254504,-51.12782582254099],[-74.77484675848847,-51.13670120145224]]],[[[-74.90343962122968,-51.09171332169098],[-74.82856390503116,-51.10705499359031],[-74.84995962004051,-51.12988888542285],[-74.8168007475583,-51.11837217779461],[-74.8310392864584,-51.1554407520628],[-74.93948646775587,-51.15795877454622],[-75.01626480584468,-51.18421425169838],[-74.98905646812757,-51.112483004383584],[-74.9501250629521,-51.093357964357985],[-74.90456351246479,-51.127388449998335],[-74.93533235514987,-51.09291993035913],[-74.90343962122968,-51.09171332169098]]],[[[-74.61008792452955,-51.088346501008395],[-74.58608315967699,-51.103007723230434],[-74.56196674052282,-51.18171433164466],[-74.57955295733039,-51.15434643736525],[-74.59905947307644,-51.17354381211549],[-74.63173303431967,-51.15125539161367],[-74.65399943512996,-51.185686595662375],[-74.64000650371337,-51.193543289071144],[-74.66016913906145,-51.201288352922866],[-74.70480204803899,-51.188071441025556],[-74.71390616711801,-51.16577247283993],[-74.72933575889714,-51.192372494929685],[-74.75909900050371,-51.16401694615627],[-74.75149129143168,-51.136523878472254],[-74.67382688568935,-51.15100206353013],[-74.68001130851677,-51.13553116023095],[-74.61008792452955,-51.088346501008395]]],[[[-74.16137848789765,-51.1008397853289],[-74.14213953985058,-51.12144530761327],[-74.14718732884057,-51.16235962424],[-74.16224711475995,-51.15537325341424],[-74.16137848789765,-51.1008397853289]]],[[[-74.93445426004446,-51.03556167930172],[-74.8964641689125,-51.0483346633293],[-74.97218078187879,-51.06636340367288],[-74.95876302377233,-51.038284328568466],[-74.93445426004446,-51.03556167930172]]],[[[-74.65083182631781,-51.01332119128766],[-74.6721546978391,-51.031698452439755],[-74.71815345657856,-51.01235956923246],[-74.65083182631781,-51.01332119128766]]],[[[-74.45579293110477,-51.01454634095623],[-74.42517747575445,-51.056432094524105],[-74.4618001495643,-51.07531671383888],[-74.48064275551815,-51.03812867506569],[-74.50008493661848,-51.03620526559465],[-74.48360431505863,-51.06522740560965],[-74.51151627888328,-51.083500400368806],[-74.45747724710965,-51.085493469713064],[-74.46161422435162,-51.09869578763289],[-74.41873304455119,-51.11675035403305],[-74.39971408134076,-51.098599143376184],[-74.37565955071977,-51.107971614493216],[-74.35213659098164,-51.16235686383676],[-74.3665861153959,-51.18652971121713],[-74.43229000469577,-51.181497999024586],[-74.38768980427606,-51.20292847543104],[-74.39452666271457,-51.22650671409507],[-74.44643860516796,-51.192890771175165],[-74.49047707466745,-51.18962187132291],[-74.4807656261844,-51.16210784436412],[-74.51373544911338,-51.18108392323867],[-74.53909303725797,-51.1587742716035],[-74.55380437656008,-51.17125090628785],[-74.58499877544975,-51.102701090356895],[-74.56862613318367,-51.083417434293004],[-74.58877589477544,-51.06447184937135],[-74.465327055744,-51.00292987969502],[-74.45579293110477,-51.01454634095623]],[[-74.3908432834871,-51.215073107017425],[-74.39308500771907,-51.21839906137077],[-74.38955288322586,-51.21662377437815],[-74.3908432834871,-51.215073107017425]]],[[[-74.85984397265621,-50.984501160210776],[-74.81480469369194,-50.99199848835539],[-74.85875654853005,-51.00572692108629],[-74.88136300928608,-51.03677195607141],[-74.950963150688,-51.0222905448861],[-74.90034319312403,-50.983496857407566],[-74.85984397265621,-50.984501160210776]]],[[[-75.03459890695721,-50.97149862359796],[-74.96742308943675,-50.99511589000856],[-75.00082668456194,-51.01229723802291],[-75.06551695801434,-50.99794653559467],[-75.05485712754313,-50.972485681491136],[-75.03459890695721,-50.97149862359796]]],[[[-75.0091326666807,-50.9443256742956],[-74.96947435196384,-50.95734494232103],[-74.96191422665244,-50.98080392782734],[-75.0091326666807,-50.9443256742956]]],[[[-74.30921402938932,-50.90699289388658],[-74.21526586339006,-51.068769540739716],[-74.20911160329493,-51.13737024628523],[-74.16431886157046,-51.20772804313722],[-74.21123727597194,-51.20612651590927],[-74.23995318526349,-51.25635153802955],[-74.27318524169529,-51.205005808367304],[-74.28646938977629,-51.09031243946491],[-74.3267667803593,-50.97895821691712],[-74.28301868947875,-50.98482006882763],[-74.30956806891753,-50.97349265817589],[-74.29715840291784,-50.95932664300291],[-74.32443245329628,-50.96301469760645],[-74.34055260967872,-50.931818521714675],[-74.33966804041508,-50.9096847190982],[-74.30921402938932,-50.90699289388658]]],[[[-74.11510050941169,-50.81195532655448],[-74.08698522270225,-50.82361236332188],[-74.07566954751347,-50.85419658840127],[-74.13672093529443,-50.84443118501414],[-74.1399985544912,-50.780384345656586],[-74.11510050941169,-50.81195532655448]]],[[[-74.63888853866419,-50.70924701129614],[-74.59193033787878,-50.72491722606689],[-74.58957127839936,-50.75530392947772],[-74.54291838443629,-50.73362609990721],[-74.53749548503478,-50.770170273872786],[-74.520656132046,-50.738304709445195],[-74.50028906529207,-50.772260244364354],[-74.48270066737497,-50.755028333392865],[-74.44645539018904,-50.78429640784066],[-74.42665444621873,-50.77351013538027],[-74.41999686456147,-50.79510417673054],[-74.45155110429944,-50.80635267717169],[-74.45285757003124,-50.7841610651653],[-74.45036024365992,-50.81796286369125],[-74.47821497222455,-50.845861248931755],[-74.4719874078056,-50.81983228270664],[-74.48660973933443,-50.82019480550451],[-74.51264053034281,-50.859224847688395],[-74.48448516350035,-50.840245325196676],[-74.46269151098981,-50.84912434783894],[-74.44306556692169,-50.81614481853508],[-74.42212889192083,-50.81549712600358],[-74.42481458063418,-50.83427958382785],[-74.39938824531923,-50.8160331442334],[-74.40997046763812,-50.82834805143857],[-74.3798448851718,-50.851650695029],[-74.39810326998399,-50.86580722964345],[-74.37480196055905,-50.858946108436626],[-74.37317400036352,-50.88658180078429],[-74.38797584852377,-50.9004919196702],[-74.40624352281431,-50.885253494240025],[-74.3906669486884,-50.90309080510034],[-74.43679679588234,-50.92407062094649],[-74.41057858216969,-50.933681488343076],[-74.44318768210478,-50.93938071246656],[-74.42031439925148,-50.94755218664873],[-74.3777686485815,-50.913189415118005],[-74.39814070727346,-50.9410198675987],[-74.37428104908535,-50.93608230585831],[-74.3742804112815,-50.95292241142024],[-74.40370189332981,-50.97193238537655],[-74.37225541639164,-50.96386948001851],[-74.35434187595241,-51.028043120106375],[-74.36972293804493,-51.03715856847135],[-74.39895819843653,-51.011735130909464],[-74.38630460210796,-51.04331269642608],[-74.4083427203433,-51.047125599540195],[-74.37096042394266,-51.051678875497295],[-74.3734173494824,-51.08586378586505],[-74.42112329892717,-51.067236681141225],[-74.45804473263756,-50.99034869183718],[-74.58875310451667,-51.058400455800495],[-74.59779166544459,-51.0173894639476],[-74.61028894413394,-51.07876596589196],[-74.64155809902493,-51.10103182946621],[-74.65093392883301,-51.082123179909125],[-74.68883991699312,-51.119165163045714],[-74.70520633123934,-51.1100975112159],[-74.68068350796241,-51.09195031689576],[-74.717231240718,-51.11229863479779],[-74.73109586127097,-51.10612008544701],[-74.71430758109936,-51.09964967660029],[-74.74894416785091,-51.09906955485706],[-74.71906976781277,-51.09052592216042],[-74.76043740673373,-51.06648102221532],[-74.68962781046422,-51.06584833975358],[-74.7416457532228,-51.055835820413904],[-74.74661646855806,-51.033331310574674],[-74.64348611718661,-51.0316743972113],[-74.60184913190245,-50.957443906149315],[-74.65783610916571,-51.00855848389535],[-74.76120225662113,-50.98952845582136],[-74.73504067450064,-51.006036218115405],[-74.77798733519708,-51.006795613331754],[-74.76040609146291,-51.02965286373627],[-74.79632146056413,-51.084634191016846],[-74.83574048654718,-51.06900494085269],[-74.78861787250521,-51.05045695408985],[-74.83065577230742,-51.04627854647574],[-74.84605884671767,-51.06655851236685],[-74.89131928371837,-51.05462402071691],[-74.82967937456048,-51.000177913280965],[-74.77115732461598,-50.99001788116655],[-74.82556211444069,-50.97762140144555],[-74.7703919007051,-50.97961161848613],[-74.80280449956167,-50.96353542944271],[-74.87546114614139,-50.97631091145503],[-74.81120135794956,-50.95793396906902],[-74.88209621242437,-50.94326991014174],[-74.88922778385307,-50.96532928569318],[-74.95197548553786,-50.98816798733718],[-74.95255756060432,-50.960373630573244],[-74.93269784884814,-50.95992691512584],[-74.95103889753108,-50.95674572837617],[-74.93876278675963,-50.91559447723645],[-74.85478985683166,-50.91528715902148],[-74.91472127452373,-50.90870801670466],[-74.93094636401281,-50.87952451446046],[-74.821639980977,-50.89637340782997],[-74.88168401416804,-50.87228110453147],[-74.7802772818918,-50.90893307287222],[-74.6668097111188,-50.90389066179313],[-74.68117900519842,-50.93766947632198],[-74.64121633856834,-50.93400836891398],[-74.63600223099506,-50.955620109757696],[-74.6227314741,-50.917619161955066],[-74.60503554245349,-50.927125532035646],[-74.60872331174775,-50.954261999929635],[-74.59831019009458,-50.90369011980273],[-74.53260718024535,-50.91903018674219],[-74.58526692346038,-50.8978865231781],[-74.5531538444791,-50.88027994549872],[-74.61851232346741,-50.89961776332009],[-74.59910784196458,-50.85458335830638],[-74.6381510388839,-50.89566756978596],[-74.62704362731394,-50.84307944352669],[-74.60527255844964,-50.85229676426996],[-74.61590409198942,-50.82604701064541],[-74.56663697478542,-50.840150576984875],[-74.57583847034296,-50.861431951388965],[-74.53507864771291,-50.847024468685824],[-74.54417438551035,-50.831523182785155],[-74.51913799628382,-50.81096022155287],[-74.56718685602873,-50.82944559340157],[-74.6032807500213,-50.80844506844001],[-74.57503459135138,-50.79264183815642],[-74.60586438383018,-50.79656483782184],[-74.64911510179242,-50.747743574356456],[-74.68461606368001,-50.74223346856098],[-74.63888853866419,-50.70924701129614]],[[-74.64399433816031,-50.71606736107776],[-74.639753124006,-50.71672189688785],[-74.64316446641598,-50.71457700553385],[-74.64399433816031,-50.71606736107776]],[[-74.62013494228026,-50.71870734346066],[-74.62023972626658,-50.72100270076519],[-74.61865602516677,-50.71870245392766],[-74.62013494228026,-50.71870734346066]],[[-74.607028471081,-50.72752036065353],[-74.61309435851173,-50.72852416750619],[-74.61017641128,-50.729104539096596],[-74.607028471081,-50.72752036065353]],[[-74.62903849720075,-50.726687600714186],[-74.6348641912942,-50.72674533135318],[-74.62111393705668,-50.73327134078154],[-74.62903849720075,-50.726687600714186]],[[-74.65364008745675,-50.727314037636084],[-74.6561254913876,-50.72645583981854],[-74.6568502377858,-50.729054481522795],[-74.65364008745675,-50.727314037636084]],[[-74.63954568863387,-50.739317214053045],[-74.64842127720296,-50.74419993176692],[-74.6428325919191,-50.7450968413547],[-74.63954568863387,-50.739317214053045]],[[-74.62651027776683,-50.74841610223619],[-74.63505268838354,-50.749871223062605],[-74.62999552457522,-50.75174033442845],[-74.62651027776683,-50.74841610223619]],[[-74.55196975893342,-50.76599941286064],[-74.54773885115041,-50.768138045862905],[-74.54660222988939,-50.76344907750129],[-74.55196975893342,-50.76599941286064]],[[-74.4898823333555,-50.77620906308978],[-74.50564133734932,-50.800391970167354],[-74.47350203923985,-50.792382327266914],[-74.4898823333555,-50.77620906308978]],[[-74.47441423978331,-50.77696053118311],[-74.44932273621916,-50.77368153661377],[-74.46533222554847,-50.768600984133705],[-74.47441423978331,-50.77696053118311]],[[-74.40459952050443,-50.97447884163506],[-74.40988305886601,-50.97629245877158],[-74.4089341971775,-50.976734329634056],[-74.40459952050443,-50.97447884163506]],[[-74.64072693729987,-51.081803734785055],[-74.63332083533045,-51.07489656347958],[-74.63756989177715,-51.075445741721914],[-74.64072693729987,-51.081803734785055]]],[[[-74.83031117047959,-50.65406105385947],[-74.77939994586282,-50.66858826029354],[-74.78808897500866,-50.68152919229414],[-74.71686573509352,-50.69246418691566],[-74.73132352490671,-50.71895734880512],[-74.76877563747287,-50.70827289805695],[-74.73651755154013,-50.72334575734603],[-74.73291881696862,-50.755165238545025],[-74.79630504564895,-50.738946765850265],[-74.74066871228213,-50.761666541792],[-74.78363436336366,-50.769314322564384],[-74.77301009988948,-50.776842313083876],[-74.7334423551162,-50.765814219395494],[-74.71225018307888,-50.78327601292812],[-74.73557935914222,-50.79912264171533],[-74.68903952714082,-50.79699301634311],[-74.69776077705926,-50.82696145074051],[-74.79163373520463,-50.80636583495872],[-74.6998578267164,-50.833109230065],[-74.73804415122889,-50.852504037565026],[-74.71039059408393,-50.86322495907917],[-74.72317826935856,-50.88842946318407],[-74.67448486749898,-50.803979817632815],[-74.63639251125677,-50.81600214429439],[-74.68375647925937,-50.902829251537014],[-74.87449901364116,-50.863325358131945],[-74.85334400041556,-50.8476447254439],[-74.909976971471,-50.86994878329439],[-74.93813559560466,-50.845103067174854],[-74.92804101744954,-50.83104504027021],[-74.89303723174919,-50.838685973226106],[-74.91676903362122,-50.83077311998423],[-74.87064225327566,-50.843554758193015],[-74.88562339169192,-50.83098478061417],[-74.85565959940155,-50.826906222930134],[-74.93150912619897,-50.80048184768881],[-74.84397164169775,-50.80777450852334],[-74.94846082070055,-50.788499282212946],[-74.94624843454746,-50.76281308239889],[-74.87322009295096,-50.78859643639566],[-74.93521346132538,-50.75716496742264],[-74.91804698592757,-50.75181690160458],[-74.9469289101718,-50.752934012002854],[-74.92726991618608,-50.73319719439183],[-74.94098122126952,-50.72324550358868],[-74.91079639491022,-50.71191457877909],[-74.82917728728358,-50.7311562349355],[-74.883472147572,-50.738581641632564],[-74.85585344506006,-50.75302226725234],[-74.80714421219024,-50.73170930146321],[-74.93132928347907,-50.693580173491526],[-74.93046584438756,-50.67452551783685],[-74.9128601754608,-50.681174948898736],[-74.92251942463935,-50.69240787370457],[-74.89272650179748,-50.66867426496684],[-74.81708095096005,-50.688307553993766],[-74.81441021650122,-50.71476166685164],[-74.77464319934678,-50.70439241545512],[-74.84384861741958,-50.65906323300789],[-74.83031117047959,-50.65406105385947]],[[-74.85464682347886,-50.69646657039454],[-74.85021302490071,-50.69287448310074],[-74.8570601268284,-50.69537713922237],[-74.85464682347886,-50.69646657039454]],[[-74.87385982099401,-50.733839506738164],[-74.86190615690053,-50.729974266474464],[-74.87222274828822,-50.73009614772345],[-74.87385982099401,-50.733839506738164]]],[[[-74.97053441430478,-50.64324817747569],[-74.96810350756893,-50.71205710887724],[-75.00268685386854,-50.73702881783971],[-74.97074577531473,-50.732950929491],[-74.98896425516534,-50.75792883658597],[-74.97299941929218,-50.75814156951653],[-74.97425952207382,-50.786851034903194],[-74.99499179082167,-50.79150904633534],[-74.96740302736153,-50.800716438089246],[-74.97801654967985,-50.81830112849211],[-75.05379139862939,-50.78619972739728],[-75.06305723512082,-50.765320710321895],[-75.03592844771372,-50.75585532932241],[-75.06434162744942,-50.76213762648239],[-75.10348090727322,-50.71073642364878],[-75.06417982649373,-50.70660721910746],[-75.03296085598609,-50.728811182972535],[-75.0476060963513,-50.71914116761832],[-75.02658728568906,-50.694876464812516],[-75.05456395696025,-50.697918847222375],[-75.0469417984869,-50.68446015693874],[-75.06688831804225,-50.67973272295922],[-75.04558855388501,-50.67217931896154],[-75.04585748971814,-50.65272525696133],[-75.0153714645323,-50.66805501766802],[-75.00291797691642,-50.6481930256995],[-75.00137092348693,-50.682210128461755],[-74.97053441430478,-50.64324817747569]],[[-75.01948014574113,-50.68061005370242],[-75.0063741111231,-50.672101278013685],[-75.01232593586896,-50.67215334460929],[-75.01948014574113,-50.68061005370242]],[[-75.01951861160161,-50.67375462368915],[-75.0157157887807,-50.673650107440814],[-75.01592125953731,-50.66999901856204],[-75.01951861160161,-50.67375462368915]],[[-75.0459289030883,-50.657852703350166],[-75.0365003754107,-50.65637901606715],[-75.03948544925204,-50.65355057191383],[-75.0459289030883,-50.657852703350166]],[[-75.01023753339474,-50.71762735796445],[-75.01666075088258,-50.725586814818875],[-75.00628755754714,-50.72110060140937],[-75.01023753339474,-50.71762735796445]],[[-75.00997733277944,-50.7406917307353],[-75.01290923713576,-50.74397633677723],[-75.00414059389956,-50.738847927509845],[-75.00997733277944,-50.7406917307353]]],[[[-74.77360928696378,-50.636508741263796],[-74.75810414417431,-50.65245229349942],[-74.77496149490983,-50.66693691450601],[-74.80902850844873,-50.653641874636385],[-74.77360928696378,-50.636508741263796]]],[[[-74.8618379882452,-50.53105120594955],[-74.83603262945735,-50.565374684493264],[-74.88029222555227,-50.54380562930694],[-74.8618379882452,-50.53105120594955]]],[[[-74.48034150189434,-50.532837025601445],[-74.46751848240487,-50.552012271590876],[-74.5462743160646,-50.61015061619492],[-74.52011795764747,-50.5369856053985],[-74.48034150189434,-50.532837025601445]]],[[[-74.6165816723436,-50.50853704422732],[-74.57945712415757,-50.53286741143288],[-74.58536356511696,-50.562379128072656],[-74.61549475756222,-50.56494833204719],[-74.6099528691148,-50.58046689043339],[-74.65579771051348,-50.60843741899107],[-74.67914314159191,-50.600573094501975],[-74.65098537804428,-50.56549149284227],[-74.66664475887308,-50.576918662426834],[-74.66615874784648,-50.54447072428457],[-74.69001118268137,-50.55126516802832],[-74.67108609162152,-50.5303577481809],[-74.68897938852582,-50.513164524091984],[-74.6165816723436,-50.50853704422732]],[[-74.59472668735704,-50.535209400384794],[-74.58498794715733,-50.53535348684286],[-74.5945527259073,-50.52939508956112],[-74.59472668735704,-50.535209400384794]],[[-74.64635732507413,-50.56133169804731],[-74.6421717256191,-50.562191722002844],[-74.64103092539538,-50.559046110388195],[-74.64635732507413,-50.56133169804731]]],[[[-75.38444409419691,-50.46635304201639],[-75.3411147080703,-50.47272518298947],[-75.33640401817887,-50.512672624903864],[-75.33211837065568,-50.474341937193095],[-75.268945989522,-50.485971468663855],[-75.29810947811565,-50.53049013364011],[-75.25108643244144,-50.48742667562765],[-75.2093139318051,-50.50609049413264],[-75.06027323837603,-50.504606736677296],[-75.13076323562703,-50.555705857050185],[-75.17361481593886,-50.54075685234277],[-75.1517971056467,-50.56873376942916],[-75.23928053582232,-50.55023319631837],[-75.16744077314453,-50.59062819596539],[-75.1949187473807,-50.612103193555036],[-75.21279455408643,-50.591423421300526],[-75.20568551060842,-50.61801020805287],[-75.27940841790449,-50.57836180383518],[-75.2631465477944,-50.543659587747236],[-75.28595350713198,-50.56076175544484],[-75.32018247344189,-50.55148783898332],[-75.32392312116704,-50.574404022113896],[-75.22688808244179,-50.63554159370331],[-75.26121306068927,-50.649530651124714],[-75.31079339797493,-50.63887978867402],[-75.23694583685676,-50.67123946456416],[-75.2398511699453,-50.689312633877],[-75.27962572665992,-50.69564417370745],[-75.23192373968388,-50.70501282523754],[-75.31946205602507,-50.71052474667862],[-75.26949324229476,-50.7159957606264],[-75.25127185998745,-50.728694887420424],[-75.26888667376379,-50.72787030432684],[-75.2546813195286,-50.735230773292834],[-75.26408727433973,-50.747544571012796],[-75.2363115454178,-50.74503716542996],[-75.26085004429643,-50.760310558719084],[-75.2433622415215,-50.76383983083411],[-75.25937436650784,-50.78674715345811],[-75.30065851061639,-50.80831115579436],[-75.328411410652,-50.8076066910628],[-75.30655775786701,-50.77852656858786],[-75.31419249994086,-50.7492634310604],[-75.32116648890242,-50.78391025486845],[-75.3752881845468,-50.791069598732236],[-75.42800850026312,-50.76339635310935],[-75.42876478112103,-50.74484320564374],[-75.39235074552748,-50.7367506490144],[-75.4540260671722,-50.73828831529488],[-75.44386512238222,-50.698649260111395],[-75.35944006947344,-50.70120071574767],[-75.34297412279206,-50.68330958358639],[-75.3633914538794,-50.69861868929353],[-75.39012087815898,-50.67253210906499],[-75.50963286033924,-50.66657058460484],[-75.4855812195985,-50.644122899787426],[-75.39880533398167,-50.644166559142114],[-75.44479949873678,-50.64324667641105],[-75.46289116521538,-50.61343136060949],[-75.4263508785952,-50.590995899944176],[-75.34790302783905,-50.63354886593524],[-75.39625147932448,-50.59312846776325],[-75.32219481286603,-50.601332188257906],[-75.41593785755333,-50.564332783594956],[-75.44647677554312,-50.53427083237568],[-75.42386855498744,-50.529250984903825],[-75.4666236526445,-50.52192229393913],[-75.45374183572473,-50.51970420591527],[-75.47105176039531,-50.494415228725835],[-75.4028466172897,-50.49522537419206],[-75.42975494465136,-50.475574673527184],[-75.38444409419691,-50.46635304201639]],[[-75.3491368998144,-50.501543448395466],[-75.3558994433244,-50.51150271455809],[-75.34698145068064,-50.50470687758208],[-75.3491368998144,-50.501543448395466]],[[-75.42402650486552,-50.521874023993],[-75.42439079237448,-50.527707264425665],[-75.42075258043951,-50.5230756508843],[-75.42402650486552,-50.521874023993]],[[-75.41270382281749,-50.53773276622764],[-75.41509517313813,-50.54181741568752],[-75.41065680662675,-50.5386255417683],[-75.41270382281749,-50.53773276622764]],[[-75.42287258564542,-50.53972142323196],[-75.4290516158862,-50.542213933274816],[-75.42362358530778,-50.54155796592222],[-75.42287258564542,-50.53972142323196]],[[-75.35647554639084,-50.54516755555277],[-75.38233092067874,-50.548276860283366],[-75.3868323848557,-50.561789038756075],[-75.35647554639084,-50.54516755555277]],[[-75.39186938058755,-50.55816329426472],[-75.39412645972266,-50.55856015606534],[-75.39238483479589,-50.559177434328944],[-75.39186938058755,-50.55816329426472]],[[-75.32589169107729,-50.578236499140345],[-75.33191818109461,-50.58858293460013],[-75.32810595291268,-50.59281424833123],[-75.32589169107729,-50.578236499140345]],[[-75.34646828358302,-50.715370155817425],[-75.34972654049217,-50.717999884103506],[-75.34601424090245,-50.71936123896816],[-75.34646828358302,-50.715370155817425]]],[[[-75.03611815124046,-50.408326412707105],[-75.05008606727132,-50.422490423414075],[-75.0091752010111,-50.420551524080814],[-75.01710145268285,-50.463653589539916],[-75.08672160765099,-50.4758022124291],[-75.07657603393383,-50.45887922996398],[-75.10635848691106,-50.45413309935744],[-75.06916585810458,-50.409231990661766],[-75.03611815124046,-50.408326412707105]]],[[[-74.97774392626249,-50.41099721997362],[-74.96088744419787,-50.424620805724736],[-74.9989151792318,-50.44853225122307],[-74.98371114364075,-50.43674762644291],[-74.99430571060826,-50.41184475339344],[-74.97774392626249,-50.41099721997362]]],[[[-74.23664356627965,-50.849291353100845],[-74.20548611779257,-50.811334882044044],[-74.22553835468382,-50.77825985004802],[-74.2473336079922,-50.784873725010655],[-74.24256836700681,-50.750734158292666],[-74.29459038811679,-50.81388365532475],[-74.33432407507925,-50.76310793529822],[-74.28664149800157,-50.84678925268022],[-74.33994785215135,-50.84737386835516],[-74.36746959500309,-50.7975228700504],[-74.42306732776217,-50.76367613643827],[-74.37504746204138,-50.73965848135856],[-74.43991393105362,-50.75884798631892],[-74.5049695924512,-50.73391898410547],[-74.5004363333031,-50.7117107308672],[-74.46403170396893,-50.710025148127336],[-74.53126940463267,-50.70137813627447],[-74.47106663374105,-50.673194576721656],[-74.49307401522063,-50.66375442893919],[-74.54858572261314,-50.69617657258899],[-74.54706832257118,-50.65333427869532],[-74.55217926132904,-50.667655055390966],[-74.5575642895548,-50.65257855227636],[-74.58313391963233,-50.66220619094991],[-74.57539714331523,-50.646179149719174],[-74.60453256584444,-50.647287272489855],[-74.60022494912269,-50.62335140324527],[-74.57521140135887,-50.62074904396032],[-74.55847235245808,-50.62594309694345],[-74.57532363776878,-50.645114480989776],[-74.54968760871705,-50.64896777878369],[-74.55551072105239,-50.62935977511937],[-74.5213957967661,-50.62157789788164],[-74.52374292122865,-50.596555687037274],[-74.46553375180268,-50.56051604712932],[-74.45927696518753,-50.58123712352563],[-74.41798491590447,-50.54501195241037],[-74.44927547405541,-50.54523547834982],[-74.46034076990992,-50.52626596032445],[-74.38540550978111,-50.53238797651793],[-74.37745369564962,-50.56824781343571],[-74.38091591055246,-50.541989798715726],[-74.35195871197897,-50.534497979572656],[-74.3870707877902,-50.516145544450765],[-74.49631766462494,-50.51155339782656],[-74.46879275341519,-50.47717018688915],[-74.51844169324248,-50.51570735455366],[-74.58735216745804,-50.508293084993596],[-74.60726886653924,-50.495850237793995],[-74.59064401866387,-50.47666760705923],[-74.63466262102256,-50.495519903693314],[-74.69226647327075,-50.48794187735995],[-74.54227187590948,-50.41294151820166],[-74.463490978355,-50.47478601990092],[-74.35752637578683,-50.459527107765815],[-74.3399077235093,-50.540017595772866],[-74.29538006204878,-50.6077070734348],[-74.3053811480407,-50.62628489856992],[-74.26596289281215,-50.6192198031246],[-74.2074608348743,-50.681883624265126],[-74.25462354881225,-50.70244371211282],[-74.27077134994923,-50.67591994414607],[-74.29013304559336,-50.688222223273655],[-74.38372549850307,-50.64091657947791],[-74.3818281218757,-50.65510308475274],[-74.40410590793391,-50.65365504349174],[-74.32185836588394,-50.67356317197473],[-74.29192439855932,-50.698891164774615],[-74.2682735178264,-50.69206068755317],[-74.25667015716785,-50.715186834125625],[-74.29021861461575,-50.70240416579275],[-74.25066288660602,-50.73937085072453],[-74.25432691971554,-50.71643294405148],[-74.20767991690411,-50.70688886763995],[-74.15148850643838,-50.7779006161606],[-74.14457561549256,-50.84532741031374],[-74.182760748839,-50.849533155959534],[-74.18411752292164,-50.8246465761083],[-74.19173146809835,-50.84388847560159],[-74.23664356627965,-50.849291353100845]],[[-74.24376996880223,-50.74754285103836],[-74.24548207778369,-50.74238545148733],[-74.24826751183294,-50.742846459973514],[-74.24376996880223,-50.74754285103836]],[[-74.46621678852391,-50.64883079391829],[-74.45586117611688,-50.64070247610668],[-74.46711327304146,-50.643381608543805],[-74.46621678852391,-50.64883079391829]],[[-74.39237309105975,-50.51495547792717],[-74.39450310349793,-50.51194830695242],[-74.39769792587329,-50.51175430119282],[-74.39237309105975,-50.51495547792717]],[[-74.39043187754486,-50.50755468968231],[-74.39617652653169,-50.50590000139047],[-74.39206565972177,-50.50889689389334],[-74.39043187754486,-50.50755468968231]],[[-74.37165864309053,-50.46663479216958],[-74.37456588689565,-50.46300041520916],[-74.38203476762872,-50.46367210451967],[-74.37165864309053,-50.46663479216958]],[[-74.3428327270076,-50.770687404123855],[-74.33270951145954,-50.77840719170237],[-74.3503896363503,-50.76310003831908],[-74.3428327270076,-50.770687404123855]],[[-74.33723681208235,-50.7821740068939],[-74.33142389832047,-50.781451680793545],[-74.33780746057839,-50.78025750543141],[-74.33723681208235,-50.7821740068939]]],[[[-75.34426843341973,-50.36270607091346],[-75.31401914575227,-50.374570129229234],[-75.35438743227584,-50.41716473524955],[-75.38863740568868,-50.41218497017905],[-75.34426843341973,-50.36270607091346]]],[[[-75.37859430908418,-50.34029592390396],[-75.36190048945963,-50.35969494522405],[-75.4234488737648,-50.42251204053879],[-75.46006538782673,-50.43160940487579],[-75.47712923339829,-50.4176853556721],[-75.47081337446836,-50.398176516783934],[-75.40340258731399,-50.38240152512619],[-75.37859430908418,-50.34029592390396]]],[[[-74.68941079905113,-50.349940257341714],[-74.62585909350894,-50.35897516748883],[-74.63162575750844,-50.3757892666525],[-74.5856455669459,-50.361479573151776],[-74.53960207480023,-50.405039375034356],[-74.58002041006155,-50.42482428217647],[-74.59899105379112,-50.40812087705313],[-74.59063610540454,-50.42901080142618],[-74.69260910599147,-50.48395496974287],[-74.71644980882876,-50.479678814016985],[-74.71067245218244,-50.49259587342482],[-74.75069000138478,-50.516066927371554],[-74.7893878984853,-50.48377693937531],[-74.76137637976761,-50.45156106780024],[-74.76713390340909,-50.43331873941805],[-74.7389116489089,-50.462168722089615],[-74.74927823513539,-50.42580773593492],[-74.7341770287966,-50.409125581822764],[-74.79751486882581,-50.429443386387184],[-74.76854385236663,-50.39864710385957],[-74.74724575817751,-50.41199971759234],[-74.7535092183769,-50.381741562828466],[-74.68941079905113,-50.349940257341714]],[[-74.60164583506882,-50.389154797633815],[-74.60086138663686,-50.39515919857797],[-74.59409633413227,-50.39640292618222],[-74.60164583506882,-50.389154797633815]],[[-74.57433754540331,-50.39741182486855],[-74.56816818911983,-50.39762369967179],[-74.57261040491218,-50.39351021482981],[-74.57433754540331,-50.39741182486855]],[[-74.56080341863662,-50.40801482525574],[-74.55674459033278,-50.40227390861047],[-74.56367629469561,-50.39906181757384],[-74.56080341863662,-50.40801482525574]],[[-74.75677699742808,-50.4113207307039],[-74.75692211127905,-50.41314733176358],[-74.7550680684827,-50.413192757849465],[-74.75677699742808,-50.4113207307039]],[[-74.73702431005653,-50.42618259111618],[-74.7354404265987,-50.42674786680924],[-74.73480860013687,-50.425780767056054],[-74.73702431005653,-50.42618259111618]],[[-74.73403871609061,-50.42936665763975],[-74.73689939302805,-50.42933734683858],[-74.73588426441765,-50.430338265522195],[-74.73403871609061,-50.42936665763975]],[[-74.74525927406388,-50.44179931484231],[-74.73961531454229,-50.442132368349085],[-74.74349161236692,-50.43996921992257],[-74.74525927406388,-50.44179931484231]]],[[[-74.93035508301134,-50.267603735422185],[-74.88236833368347,-50.31218169172328],[-74.92100048757995,-50.360354735140874],[-74.97918125407327,-50.35554654968071],[-74.97406113632984,-50.33714671783079],[-74.99703937025609,-50.33266825504761],[-74.99703843331326,-50.34705902693268],[-75.02218320697376,-50.33001519554064],[-75.0422056790864,-50.33682634124367],[-75.00611324036458,-50.34712206285328],[-75.0405485514919,-50.35179399585324],[-75.01039835878007,-50.3626557867558],[-75.07553383998223,-50.356998277439914],[-75.0375400774357,-50.3781180199167],[-74.96944450184527,-50.36620809128938],[-74.94552775392425,-50.38364047511188],[-74.99073385093511,-50.3886055895691],[-74.96495014064729,-50.396307203434645],[-74.9745248403913,-50.40753938807762],[-75.05746044164323,-50.41034102414803],[-75.09228732840289,-50.38197205518322],[-75.13689281630637,-50.384466407941204],[-74.93035508301134,-50.267603735422185]],[[-74.95113966604806,-50.30778863406497],[-74.96185853290146,-50.32047577911703],[-74.95521082193255,-50.31760485166191],[-74.95113966604806,-50.30778863406497]],[[-74.96841355749599,-50.32161091026513],[-74.97364974386232,-50.324657504781406],[-74.96961795754349,-50.323817992927424],[-74.96841355749599,-50.32161091026513]],[[-74.97065187262143,-50.32683683983919],[-74.97364970253982,-50.32985909055302],[-74.97274168545063,-50.33521228321977],[-74.97065187262143,-50.32683683983919]],[[-75.11706622004482,-50.379108292188704],[-75.11343380493837,-50.38011805842681],[-75.1170700693258,-50.37855471423488],[-75.11706622004482,-50.379108292188704]]],[[[-74.64434053809101,-50.27729828985661],[-74.57030315756342,-50.29322940939951],[-74.58958435248,-50.3145010405723],[-74.61889985039276,-50.2889376931075],[-74.61019081037567,-50.312192305726185],[-74.6528592682185,-50.31895420944262],[-74.75678736308812,-50.30555360976799],[-74.7153602979162,-50.279045889990755],[-74.646695040417,-50.296591911806615],[-74.66134606683094,-50.277491866432094],[-74.63408842867273,-50.297159728605],[-74.64434053809101,-50.27729828985661]],[[-74.72938408197122,-50.296288988899235],[-74.7380436284094,-50.29749840341542],[-74.73563725196904,-50.2988807818417],[-74.72938408197122,-50.296288988899235]],[[-74.73839193848272,-50.30098974954188],[-74.74092648295458,-50.30099546691419],[-74.74027479025024,-50.302204119135766],[-74.73839193848272,-50.30098974954188]],[[-74.7480006682063,-50.305261367509935],[-74.74873089792099,-50.306620679954605],[-74.74744033236975,-50.30664738501754],[-74.7480006682063,-50.305261367509935]]],[[[-74.61489089835013,-50.25055987717741],[-74.55157704783055,-50.27439053249549],[-74.56177483163204,-50.28796923211512],[-74.59960991486847,-50.27606502686915],[-74.62678799463185,-50.247838317311505],[-74.61489089835013,-50.25055987717741]],[[-74.60055622534159,-50.27163193601544],[-74.59167098886637,-50.27189050578319],[-74.60054664570738,-50.26677494568616],[-74.60055622534159,-50.27163193601544]],[[-74.58840297894817,-50.272554469961634],[-74.59407108428626,-50.27292817949057],[-74.58415772686668,-50.27594885457305],[-74.58840297894817,-50.272554469961634]]],[[[-74.91819573076893,-50.228234331304726],[-74.83258717532111,-50.252885537933984],[-74.8791299340337,-50.2943939219516],[-74.9174517685085,-50.25660945599227],[-74.91819573076893,-50.228234331304726]],[[-74.8977959213212,-50.23785191013825],[-74.91519840480542,-50.2372732830774],[-74.90579264223375,-50.24053418214597],[-74.8977959213212,-50.23785191013825]]],[[[-75.22740678046662,-50.19579162168971],[-75.18904591149776,-50.20666387405481],[-75.20034721094707,-50.23144033999719],[-75.1712143477181,-50.24284851234147],[-75.25748037024091,-50.217205557822],[-75.22740678046662,-50.19579162168971]]],[[[-74.72556525746016,-50.21658796491214],[-74.67142641657027,-50.236294584602234],[-74.66982418681941,-50.25426212580863],[-74.74303925043424,-50.25220581738067],[-74.72556525746016,-50.21658796491214]],[[-74.71602682000923,-50.23546560693369],[-74.71991648925687,-50.238307321954004],[-74.7145264295672,-50.23785850728456],[-74.71602682000923,-50.23546560693369]],[[-74.72670535520132,-50.24572690778173],[-74.72415348222762,-50.24633119916058],[-74.72406316111739,-50.246015982747466],[-74.72670535520132,-50.24572690778173]],[[-74.71256387028451,-50.248724885078396],[-74.71292505680911,-50.24992678809797],[-74.71191762406573,-50.248959547930134],[-74.71256387028451,-50.248724885078396]],[[-74.73156691983968,-50.25379517450949],[-74.73137186235383,-50.25435716785342],[-74.73099049248141,-50.25391690734682],[-74.73156691983968,-50.25379517450949]]],[[[-74.70970052265572,-50.06893113776133],[-74.6610518344394,-50.07860355599889],[-74.68377221055664,-50.110031361846836],[-74.74908061026447,-50.12413618842563],[-74.75783581111074,-50.11043836387772],[-74.73458033283329,-50.10810446422638],[-74.76038703100922,-50.09535658752663],[-74.70970052265572,-50.06893113776133]],[[-74.69755411423826,-50.078319127916544],[-74.70780199348985,-50.07902927864962],[-74.70146973222118,-50.08199003069967],[-74.69755411423826,-50.078319127916544]],[[-74.69304529735074,-50.07955435624423],[-74.69461043027361,-50.0791964529991],[-74.69467197026046,-50.07935750290122],[-74.69304529735074,-50.07955435624423]],[[-74.71705894204987,-50.085922365073586],[-74.71925898355434,-50.084943691105245],[-74.7192515356223,-50.08622719835585],[-74.71705894204987,-50.085922365073586]],[[-74.68298772619205,-50.087935177036414],[-74.68142003486724,-50.08861470851962],[-74.68036007942584,-50.08816934947064],[-74.68298772619205,-50.087935177036414]],[[-74.70226344138541,-50.091276340894524],[-74.70245054249278,-50.09328775983928],[-74.69979886669104,-50.09191175200635],[-74.70226344138541,-50.091276340894524]]],[[[-75.04244241570649,-50.02267590602525],[-75.01007596689931,-50.042290033654666],[-75.04163300488939,-50.0549405095439],[-75.0487403667212,-50.09202965451779],[-75.06813370821617,-50.03306600112251],[-75.04244241570649,-50.02267590602525]]],[[[-75.25249379245436,-50.00220492186794],[-75.23655323355175,-50.011634787955074],[-75.26212289866355,-50.049519856383554],[-75.25618256247185,-50.02504272379779],[-75.27397558852583,-50.01258838022103],[-75.25249379245436,-50.00220492186794]]],[[[-75.29677387732426,-49.993095770872486],[-75.2727275123892,-49.99713079799761],[-75.30385102252485,-50.016486478682445],[-75.30301783779377,-50.06035800254121],[-75.28787636716731,-50.056768786561655],[-75.30202680649087,-50.041322766898],[-75.28800016758987,-50.02037116757042],[-75.26761669310727,-50.03058458146434],[-75.28352019380948,-50.05595008824851],[-75.25732561387365,-50.07016596217615],[-75.22104627167383,-50.01362825838725],[-75.1427652757952,-50.01517830487034],[-75.08991855184705,-50.05999348076358],[-75.09813354450901,-50.077064668016895],[-75.13884137714199,-50.07400256403717],[-75.11884847936513,-50.0857010986963],[-75.13244230996224,-50.102217396625306],[-75.07362733108168,-50.07118373529061],[-75.08924520255783,-50.10937955639496],[-75.06930311349346,-50.07730663072609],[-75.05031447201715,-50.09896582487259],[-75.06414606061882,-50.12946250882528],[-75.04786485247563,-50.11019551933213],[-75.03055169297168,-50.13984744437934],[-75.02728258261727,-50.1001330680455],[-74.9956991844635,-50.09664011500328],[-74.97559643440552,-50.06368377893364],[-74.93107728448233,-50.088973511457596],[-74.98953796871314,-50.15585708284577],[-75.01275789256995,-50.138456273245666],[-75.00803552457982,-50.154583759222504],[-75.051142724099,-50.18641210769021],[-75.02339779661155,-50.176749526912616],[-75.02034854892293,-50.19422593642021],[-75.00824473771792,-50.15556174554266],[-74.98825032088992,-50.16106048856456],[-74.95246471253317,-50.13056235981622],[-74.97276795668111,-50.16723830415636],[-74.96134081134534,-50.16114648326926],[-74.93155462407148,-50.10505899199268],[-74.91152911744982,-50.13260686406274],[-74.9559923894674,-50.16069165666154],[-74.94577550568636,-50.1770889684432],[-74.89712625871795,-50.12980647332293],[-74.85507426075566,-50.17788795621598],[-74.87538477227424,-50.13053654762554],[-74.80795410809756,-50.14536794637358],[-74.88309937547518,-50.1213834799158],[-74.83881341113175,-50.11932535321051],[-74.87356313081186,-50.10290439063113],[-74.7904864985519,-50.13085019612561],[-74.7712530868219,-50.17054623880336],[-74.78514380433221,-50.18785861886266],[-74.83283055498272,-50.16719602840743],[-74.81655702923183,-50.19838183058137],[-74.88182462296788,-50.18937637533158],[-74.81355695352524,-50.207205390344775],[-74.83142058087235,-50.23055268240015],[-74.88298399496176,-50.23073498644593],[-74.82937734119903,-50.24178135800951],[-74.9137276443947,-50.225014951177364],[-74.92243015635462,-50.20729832021019],[-74.92780024739385,-50.22184476045303],[-74.9584992361841,-50.20518912658608],[-74.98772876532416,-50.22264450763432],[-74.97772296766858,-50.20446284641847],[-75.00842735174044,-50.23480443483279],[-75.02040075451566,-50.22472648047189],[-75.01582058803838,-50.23862684335404],[-75.05646035622058,-50.26889726526253],[-74.97131531349305,-50.21718740522243],[-74.97830526192395,-50.23254345105352],[-74.93540889610362,-50.23250734714823],[-74.93052300149414,-50.24735625879764],[-75.02151461336568,-50.30164358720226],[-75.04615104388164,-50.28025380652357],[-75.02192689875858,-50.3063433333404],[-75.06474327678937,-50.309911190636704],[-75.05438487241847,-50.32590875415118],[-75.10309629897422,-50.31294688343653],[-75.0691194394589,-50.33669438097827],[-75.11827082221326,-50.343316768782785],[-75.11362799914322,-50.36453783361573],[-75.15640603617936,-50.34160179555888],[-75.13519172785679,-50.3750958100781],[-75.17138978330321,-50.387513501667016],[-75.16905533676425,-50.41267907829489],[-75.20329500380583,-50.44575667885851],[-75.17626108118766,-50.437959594891645],[-75.15354461813182,-50.39213232119229],[-75.07796728535705,-50.398100033430886],[-75.11373423570535,-50.407907856056525],[-75.09146825800157,-50.416233961959996],[-75.09959168358999,-50.43495748588329],[-75.15101504314012,-50.47601518074631],[-75.26758261821193,-50.43113158136048],[-75.23786467235693,-50.467735383936024],[-75.27445607401509,-50.43670729861423],[-75.28528193830367,-50.45198090835018],[-75.28367758493546,-50.438803855597655],[-75.33953368754328,-50.441786021464374],[-75.29071880830448,-50.38334815389874],[-75.24862467576213,-50.38464092461481],[-75.27874533995224,-50.376576047379295],[-75.26687403789558,-50.36068321401165],[-75.19025661861689,-50.3377680964544],[-75.21208250267983,-50.32519857234981],[-75.18360124142534,-50.293132130963045],[-75.21043733076343,-50.29635952423301],[-75.1982385092424,-50.30011408489347],[-75.22186076246385,-50.33223742547776],[-75.26972414166214,-50.33359363124796],[-75.27582494031977,-50.35237262806844],[-75.31511444540853,-50.35925315495114],[-75.30976393135428,-50.33551374321135],[-75.24540163640538,-50.30791329255969],[-75.28028036044851,-50.321343240388956],[-75.28419023370517,-50.300814940150744],[-75.29911215966946,-50.31994340937966],[-75.32095440654531,-50.3074327915043],[-75.30852858614188,-50.324276334415906],[-75.34542991555621,-50.350857034980486],[-75.37446654945533,-50.34178369248654],[-75.36671810312438,-50.32116882929693],[-75.41077199130741,-50.3467068753946],[-75.41828290421265,-50.37383440287256],[-75.45151707707522,-50.37905407267184],[-75.47168757447868,-50.36385146503618],[-75.47980085898585,-50.31400211288875],[-75.44290007484891,-50.296493513763465],[-75.46213087158308,-50.269956353837],[-75.39802637784936,-50.25966928953939],[-75.44066933072466,-50.22759946584023],[-75.40869115624118,-50.20320019221146],[-75.41540104140752,-50.17628145738289],[-75.40016291205649,-50.17156079546864],[-75.41820330180036,-50.16611300269155],[-75.36996719362439,-50.143785021751505],[-75.25324842131046,-50.1750508338513],[-75.24637187170944,-50.187054077724305],[-75.27424175575125,-50.201184207754544],[-75.34687520603367,-50.19083428323451],[-75.36193900472743,-50.20892257838902],[-75.32894553814016,-50.22869088951748],[-75.27418923484984,-50.22125787461378],[-75.25946144200498,-50.23416952237851],[-75.27170123119453,-50.25436712849548],[-75.22753905290062,-50.243326565089106],[-75.20536605352369,-50.26955258265619],[-75.13386681611897,-50.2563437451715],[-75.16822508054099,-50.24171342708369],[-75.16168751290739,-50.210993478169065],[-75.09732896483152,-50.15877546139707],[-75.09382814213441,-50.13104763896321],[-75.11379999957066,-50.15442144726689],[-75.14123636743614,-50.12687875713014],[-75.15866297787223,-50.14685208434007],[-75.13790175911772,-50.16198430158488],[-75.13253056674397,-50.13845777828573],[-75.12206067425979,-50.16365965016935],[-75.17329383171817,-50.17991787986824],[-75.18701223888225,-50.14450422218072],[-75.23161120501676,-50.160705692374904],[-75.2561780987432,-50.12492334559871],[-75.28367323529287,-50.14500156728322],[-75.29625464480183,-50.12678348751919],[-75.3390030904342,-50.12501832231193],[-75.32985610105486,-50.09830367448658],[-75.35347033950733,-50.07979007766256],[-75.40683748175408,-50.06978739430596],[-75.38801437014023,-50.06141844937954],[-75.40768205173306,-50.05880255098593],[-75.41718978836084,-50.02599053854743],[-75.36800773622437,-50.00078486546963],[-75.36167320760791,-50.03666485946141],[-75.35053163041273,-50.00479954294099],[-75.29677387732426,-49.993095770872486]],[[-75.36802891760044,-50.166946937922845],[-75.36443689524074,-50.160398993632654],[-75.37270817903337,-50.16206656841338],[-75.36802891760044,-50.166946937922845]],[[-75.32701163691168,-50.32193391708955],[-75.33567542070305,-50.32406859282497],[-75.3322594187317,-50.32496898048443],[-75.32701163691168,-50.32193391708955]],[[-75.28325483237286,-50.44704544406035],[-75.28247917844753,-50.447506067219706],[-75.28163381256121,-50.44628479057774],[-75.28325483237286,-50.44704544406035]],[[-75.2613634485493,-50.45084307868918],[-75.26203244550095,-50.45271475810217],[-75.2557636277492,-50.456092793375745],[-75.2613634485493,-50.45084307868918]],[[-75.25547032152073,-50.45720207826511],[-75.25409720169318,-50.45800784383974],[-75.25259964813081,-50.45789649062376],[-75.25547032152073,-50.45720207826511]],[[-75.12936874667551,-50.351750837502806],[-75.1261941741233,-50.350821138243326],[-75.12825893024427,-50.34996230479909],[-75.12936874667551,-50.351750837502806]],[[-75.01030454681663,-50.25897071469743],[-75.00340636398694,-50.255807238403555],[-75.00587013648575,-50.254066702966874],[-75.01030454681663,-50.25897071469743]],[[-74.84093940001576,-50.18531625919277],[-74.82989493429606,-50.18506890075618],[-74.83994153073691,-50.18146762258037],[-74.84093940001576,-50.18531625919277]],[[-74.83826259653888,-50.1869812994672],[-74.83492846702252,-50.190823876242874],[-74.83573167227762,-50.18818287366379],[-74.83826259653888,-50.1869812994672]],[[-74.84023100834564,-50.181236278055565],[-74.83439495757527,-50.17807612117364],[-74.84746173581541,-50.17739876217212],[-74.84023100834564,-50.181236278055565]],[[-74.85326510767237,-50.128611409244456],[-74.85116266453028,-50.12728674702054],[-74.8542234088579,-50.12687147832131],[-74.85326510767237,-50.128611409244456]],[[-74.85735701463992,-50.17602614741256],[-74.85722372171973,-50.17535995099079],[-74.85830521965995,-50.17559298490582],[-74.85735701463992,-50.17602614741256]]],[[[-75.00312346384271,-49.90251148970415],[-74.99156407841227,-49.90839088798657],[-75.00909646906635,-49.92749367323032],[-75.04438761235136,-49.920166405193065],[-75.02178407561156,-49.90433917903336],[-75.05004249269184,-49.907501986990155],[-75.00312346384271,-49.90251148970415]],[[-75.01261317667263,-49.918854079247055],[-75.01106187061859,-49.91943223685717],[-75.009450552612,-49.91858472804654],[-75.01261317667263,-49.918854079247055]]],[[[-75.38197993542252,-49.762881705345876],[-75.38958686385854,-49.80905452493542],[-75.41527101566005,-49.79221074245633],[-75.38197993542252,-49.762881705345876]],[[-75.38752817406068,-49.76751449872067],[-75.3839613557329,-49.76751141256532],[-75.38535628306228,-49.76680122781527],[-75.38752817406068,-49.76751449872067]]],[[[-75.5392625898367,-49.700924937927034],[-75.58025174876549,-49.69822792059177],[-75.57803090946558,-49.647096339878665],[-75.6110503921618,-49.63804989304928],[-75.60196479903887,-49.62634100578859],[-75.56756207160355,-49.62479272997849],[-75.56470049904577,-49.60237895683295],[-75.52194111911976,-49.5813702528916],[-75.51442807447407,-49.6027714307875],[-75.47176035059313,-49.588249440807374],[-75.45243013191653,-49.61338186083368],[-75.43714917718094,-49.595296492963556],[-75.46592840063202,-49.59088141354406],[-75.44452441393553,-49.56888044587741],[-75.43328513597007,-49.58893300118477],[-75.35851617196666,-49.61504787574207],[-75.37053286006385,-49.593777392251134],[-75.35221426117816,-49.5716352775663],[-75.27544763622234,-49.66410544149991],[-75.28883395778546,-49.69449639608989],[-75.28103513842494,-49.678094820946704],[-75.26471666277386,-49.68512998279115],[-75.1437855122263,-49.88208831141456],[-75.15814099650504,-49.89603146289371],[-75.17791392471656,-49.88824082834858],[-75.16006609244711,-49.885575241062],[-75.17145173921003,-49.87329151173623],[-75.21771836658407,-49.87354792060442],[-75.23278551419718,-49.84017344083055],[-75.27783127989615,-49.81044896895353],[-75.24252705444566,-49.8820907193926],[-75.29055047659664,-49.88285843628403],[-75.3479135516026,-49.85441936656729],[-75.38167886056347,-49.80808575113819],[-75.35168348710097,-49.75819024293932],[-75.3204103248255,-49.76183043995987],[-75.35577198136873,-49.75112240257106],[-75.35443718726448,-49.686572363471626],[-75.37937413927726,-49.747973741888956],[-75.50577014863495,-49.78546100871236],[-75.56133608013465,-49.83341098678783],[-75.61120251916022,-49.848423545097724],[-75.61963683280386,-49.837140767544916],[-75.598780121338,-49.82019811927013],[-75.62342258853268,-49.80546064929282],[-75.60948217532254,-49.80257638876431],[-75.63294945208948,-49.76275229824874],[-75.57313095532358,-49.73538860444207],[-75.5277908997409,-49.739340446679265],[-75.47814692939377,-49.69944284516865],[-75.50913284637397,-49.72494063382159],[-75.5392625898367,-49.700924937927034]],[[-75.5474594706659,-49.69811609537967],[-75.5461467445749,-49.6988362681074],[-75.54588964494395,-49.69881368559352],[-75.5474594706659,-49.69811609537967]],[[-75.50806215696325,-49.70317982757341],[-75.50723410969728,-49.70351828159742],[-75.50805810645963,-49.702789339695975],[-75.50806215696325,-49.70317982757341]],[[-75.50501799912902,-49.708270604958706],[-75.50436009457452,-49.70844092467142],[-75.50484065552227,-49.70776921709755],[-75.50501799912902,-49.708270604958706]],[[-75.46602802469535,-49.710122331345495],[-75.46458857506387,-49.70927142026808],[-75.4653981951884,-49.70759039079059],[-75.46602802469535,-49.710122331345495]],[[-75.48095411974089,-49.71652254689872],[-75.47985340414179,-49.71656277936782],[-75.47979271036792,-49.715991957620204],[-75.48095411974089,-49.71652254689872]],[[-75.55481158837833,-49.73788878781637],[-75.55554055865497,-49.73740927927363],[-75.55488610452946,-49.73798361711387],[-75.55481158837833,-49.73788878781637]],[[-75.55480213001668,-49.737055875229466],[-75.55534663124975,-49.7365059324457],[-75.55556808752685,-49.736600007364856],[-75.55480213001668,-49.737055875229466]],[[-75.61081845973185,-49.76122383893435],[-75.61178961401247,-49.76192537275426],[-75.61082993840456,-49.76213830673412],[-75.61081845973185,-49.76122383893435]],[[-75.36300738636619,-49.71450621732043],[-75.36095533421995,-49.71494090260128],[-75.36124258310848,-49.714083332239404],[-75.36300738636619,-49.71450621732043]],[[-75.16502411818068,-49.87008095298651],[-75.16227601541969,-49.867736204915175],[-75.16483660833984,-49.86750160624953],[-75.16502411818068,-49.87008095298651]],[[-75.59987109919943,-49.63705141880133],[-75.60052857974914,-49.636881438831146],[-75.60060478832627,-49.63711902083557],[-75.59987109919943,-49.63705141880133]],[[-75.55141112726137,-49.61951931191892],[-75.55255352558797,-49.61949073945898],[-75.55152264052748,-49.619913210336165],[-75.55141112726137,-49.61951931191892]],[[-75.55036040560277,-49.6181787924287],[-75.55107303103286,-49.6180362048097],[-75.55072225238911,-49.61859468243495],[-75.55036040560277,-49.6181787924287]],[[-75.55665008133712,-49.6092404998286],[-75.55743010197304,-49.608772726194935],[-75.5575798340629,-49.60937518376112],[-75.55665008133712,-49.6092404998286]],[[-75.41728238041212,-49.58848309266032],[-75.41788437292503,-49.5879473472],[-75.41785347447251,-49.58850425479997],[-75.41728238041212,-49.58848309266032]],[[-75.41847363990365,-49.585903707975646],[-75.41620062824866,-49.58716467890733],[-75.41700994384432,-49.585839457549895],[-75.41847363990365,-49.585903707975646]],[[-75.41689820779604,-49.5852831164804],[-75.41771371008905,-49.5846769943662],[-75.41775532454459,-49.58537273541696],[-75.41689820779604,-49.5852831164804]],[[-75.54120863359287,-49.59522931967064],[-75.54169602263511,-49.594605951128834],[-75.54189575854696,-49.59479782961636],[-75.54120863359287,-49.59522931967064]],[[-75.54351136241576,-49.5948758373542],[-75.54317590723417,-49.594341960196004],[-75.5437977947357,-49.593974941989586],[-75.54351136241576,-49.5948758373542]],[[-75.54931505497127,-49.69998727621305],[-75.54866250078258,-49.70068060339884],[-75.54858652576743,-49.70044297547041],[-75.54931505497127,-49.69998727621305]]],[[[-74.94293895749745,-49.57645868112425],[-74.9112173185029,-49.591812620169925],[-74.9180205817464,-49.61102325084713],[-74.94779305444084,-49.57929326532379],[-74.93942944539658,-49.594472582528944],[-74.95466027683428,-49.593979871639114],[-74.92768601402904,-49.61321913976102],[-74.9639549016356,-49.600146905578455],[-74.94293895749745,-49.57645868112425]]],[[[-75.31117619167708,-49.536567535040014],[-75.25807201236513,-49.55691468861367],[-75.31102239560886,-49.589487430733804],[-75.33175489612205,-49.56338879550985],[-75.31117619167708,-49.536567535040014]]],[[[-75.39691055618044,-49.52571671819398],[-75.38117147771794,-49.55679278711438],[-75.43770816015468,-49.55686268864951],[-75.42724945978064,-49.52992882279003],[-75.38873406531155,-49.54629396050917],[-75.39691055618044,-49.52571671819398]]],[[[-75.35579044534107,-49.48725087032326],[-75.31965199760536,-49.517088024293635],[-75.36854677929375,-49.51770064385872],[-75.37499213127018,-49.50011624866902],[-75.35191410888892,-49.50747477758357],[-75.35579044534107,-49.48725087032326]],[[-75.33890106068256,-49.49273928674318],[-75.3470805600093,-49.49871610961347],[-75.33865328646257,-49.49749211480885],[-75.33890106068256,-49.49273928674318]],[[-75.34668895293593,-49.49624977069489],[-75.34720058660939,-49.4958522829994],[-75.34786088786909,-49.49664235594002],[-75.34668895293593,-49.49624977069489]],[[-75.3444812892263,-49.494885594066204],[-75.34504009972352,-49.494548801724385],[-75.34555857855942,-49.49512608933987],[-75.3444812892263,-49.494885594066204]],[[-75.32477199946612,-49.505970152285144],[-75.3247284985485,-49.506488101123374],[-75.32439912406304,-49.506184378586916],[-75.32477199946612,-49.505970152285144]],[[-75.33058181853185,-49.507354881846254],[-75.33225885728464,-49.50631436128565],[-75.33375520890118,-49.506249227937495],[-75.33058181853185,-49.507354881846254]]],[[[-74.45225183873009,-49.513145914512194],[-74.41685831624878,-49.53897499927788],[-74.4399305570729,-49.596685036273385],[-74.46833203625206,-49.529848081652624],[-74.45225183873009,-49.513145914512194]]],[[[-75.52265195420745,-49.43189648039259],[-75.49381156177373,-49.45241924076256],[-75.49640660418669,-49.43465388278536],[-75.47917817647532,-49.43425061454396],[-75.46356977324224,-49.46630042051448],[-75.43911781715978,-49.45149752323969],[-75.43045052005733,-49.47056947165523],[-75.45720714712033,-49.4888872894905],[-75.43351279870747,-49.486503458832026],[-75.4359934801949,-49.51900361167072],[-75.5038200328156,-49.49571435086858],[-75.54383811921048,-49.44705415142189],[-75.52265195420745,-49.43189648039259]],[[-75.52394043836216,-49.43896461307876],[-75.52378100446724,-49.43942941700746],[-75.52350091065996,-49.43882384650795],[-75.52394043836216,-49.43896461307876]],[[-75.52713131893007,-49.441276920510326],[-75.52817515410369,-49.44331891628913],[-75.5241489175767,-49.44224248332275],[-75.52713131893007,-49.441276920510326]],[[-75.5205661541526,-49.44168744513109],[-75.52094934131685,-49.44339928392489],[-75.51977932967672,-49.4432141559354],[-75.5205661541526,-49.44168744513109]],[[-75.50985113298695,-49.443163109728054],[-75.51592113560001,-49.44423100026546],[-75.51331518494455,-49.44633693210503],[-75.50985113298695,-49.443163109728054]],[[-75.51617509022915,-49.447561773656496],[-75.5151710719822,-49.449279830933136],[-75.51397962294612,-49.447047950083906],[-75.51617509022915,-49.447561773656496]],[[-75.51150527098821,-49.44869475330435],[-75.51034104180358,-49.44730755875051],[-75.51127223452876,-49.44733914638497],[-75.51150527098821,-49.44869475330435]],[[-75.51786929399037,-49.44988009801259],[-75.51993517120884,-49.44847859865012],[-75.52008506769042,-49.45057223534048],[-75.51786929399037,-49.44988009801259]],[[-75.52809983126544,-49.44988780864871],[-75.53126274997348,-49.458821850863394],[-75.52276068628943,-49.46271607013762],[-75.52809983126544,-49.44988780864871]],[[-75.5102264571975,-49.45209176160102],[-75.51116963704185,-49.45326567479114],[-75.51046329712383,-49.453804234553225],[-75.5102264571975,-49.45209176160102]],[[-75.50678085394091,-49.452499518148706],[-75.50629840563272,-49.453501232128154],[-75.50552041339272,-49.452397980521575],[-75.50678085394091,-49.452499518148706]],[[-75.5134161385145,-49.4533984229495],[-75.51406240808944,-49.452360339138956],[-75.51423596170403,-49.45325203100565],[-75.5134161385145,-49.4533984229495]],[[-75.52361185439418,-49.44924734166353],[-75.52114503750485,-49.44897296471508],[-75.5210195868771,-49.44747415737618],[-75.52361185439418,-49.44924734166353]]],[[[-75.51035528279577,-49.37918809858212],[-75.49669716875691,-49.40561740274028],[-75.46645569643245,-49.401031163358326],[-75.45988157814655,-49.42338127606978],[-75.54453090804243,-49.41732550884674],[-75.54703155907862,-49.39287168456277],[-75.51035528279577,-49.37918809858212]],[[-75.52174744953102,-49.381017400498656],[-75.51710215699227,-49.38298982234902],[-75.51962266079623,-49.38002743621979],[-75.52174744953102,-49.381017400498656]],[[-75.51061475577569,-49.39015854891434],[-75.50472362121043,-49.391660012283076],[-75.50440359549214,-49.38890063457325],[-75.51061475577569,-49.39015854891434]],[[-75.53010199726899,-49.39859101601047],[-75.5219249296817,-49.41152748903343],[-75.51330375837414,-49.40328392559372],[-75.53010199726899,-49.39859101601047]],[[-75.50296484474994,-49.40509058788128],[-75.50406713958732,-49.40589493614822],[-75.50275039533206,-49.405519891340845],[-75.50296484474994,-49.40509058788128]],[[-75.46989013452837,-49.41698663562462],[-75.47194883510602,-49.418644203999435],[-75.46975376936993,-49.41798681182584],[-75.46989013452837,-49.41698663562462]],[[-75.47379891184042,-49.42134979754392],[-75.47204784921327,-49.42135691838658],[-75.47145594388267,-49.42050255773182],[-75.47379891184042,-49.42134979754392]]],[[[-74.38189167678374,-49.41376234765364],[-74.31053028496105,-49.456269279466916],[-74.30522271307235,-49.48565346249279],[-74.28656087150988,-49.48277917478917],[-74.2328530530731,-49.54890654947442],[-74.38077368658173,-49.63596473638368],[-74.41691706157678,-49.61221859304474],[-74.39751610955473,-49.53638969354732],[-74.43809233360868,-49.50212839336766],[-74.4215492333225,-49.45352196282011],[-74.39123306787877,-49.4409873301437],[-74.4036592044892,-49.4215127410513],[-74.38189167678374,-49.41376234765364]],[[-74.3970136629517,-49.54046668028488],[-74.40056006257305,-49.54939068825155],[-74.3956022012312,-49.548510908798086],[-74.3970136629517,-49.54046668028488]],[[-74.38576920080872,-49.59718909233459],[-74.3864447878013,-49.598186561826864],[-74.38430598355144,-49.59802607066162],[-74.38576920080872,-49.59718909233459]]],[[[-75.40040349166935,-49.15828778789773],[-75.37388333442678,-49.17841547995959],[-75.40010230901247,-49.18163814318885],[-75.39293095030152,-49.194813348627456],[-75.41981057199828,-49.219469165214385],[-75.40040349166935,-49.15828778789773]]],[[[-75.12121193609786,-49.17084440664686],[-75.08528049074633,-49.17299477686433],[-75.04678386298185,-49.21905210807149],[-75.11905368511874,-49.19639913407133],[-75.12121193609786,-49.17084440664686]]],[[[-75.62797086841064,-49.14258084886997],[-75.61843360595611,-49.15746002970213],[-75.63838405114925,-49.168109249901136],[-75.6824224829195,-49.16097904612971],[-75.64294206157837,-49.16132457930823],[-75.62797086841064,-49.14258084886997]]],[[[-75.1867773384186,-49.16240204204489],[-75.13392203915276,-49.17307899711132],[-75.1270195857322,-49.20078007560927],[-75.03737293419898,-49.23072818595756],[-75.16190667578559,-49.239240802235756],[-75.21520713249552,-49.19026415688029],[-75.2009284559702,-49.179365639875],[-75.21118071720377,-49.16343174359576],[-75.1867773384186,-49.16240204204489]]],[[[-75.25537421975164,-49.14181984178689],[-75.240236788849,-49.14723117107242],[-75.25241604057157,-49.16291943637194],[-75.30005200586581,-49.17827561122868],[-75.30049990496815,-49.16232822748701],[-75.25537421975164,-49.14181984178689]]],[[[-75.61850838082205,-49.08767613025668],[-75.60926298369827,-49.113929899717654],[-75.62865629015894,-49.12938592634517],[-75.65038378713871,-49.092165814033365],[-75.61850838082205,-49.08767613025668]],[[-75.63144798636402,-49.09645989498627],[-75.63111023778352,-49.09841343390891],[-75.63037343329927,-49.09746539056625],[-75.63144798636402,-49.09645989498627]],[[-75.63783560271884,-49.09713877375564],[-75.63981838307856,-49.09912705529115],[-75.6363627186908,-49.10100269211089],[-75.63783560271884,-49.09713877375564]],[[-75.63474576555241,-49.101021331814145],[-75.63574275088902,-49.1052999747861],[-75.6325094276189,-49.10189040226476],[-75.63474576555241,-49.101021331814145]]],[[[-75.63314066658253,-49.02125198532294],[-75.6078817278292,-49.05770520216912],[-75.64691003337606,-49.050660653603444],[-75.63314066658253,-49.02125198532294]]],[[[-75.62098794839851,-48.972608565744636],[-75.50430717212618,-49.00373847615428],[-75.45664740417186,-49.04558873334157],[-75.52121110500073,-49.0736418194032],[-75.53993305822877,-49.04970296070571],[-75.60379951637852,-49.04979704968492],[-75.62077818998304,-49.01374083670143],[-75.69270688677227,-49.013830403383295],[-75.6699623226177,-48.9820444084966],[-75.62098794839851,-48.972608565744636]]],[[[-75.04493402430101,-49.000981665237695],[-75.01933488546474,-49.01313631424099],[-75.02457642309524,-49.027221825894664],[-74.95198769633753,-49.03751369347193],[-74.94154389542078,-49.09612495721726],[-74.94260538608299,-48.99943916985071],[-74.88578052320477,-49.02044366258302],[-74.82413535530922,-49.07634575116107],[-74.84393278956169,-49.111713815857684],[-74.83177890805938,-49.116890911645825],[-74.8893661046439,-49.148032173113705],[-74.82896358706064,-49.1230829518343],[-74.86766398866418,-49.285897194800604],[-74.92017680522794,-49.26327851794074],[-74.92919676923285,-49.24924833006364],[-74.90972705387074,-49.240151663739944],[-74.95443738504933,-49.240395588914986],[-75.00073860744327,-49.17782743458079],[-75.0495624913945,-49.15575599992684],[-75.03115826689258,-49.14993295766008],[-75.04029749572616,-49.138921223650364],[-75.06428557167739,-49.15280475634187],[-75.1791410485475,-49.14099005536359],[-75.14033529971398,-49.11256255719903],[-75.07099854794664,-49.11010344250581],[-75.12562009226625,-49.10322198036256],[-75.09464625493166,-49.08427771291616],[-75.20581556420365,-49.12875659547127],[-75.11832755980662,-49.017462714494336],[-75.09962068300398,-49.02726847317227],[-75.10084198215863,-49.0029014440691],[-75.02721658159672,-49.042163846509496],[-75.09477442116649,-48.99669105487592],[-75.07536331818173,-48.981353711429534],[-75.04493402430101,-49.000981665237695]],[[-74.90447431065539,-49.21113590166142],[-74.89927896260018,-49.212454528344125],[-74.89572704822127,-49.20949039284142],[-74.90447431065539,-49.21113590166142]],[[-74.8457193904398,-49.066126622845715],[-74.84860701414081,-49.063822234440096],[-74.8509353323729,-49.06629842996935],[-74.8457193904398,-49.066126622845715]]],[[[-74.9912573297939,-48.964645983581036],[-74.95681509265573,-48.98993852017849],[-74.97956209214303,-49.012198734742945],[-74.95475813660637,-49.012030891595614],[-74.95068330571407,-49.03478283137663],[-75.07007472679665,-48.974811811377826],[-74.9912573297939,-48.964645983581036]]],[[[-75.58518872158207,-49.15001578698815],[-75.57430166675128,-49.11622747919816],[-75.5009241239527,-49.07396593326168],[-75.55043010947894,-49.15430566082924],[-75.4968119950098,-49.10090166223306],[-75.43684331609806,-49.109241704262324],[-75.49523498456223,-49.09492672685892],[-75.42116223915852,-49.04851953471165],[-75.36107327133867,-49.03531600479951],[-75.35254721634833,-49.02607463804228],[-75.42021338016494,-49.03084740483664],[-75.33950564573337,-48.954935971336795],[-75.28054010112636,-48.93386569299113],[-75.26911285248433,-48.99713071088786],[-75.33918034600606,-49.020023495746436],[-75.27225032461533,-49.00838739558167],[-75.23678541661165,-49.073203867174755],[-75.27854530759635,-49.116760956258226],[-75.32126990744952,-49.127718925676504],[-75.30430118628003,-49.089134780405516],[-75.37368348083565,-49.176501643725366],[-75.39005151654094,-49.16209590987223],[-75.36347062330371,-49.10049181965399],[-75.32945257333768,-49.09769023533979],[-75.34749601106529,-49.09422675030787],[-75.34260653666936,-49.07094760091331],[-75.3924827242124,-49.15746284139301],[-75.39317096307745,-49.14338699691266],[-75.41373114695621,-49.16431618373581],[-75.45253478025724,-49.1405870819037],[-75.41734516905721,-49.17107554264116],[-75.44517151624876,-49.20690044778574],[-75.4252094208047,-49.21817928746744],[-75.4663603079257,-49.244958791007015],[-75.56702972457629,-49.21312844740481],[-75.59361527557827,-49.22632067666283],[-75.59486876855605,-49.207814989095404],[-75.63156022546889,-49.19117642563738],[-75.60399338449491,-49.16164604354775],[-75.58418995937781,-49.19864646674652],[-75.56211942902871,-49.199636687164634],[-75.59505449164779,-49.16577033435486],[-75.58518872158207,-49.15001578698815]],[[-75.55988716585333,-49.15192013177025],[-75.56940518280122,-49.154080507433115],[-75.56056783820873,-49.157269907094],[-75.55988716585333,-49.15192013177025]],[[-75.57256033108206,-49.156083360611696],[-75.57608151858666,-49.15320372335664],[-75.58079514417244,-49.15830347282686],[-75.57256033108206,-49.156083360611696]],[[-75.57311558694568,-49.164483868849146],[-75.57936455192964,-49.16410791846914],[-75.58057931404396,-49.16559432211624],[-75.57311558694568,-49.164483868849146]]],[[[-75.01820264798233,-48.90358252435361],[-74.98104429978542,-48.92551793662806],[-75.04023668247638,-48.909800771051515],[-75.01820264798233,-48.90358252435361]]],[[[-75.22762997228884,-48.76900667947084],[-75.05733959667796,-48.82974198166725],[-75.01420234761422,-48.871941843246056],[-75.01667607434469,-48.895181086834974],[-75.05835866979076,-48.88335911438968],[-75.03842448590092,-48.89841076490806],[-75.05552689435096,-48.904395731181616],[-75.12505846016072,-48.880540842757995],[-75.08639497212883,-48.90006407754074],[-75.11588496778553,-48.908050250170895],[-74.99395614019859,-48.932794588448374],[-75.07714124133417,-48.937563586859184],[-75.12018805520165,-48.95645963639323],[-75.1055792343347,-48.96610469968516],[-75.13864624689259,-48.99526489825849],[-75.17595553182018,-48.97565463517455],[-75.1703361043907,-48.945755873875754],[-75.19909418599156,-48.90514585795779],[-75.17676199167154,-48.95500330619638],[-75.17861333682711,-48.98040930696264],[-75.20293776268197,-48.98524471194934],[-75.15552008351018,-48.98198182014754],[-75.14328045871233,-49.00115750753769],[-75.23054862110484,-49.06576034395906],[-75.2500931185194,-49.04821922810363],[-75.25066702430665,-48.986778914558606],[-75.27473992727184,-48.939878320766304],[-75.25528552459204,-48.903230742899865],[-75.32617858962284,-48.943493506291595],[-75.32018315346656,-48.91070098494228],[-75.44845025654301,-49.03737568484424],[-75.54545462678446,-48.972722296813984],[-75.44506114923296,-48.938773992603025],[-75.45457178202919,-48.95993718688782],[-75.41856422961015,-48.92806424278417],[-75.45030158642722,-48.93525888080841],[-75.43335831363142,-48.90954329360812],[-75.468711226872,-48.9025005309515],[-75.44375550725628,-48.91764321957331],[-75.50314652452458,-48.95995131901526],[-75.6107881281163,-48.9234691659859],[-75.6311655443606,-48.934253357922756],[-75.61260029864061,-48.91116684914696],[-75.63237945666866,-48.849472971163976],[-75.59953029904189,-48.85187891774869],[-75.54674462909203,-48.80168032842964],[-75.52786044551358,-48.84162415782968],[-75.5398900837239,-48.80267499785888],[-75.50586557487095,-48.820486750148206],[-75.51728790164356,-48.78984488476766],[-75.49537311311357,-48.781033346798985],[-75.4671908031008,-48.806501042241806],[-75.3901767093522,-48.80351075144817],[-75.51303523576604,-48.88365694496665],[-75.47128047236498,-48.867329122247526],[-75.47335140979342,-48.88031625830247],[-75.34285093771547,-48.794663796742164],[-75.33632618185445,-48.81020177230481],[-75.39410904049097,-48.87128432275132],[-75.3443297685907,-48.82655872757131],[-75.32698826274797,-48.85082723891805],[-75.3603844252125,-48.88518616360833],[-75.32017737640096,-48.86672295916937],[-75.28542903024491,-48.90844521427433],[-75.3187008353314,-48.86630688184936],[-75.32383370376198,-48.82245116268549],[-75.33781830420261,-48.82582463829612],[-75.32276620876038,-48.80425825270502],[-75.22248832552131,-48.844464080581425],[-75.20140988648717,-48.90067343882787],[-75.21305562427091,-48.851036916183226],[-75.18077741427918,-48.85950457178646],[-75.233047696496,-48.82692810891019],[-75.24521339174264,-48.80314013487947],[-75.2290553722693,-48.80212819331359],[-75.25990840955436,-48.77566107949888],[-75.22762997228884,-48.76900667947084]],[[-75.164547218766,-48.82935475595393],[-75.179916494962,-48.843143226314524],[-75.15912111417556,-48.84316940885696],[-75.14267190131129,-48.81463987793687],[-75.164547218766,-48.82935475595393]],[[-75.24573754972778,-48.897520466556394],[-75.25007907246162,-48.898464302871254],[-75.25250416889422,-48.90155669113296],[-75.24573754972778,-48.897520466556394]],[[-75.2389472015631,-48.89147831074175],[-75.2446806054392,-48.894369574507536],[-75.24168826512552,-48.89403504344288],[-75.2389472015631,-48.89147831074175]],[[-75.2834107448719,-48.830485103806495],[-75.27789250726929,-48.82565999766378],[-75.28529594842882,-48.82909152002647],[-75.2834107448719,-48.830485103806495]],[[-75.32150507650944,-48.81785775308903],[-75.31661249394261,-48.816305216916206],[-75.31696164304242,-48.81419321263622],[-75.32150507650944,-48.81785775308903]],[[-75.38600086919439,-48.90091306392498],[-75.42828143359924,-48.9227440486125],[-75.43339289158335,-48.92098815338115],[-75.43695652807837,-48.92678770187911],[-75.38600086919439,-48.90091306392498]],[[-75.49191428216442,-48.838329881956014],[-75.49256487982242,-48.84086128360464],[-75.49029727243219,-48.839411006573165],[-75.49191428216442,-48.838329881956014]],[[-75.48367532784056,-48.83643650221559],[-75.4804566489062,-48.83584393418372],[-75.47944650684394,-48.83493914739583],[-75.48367532784056,-48.83643650221559]],[[-75.46719426880115,-48.83026607338529],[-75.46116859086084,-48.825333913723455],[-75.46623926083947,-48.82791772448911],[-75.46719426880115,-48.83026607338529]],[[-75.45562516359935,-48.82256714805198],[-75.41481598483264,-48.804932001658145],[-75.42535055152572,-48.80497224585359],[-75.45562516359935,-48.82256714805198]],[[-75.5576958128543,-48.821701321356834],[-75.56123137789503,-48.81875657973541],[-75.56357646228358,-48.82056599334034],[-75.5576958128543,-48.821701321356834]],[[-75.55848097005703,-48.819376915308254],[-75.55904670836172,-48.81676786323666],[-75.5595531848071,-48.81855053216646],[-75.55848097005703,-48.819376915308254]],[[-75.22235005323952,-48.91105202894685],[-75.21643055886074,-48.91052973035409],[-75.21572768913467,-48.90812830504143],[-75.22235005323952,-48.91105202894685]],[[-75.08005629958397,-48.91892861802303],[-75.08884164070467,-48.92067606724472],[-75.0839985885477,-48.92196828555054],[-75.08005629958397,-48.91892861802303]],[[-75.09069024420198,-48.921190074353824],[-75.10619619996677,-48.92822908379697],[-75.09335250125946,-48.92778103814018],[-75.09069024420198,-48.921190074353824]]],[[[-75.29914415676157,-48.75810311102023],[-75.27651777766074,-48.76782326359002],[-75.24789247694034,-48.83033613692086],[-75.3345802566924,-48.77997560489584],[-75.29914415676157,-48.75810311102023]]],[[[-71.6940111226438,-52.0001285261114],[-69.9954944437351,-52.00070833299102],[-69.48612966227647,-52.15163210571476],[-69.19011944371383,-52.1500444439041],[-68.98685833248561,-52.20358333275981],[-68.8379777790273,-52.27773888819988],[-68.58599999957364,-52.306702778025645],[-68.57220844439261,-52.32597474877404],[-68.41859722161263,-52.33247777832166],[-68.4177166211059,-52.386942859735385],[-68.43388579496013,-52.39794790460064],[-68.44679338813866,-52.3635396936656],[-68.4903150263125,-52.33742966183588],[-68.55931715922976,-52.34325457243433],[-68.66802210221654,-52.31487502084737],[-68.78779417182436,-52.318649561801266],[-68.96425612076087,-52.2927651861911],[-69.08027521057133,-52.21851154505328],[-69.21068428715397,-52.19583445188495],[-69.34161660723679,-52.247073917094234],[-69.45299290182497,-52.262649026787706],[-69.47994067690571,-52.296225041936104],[-69.48394169053618,-52.387842505033625],[-69.55682868401935,-52.404974444753236],[-69.5740103490303,-52.43618760928263],[-69.54350781909774,-52.45565476568454],[-69.67062719234639,-52.53836079506947],[-69.77525778683618,-52.52879811179944],[-69.85376308485473,-52.48724259630441],[-70.02274884167007,-52.55923973639992],[-70.16415309610773,-52.58844573509975],[-70.21210849243549,-52.65256150746817],[-70.3195154264306,-52.64098240400454],[-70.33732706917051,-52.65597388830113],[-70.32471070621385,-52.65899918449068],[-70.36224081859784,-52.65804862088752],[-70.52631900804913,-52.72573823038976],[-70.56518482812403,-52.71137070339685],[-70.501014619034,-52.67833481659914],[-70.508994146192,-52.65861774458459],[-70.57403644425142,-52.67044847992798],[-70.58956062234175,-52.68890549182633],[-70.55213890517153,-52.699383345729466],[-70.59294052192017,-52.715978216299604],[-70.62528696165268,-52.70279567947342],[-70.6996523170905,-52.73394267909657],[-70.71194469545344,-52.758882359270906],[-70.70339287139086,-52.74214797093454],[-70.72327766321148,-52.74815228367303],[-70.74679276448751,-52.710557037533725],[-70.76995640889177,-52.74249760663151],[-70.81993457228755,-52.76038689740801],[-70.83761387611813,-52.752750147317435],[-70.82884454207749,-52.73451831620135],[-70.84923419157934,-52.73535387044698],[-70.84290266064099,-52.719493563142535],[-70.89916923314652,-52.72987056506889],[-70.86785790055633,-52.7366241627775],[-70.86684255275698,-52.7605812600663],[-70.78841103337273,-52.76015075902209],[-70.83357857109831,-52.77526815038005],[-70.80174305087857,-52.78711652879689],[-70.73536858988037,-52.7833410648758],[-70.75924938902035,-52.81223833947485],[-70.82078869135799,-52.81202088413766],[-70.83571580599137,-52.832540340174695],[-70.7971087600071,-52.81803840176666],[-70.81564905142682,-52.8335949208453],[-70.8029866713714,-52.85076097504122],[-70.83785583644158,-52.86108302837959],[-70.84643743965583,-52.910321080996674],[-70.89323079240008,-52.91759147892314],[-70.78142172544061,-52.93673222768294],[-70.82589734210681,-52.96251216286789],[-70.81539599331633,-53.006676218463404],[-70.87883410419589,-53.10188766666882],[-70.85376800498797,-53.13055352286627],[-70.93540230941427,-53.19965792649493],[-70.9488424050286,-53.25290599339881],[-70.93594437261964,-53.31767984781224],[-70.98836992773505,-53.390000053476065],[-70.92442906392694,-53.5863768427941],[-70.93800886373761,-53.61156743358057],[-70.91184277027777,-53.63308404200892],[-70.9528038065483,-53.62350643009231],[-70.94055188740745,-53.65100802715744],[-70.97421596791388,-53.68108663895525],[-70.97178468478394,-53.78585447828423],[-71.0775800582273,-53.81830576543048],[-71.07491833836235,-53.833853996127864],[-71.11703529709608,-53.833489246964426],[-71.11982500532945,-53.84969841073662],[-71.2936508525563,-53.89608729133728],[-71.41006789603762,-53.850764811994814],[-71.6662607082466,-53.80744587053446],[-71.85244822538579,-53.74815658649763],[-71.92526449630329,-53.700564715546335],[-71.87574382601709,-53.68060536353899],[-71.93708058610595,-53.70348480297279],[-71.93580654057278,-53.71949947686486],[-72.0001259131191,-53.68325201313574],[-72.01459911263268,-53.684611776445315],[-71.99200418354994,-53.69590120445812],[-72.03044380077931,-53.70689498945181],[-72.1100484874392,-53.68368527486448],[-72.17969881681773,-53.64773398657883],[-72.195530163938,-53.62036633477216],[-72.3006295918695,-53.574895116481564],[-72.30921122113489,-53.55431977352139],[-72.2636294298076,-53.532611175719154],[-72.31333162266324,-53.56116886470416],[-72.34947814535505,-53.5454418431524],[-72.372259089482,-53.496224125234896],[-72.38957782393057,-53.506547870278276],[-72.41317676946365,-53.49124109033058],[-72.47798314028505,-53.39939581445578],[-72.46282977147264,-53.371763963061674],[-72.4536248713002,-53.388696513096036],[-72.42024901435435,-53.37073184178167],[-72.44500924439457,-53.35049610420883],[-72.44359524852665,-53.32496290009257],[-72.30837737614209,-53.25356456482708],[-72.17080868272758,-53.25745378179821],[-72.17665096511107,-53.27355663827191],[-72.11877940682335,-53.25354216488644],[-72.09560917956468,-53.329614102579114],[-72.11325867819245,-53.38719066920359],[-72.15487094004337,-53.38502600260773],[-72.15079955149523,-53.4078401456338],[-72.20227231928429,-53.43161199504177],[-72.28513903861855,-53.43026603848228],[-72.219361224259,-53.451757740314264],[-72.09794285804406,-53.41574995361779],[-72.07626889796028,-53.38571890484527],[-72.01818094450378,-53.37868988406024],[-72.04471512085466,-53.28510883769268],[-72.02105990664883,-53.23365106609467],[-71.86958919491774,-53.22586382903286],[-71.82527617870784,-53.27384898205118],[-71.82795272885983,-53.36302791836528],[-71.76480501007394,-53.437717488220066],[-71.78426195857924,-53.43229495069965],[-71.8079006123428,-53.46771571786909],[-71.90792770481917,-53.49811439658109],[-71.91568319484027,-53.51549321119647],[-72.12057933151374,-53.55748218714123],[-72.03372395667236,-53.53906082106496],[-72.00414669866896,-53.55067091373719],[-72.00723262906222,-53.56580851405215],[-71.97167778173228,-53.56560288758417],[-71.8171753969528,-53.52133450262779],[-71.74798301612972,-53.44682821368392],[-71.77018811410838,-53.41120367876361],[-71.75537283164304,-53.40285445742188],[-71.76799562833376,-53.379212842769064],[-71.74973740072677,-53.3712928864823],[-71.78396873948735,-53.30562153594449],[-71.7473154798387,-53.315381763934255],[-71.7688552298224,-53.286938710159625],[-71.7317049404119,-53.24097760318596],[-71.74087104863546,-53.2091060471837],[-71.61466889481774,-53.20410870701665],[-71.5895764102933,-53.16477193569843],[-71.54418210006075,-53.16991085647283],[-71.50417710301785,-53.14161809303343],[-71.41676798058423,-53.142872070926884],[-71.3572694807905,-53.12293092097174],[-71.26108164231138,-53.03246239461378],[-71.24470745045144,-52.9883228802281],[-71.11474678321426,-52.90807708249529],[-71.1312728020353,-52.85078348605467],[-71.17001424676585,-52.80998733878353],[-71.21506845034025,-52.814004942082065],[-71.25890826909277,-52.79202610189117],[-71.37016894511403,-52.80325846534229],[-71.39815019060663,-52.75266054590678],[-71.38368233427238,-52.7199493044916],[-71.50003537638298,-52.6325918401219],[-71.55901649777701,-52.562857560586565],[-71.63765275668926,-52.57727951073177],[-71.92221263900876,-52.543170378095994],[-71.96858034392025,-52.55900189010393],[-72.02825296955537,-52.54607244265949],[-72.03028019855536,-52.56806210052243],[-72.10687307675883,-52.52927148385786],[-72.10578714563268,-52.55763154042027],[-72.120833528688,-52.51745327161411],[-72.13885724300525,-52.54499220747496],[-72.15782019356276,-52.520917693894624],[-72.23922512036779,-52.55142201882302],[-72.27882029699491,-52.52847447519993],[-72.32273079609229,-52.532617162700696],[-72.35388826344402,-52.549381927636446],[-72.35208251048404,-52.58069087714999],[-72.44460966746799,-52.63106798286239],[-72.3991750246758,-52.627364516805905],[-72.43131215604879,-52.67555323967299],[-72.56302155568329,-52.60309357942491],[-72.48950354512039,-52.55562670193846],[-72.38099852399672,-52.556827447358216],[-72.37720948762048,-52.53403848977487],[-72.40254441755864,-52.508044598158804],[-72.49240969837075,-52.55340927023278],[-72.52321954196204,-52.54556428789461],[-72.572465224465,-52.58948162345965],[-72.65826753214658,-52.558401586482226],[-72.6073133177536,-52.52345521521407],[-72.76300181916962,-52.577580935435556],[-72.83554362422508,-52.54011268944083],[-72.86532563073962,-52.542958414811004],[-72.83822784688789,-52.55516970044177],[-72.87219814690502,-52.55436007038825],[-72.84304286172654,-52.574420390012165],[-72.88635360960764,-52.58719524663281],[-72.82622504135512,-52.595651937942215],[-72.86712249576814,-52.60890234786155],[-72.92549643418354,-52.59031449161369],[-72.86992871503644,-52.61295432749129],[-72.89495638521483,-52.63004961712903],[-72.90142608872198,-52.67076782818122],[-72.95466255753593,-52.70197295313328],[-72.95775176677996,-52.72956508031037],[-72.99383692735132,-52.75682417327782],[-72.93818630358497,-52.72024499288186],[-72.85561787523068,-52.61820673039786],[-72.78545568849822,-52.623294523238016],[-72.81081382820838,-52.647842139176326],[-72.75653357272985,-52.62315456758173],[-72.74260670252094,-52.632453850239685],[-72.77384741225845,-52.65019832984539],[-72.73963464077647,-52.63701261273251],[-72.6721277293951,-52.679885245057825],[-72.87080536744749,-52.8171585039446],[-72.93912876837035,-52.78934908306454],[-72.92022706045735,-52.813760354124824],[-73.01833522123111,-52.861520615920746],[-73.06822297009184,-52.85516325640215],[-72.94249518962624,-52.907085637566865],[-72.97520609293751,-52.94372569758599],[-72.95860209226498,-52.965881598962454],[-72.97151559096817,-52.97838220254679],[-72.95013295453103,-52.97749911928221],[-72.93991294012122,-53.0031038263751],[-72.96417179255357,-53.006292803200466],[-72.95047490004056,-53.03413884576426],[-72.98651478372499,-53.073719921588236],[-73.00734413789718,-53.07771029501906],[-73.04256404657679,-53.04149457227433],[-73.02572014541772,-53.0732352086128],[-73.13677913169137,-53.114939034255414],[-73.1285410469367,-53.10039332405994],[-73.182455270378,-53.06167701820826],[-73.15957243843324,-53.030943452935254],[-73.1493780421787,-53.04336309818721],[-73.13351908354154,-53.028965862071125],[-73.20356991960296,-53.01822912762607],[-73.17759553381126,-53.03464049653325],[-73.21413849381774,-53.03832258702633],[-73.1838414696761,-53.045638371832524],[-73.20050705525125,-53.07691952221494],[-73.16728366846029,-53.091805048194026],[-73.18748965470736,-53.11063102244467],[-73.22732867003518,-53.108707539406154],[-73.24504830642539,-53.08695571105402],[-73.24804339468554,-53.09929332381051],[-73.31162563845581,-53.08935527863663],[-73.33816824549564,-53.07192862000302],[-73.32728029773948,-53.06274659198288],[-73.37772725415277,-53.06893108343187],[-73.34200042705665,-53.04602168053953],[-73.38146210864265,-53.06012344269272],[-73.44815123601018,-53.02115899384353],[-73.37193627545348,-52.99999437274509],[-73.28597197727169,-53.01164767285662],[-73.38650249820967,-52.97987084001609],[-73.33651473002688,-52.97613707363563],[-73.31995268966125,-52.95304958986808],[-73.2831992480955,-52.97038661666044],[-73.29356072380637,-52.95326683319572],[-73.23530061631051,-52.98131791408706],[-73.27474592520214,-52.95350375352882],[-73.22927641520052,-52.95005916494221],[-73.22221067950234,-52.91967127924761],[-73.14440515202213,-52.922132747829195],[-73.16963327317134,-52.90339579367904],[-73.22163510734023,-52.90946319226962],[-73.26753168271615,-52.94002627460645],[-73.30803983064123,-52.91951881805971],[-73.27660521865135,-52.89453658018214],[-73.33336888919071,-52.91944844496866],[-73.3600713478421,-52.87343936454929],[-73.44288072771178,-52.86617406015858],[-73.43932436936717,-52.878878208642064],[-73.5722648076906,-52.81601207264191],[-73.49372308658053,-52.793288027574384],[-73.42140621158737,-52.81936343922208],[-73.47345114422866,-52.84418721470577],[-73.41256689249789,-52.82537172393948],[-73.3895772948833,-52.79425017921237],[-73.35770317315747,-52.811770202626434],[-73.38810090383238,-52.8467146455839],[-73.35747867159155,-52.81596513549861],[-73.3155927820068,-52.830904566727504],[-73.2976505269195,-52.80122224699642],[-73.22949463844091,-52.807309823959955],[-73.25728178135682,-52.79232808347193],[-73.23267890920494,-52.7959821295447],[-73.24355719647855,-52.76187138248051],[-73.29968517869868,-52.785311048457395],[-73.28996817772885,-52.7259473051985],[-73.26824316998074,-52.728163879046626],[-73.28153489085959,-52.73598962199876],[-73.26345404099531,-52.76045810713592],[-73.24343230280628,-52.698614829830014],[-73.26641518012423,-52.68918592945559],[-73.30303641752795,-52.7075051895017],[-73.33067872237567,-52.65481012723329],[-73.30951690800504,-52.63165332477999],[-73.33649481078378,-52.634234685836724],[-73.37862614615531,-52.56445895660625],[-73.39554645441918,-52.57398312890883],[-73.36257698632474,-52.613423291834586],[-73.40183788546159,-52.59951245296498],[-73.36045319292327,-52.62096252841847],[-73.33635254638885,-52.677207402984514],[-73.38761457839543,-52.70517098182072],[-73.32705864562963,-52.69389555071332],[-73.37646877013526,-52.7300098218452],[-73.41060881401185,-52.73472015210105],[-73.39603993763231,-52.717424926908926],[-73.43097138290116,-52.71767674688599],[-73.35953666339846,-52.660829885270246],[-73.4227907507988,-52.68388310767793],[-73.41163829141229,-52.65897055758325],[-73.43792181893429,-52.64597463283909],[-73.46063463033849,-52.69413381706241],[-73.5238383635739,-52.67057875525321],[-73.525515520006,-52.68817902087751],[-73.50260621650644,-52.68727336475132],[-73.50425437082956,-52.71693388691366],[-73.51106468135649,-52.696395462820256],[-73.55493370433888,-52.71014062623755],[-73.57469086172729,-52.73844915031413],[-73.64378140144491,-52.72976818435262],[-73.57691117461444,-52.75450873316105],[-73.59683835972994,-52.751748890174206],[-73.58194276608157,-52.771006136053934],[-73.59694221665488,-52.7826737810054],[-73.651888303422,-52.72481675366144],[-73.64232852289824,-52.757605601475504],[-73.72166442388975,-52.75570410198237],[-73.63039499454187,-52.67801811942134],[-73.6123127864249,-52.67309780981489],[-73.62502910761818,-52.68437864689126],[-73.60504952736541,-52.68980671838808],[-73.54852441073794,-52.65658616265823],[-73.58248140940064,-52.666203086567755],[-73.57548871571824,-52.6550341193542],[-73.66264257108412,-52.64475053813905],[-73.66899223451648,-52.62624377059678],[-73.64300795018868,-52.62713844230631],[-73.66957806993071,-52.62239681559043],[-73.60751898350505,-52.594898226484915],[-73.62477979099084,-52.58758289870271],[-73.56144161409338,-52.59209834828446],[-73.62075404224905,-52.550647353699944],[-73.52178374044934,-52.587974565809894],[-73.57851146669923,-52.52429151516839],[-73.53785411489365,-52.51309141368674],[-73.55823098675891,-52.50522940999491],[-73.53880179439926,-52.48921926238228],[-73.45313940381477,-52.51385830567169],[-73.46375617444117,-52.4889470205454],[-73.54059892802407,-52.47796891577896],[-73.50347883368522,-52.454733454909714],[-73.49367027821825,-52.42525394289603],[-73.55915876049615,-52.47594740731801],[-73.59969508497844,-52.46319771475484],[-73.58387042940872,-52.43998002865421],[-73.60961074118683,-52.46256494676324],[-73.65018105252959,-52.43020793204261],[-73.63305429614206,-52.407487871909524],[-73.65263051845919,-52.40321942549372],[-73.63309068509759,-52.39012721274879],[-73.56993719463603,-52.40444680861431],[-73.55022292102264,-52.39168298091476],[-73.5787470678488,-52.34136731046626],[-73.5335402566773,-52.3419634980217],[-73.59214723784032,-52.31871906678559],[-73.5993823607668,-52.29875852303389],[-73.578438249512,-52.2785710476906],[-73.59013927860151,-52.25549222655002],[-73.5556086292731,-52.23858911139344],[-73.55046707593036,-52.213237765687175],[-73.59647201777393,-52.2158159302451],[-73.60843388887582,-52.18253325893971],[-73.5912045071536,-52.15704030896386],[-73.62700744670715,-52.17509061863162],[-73.64839155099145,-52.122204831997955],[-73.6793913595192,-52.11712133740904],[-73.73380370417544,-52.04450016347487],[-73.70275988448697,-52.02252281521753],[-73.66410696064283,-52.03591288899564],[-73.67282906306248,-52.06962671095762],[-73.65604651953224,-52.065439873801495],[-73.5866829431722,-52.12776713670798],[-73.58544889243211,-52.16184318736798],[-73.57235229641275,-52.14317690922535],[-73.54185588131233,-52.14399332097607],[-73.5363011334816,-52.19074301865723],[-73.49079508540413,-52.188004853401566],[-73.49924870833479,-52.16395194246757],[-73.47084722646069,-52.16915329345652],[-73.51852345694091,-52.13961238556418],[-73.45171527315382,-52.13280664270309],[-73.36305409953845,-52.221647833677736],[-73.25234022623401,-52.200014929608],[-73.22653380204423,-52.16422327003566],[-73.23663491544303,-52.149829438054496],[-73.21823766186772,-52.14574706672771],[-73.22989652403778,-52.11173561336089],[-73.163318247878,-52.11848701554375],[-73.15751796802226,-52.142925147661074],[-73.12460228565713,-52.101699346801595],[-73.00400285689284,-52.059819858901314],[-73.01350497096524,-52.14933624511048],[-73.1188689222052,-52.12908295527649],[-73.14020298583661,-52.147500756643296],[-73.1179127437387,-52.13867740505356],[-73.05794921486849,-52.16073510945044],[-73.13357698085991,-52.23375738269653],[-73.09990194989017,-52.22384640874521],[-73.08942870489334,-52.2404023092888],[-73.05696341894705,-52.18319842389262],[-72.99684634374024,-52.1808128807576],[-72.93175661463383,-52.225654936802606],[-72.94243361011351,-52.26452659497184],[-72.99711129913835,-52.30438224191444],[-72.96093227090799,-52.27863700797204],[-72.90201504847676,-52.2974705666952],[-72.88736634510613,-52.285646643477946],[-72.90608268566027,-52.29021498927548],[-72.91417725017524,-52.269873823923746],[-72.87812205201185,-52.28100807839752],[-72.88315060986825,-52.25852014339215],[-72.86110552789282,-52.24610781489989],[-72.88420386028437,-52.24290787703779],[-72.847117618957,-52.14962487159164],[-72.80289164231161,-52.10836189239315],[-72.81469575307995,-52.08664471445022],[-72.7942240074426,-52.10077671976654],[-72.73852970848542,-52.08211453534366],[-72.75696379298739,-52.08108689375539],[-72.76370770992997,-52.05742224737233],[-72.8369832454348,-52.08579491464973],[-72.84548022734927,-52.119450208485794],[-72.87571476288312,-52.14036504660181],[-72.87493365259077,-52.18924357477008],[-72.91197383729352,-52.22119779159469],[-72.93043382112346,-52.1907604069573],[-72.9699550205886,-52.178952811489225],[-72.96719768045156,-52.084533791731616],[-72.94565698454186,-52.08393017346107],[-72.95853060253802,-52.051760755663494],[-72.93760439470685,-52.03168163769099],[-72.93459079666029,-52.07601762016026],[-72.91302759346115,-52.08305933208559],[-72.90540249570017,-52.00352194015292],[-72.8872782590043,-52.00200861113472],[-72.89849777133858,-51.97974917709966],[-72.82046221226356,-51.939524049279854],[-72.77052051238348,-51.948319977397816],[-72.72724512219197,-51.996982186478064],[-72.73308018571383,-52.05997972838061],[-72.71260483513724,-52.09203751072501],[-72.68742976848873,-52.09482954173654],[-72.65727256622273,-52.136585561114934],[-72.65084044643044,-52.10597859256193],[-72.62548998731594,-52.11329856075254],[-72.5642392265425,-52.194797834009606],[-72.5221462258774,-52.22066472258665],[-72.56526417733224,-52.22986629227838],[-72.57202313836088,-52.26788399457376],[-72.59877059901473,-52.28675169396492],[-72.57696330648491,-52.303865094705],[-72.5888013690794,-52.333134513408105],[-72.62850062002376,-52.347523871772985],[-72.59184044963565,-52.35582327929358],[-72.61118868672021,-52.35588306743396],[-72.61380286863864,-52.373708829221265],[-72.63685133195547,-52.35994432874649],[-72.62303968146155,-52.382674398474116],[-72.68485424107698,-52.34564412974806],[-72.716537681909,-52.350495869339966],[-72.70412729995203,-52.36505395414156],[-72.72192766973345,-52.357499614863],[-72.75073107313703,-52.40521149209691],[-72.80796848461452,-52.40569226950217],[-72.78060938174498,-52.405157810099304],[-72.78490781409127,-52.42805451487685],[-72.81685610521852,-52.43209857475253],[-72.85308049387916,-52.4059493039886],[-72.82830756974568,-52.43985132299403],[-72.91676875053106,-52.48190445514982],[-72.99466086751981,-52.491387110512036],[-72.9311636960036,-52.50563853789004],[-72.73409640487898,-52.43345739899738],[-72.61694752459695,-52.45908568452896],[-72.67203117936668,-52.43822311872637],[-72.63508037793301,-52.437608645932706],[-72.55720022470719,-52.487202123490825],[-72.51729138692558,-52.45258569131884],[-72.54685742856435,-52.461554065430256],[-72.58240266212411,-52.43699503696546],[-72.6054227162201,-52.44752770040729],[-72.69059800073167,-52.41519990820627],[-72.63543071819888,-52.39907247671134],[-72.6241462837207,-52.41797506173996],[-72.58442515340928,-52.401443002769795],[-72.59057823940636,-52.3756111950097],[-72.5509020464187,-52.38305129360518],[-72.55287889430429,-52.36136952180416],[-72.51638299703555,-52.348259318311385],[-72.51931143658982,-52.26123841154865],[-72.48943256204325,-52.25475338006235],[-72.47375900220602,-52.216730037399145],[-72.6637355584164,-52.053975754873356],[-72.6651836309763,-51.975843254068984],[-72.65680374086584,-51.93855875017315],[-72.6242611998051,-51.910400603576825],[-72.60014319063288,-51.913932284812816],[-72.6064923806531,-51.95658125849695],[-72.57148754841543,-51.97149679966834],[-72.550314243694,-51.96839313072153],[-72.58585391758048,-51.94207941265196],[-72.5751298090574,-51.92249058201559],[-72.53343921141878,-51.94870175939897],[-72.46285299921095,-51.920836755714454],[-72.45954188453217,-51.88133759192253],[-72.51356747571249,-51.837330233532676],[-72.45263462602318,-51.776324208447534],[-72.5124888065671,-51.7342047150865],[-72.51599368156447,-51.70244120569617],[-72.64784596722805,-51.663554327886054],[-72.65616958237753,-51.64313841680462],[-72.63958647292523,-51.62517416193247],[-72.68715396144198,-51.56332696894477],[-72.66830657106094,-51.622750154472996],[-72.65251325950811,-51.625076503074155],[-72.66692670578394,-51.65410782309194],[-72.7060417284001,-51.56883753629947],[-72.82388153440822,-51.559963670907585],[-72.86665961186856,-51.53662208983222],[-72.90658412974345,-51.544598625259695],[-72.94236548547563,-51.504282263776204],[-73.03065783868313,-51.49739906026011],[-73.07497206133046,-51.47343692236833],[-73.09052009148822,-51.44963573559977],[-73.0752690335836,-51.364734792886196],[-73.1092741154702,-51.33336764785214],[-73.07881292241375,-51.36418460442869],[-73.09104199110871,-51.38654049031561],[-73.07780056330938,-51.40669899661467],[-73.1772538748643,-51.466571438500864],[-73.24046550788432,-51.45899904779998],[-73.24296305074962,-51.47515281774347],[-73.27062197353177,-51.47823072211206],[-73.20576013174157,-51.5116868971028],[-73.13044130086791,-51.47743737941849],[-73.12179512136116,-51.494977909000156],[-73.05662065956388,-51.493011717722965],[-73.03329632003,-51.53012179256285],[-73.09522543101382,-51.58912835859047],[-73.12107142689017,-51.58852193861852],[-73.11390168155346,-51.60484807264022],[-73.03491121872132,-51.55993848967062],[-73.02073974624368,-51.51890474921159],[-72.99968451338826,-51.51026729755353],[-72.92955095416728,-51.56344323650446],[-72.83633887759328,-51.595287107440264],[-72.82363536817259,-51.57332805369871],[-72.74869716067134,-51.60306093600176],[-72.68857622899704,-51.69583289939289],[-72.64544420812823,-51.67996161112214],[-72.6085186295911,-51.71241572304977],[-72.58464405308108,-51.70041051086348],[-72.53109392311265,-51.717571331800116],[-72.52625849405918,-51.73593763461972],[-72.55454972749509,-51.74814804883281],[-72.5508909845643,-51.77794855883305],[-72.60737337192694,-51.81530334242952],[-72.64194663823076,-51.82958834226066],[-72.71421634717993,-51.81297994575683],[-72.73289080827553,-51.84167996131497],[-72.74169173965798,-51.80858568421782],[-72.76986726739035,-51.81321610721277],[-72.81804033539296,-51.76003735011295],[-72.88816763515304,-51.749374297849265],[-72.89077645592585,-51.77071626630045],[-72.90679659657948,-51.76928955895778],[-72.91922972118451,-51.740768098283205],[-72.96845218313571,-51.77294122145743],[-72.99265997083576,-51.725686345690775],[-73.04684006236349,-51.71473662118836],[-73.08900684166288,-51.67576730642493],[-73.13123414136126,-51.70233341710829],[-73.15098805493318,-51.689298231654],[-73.13599899696939,-51.68515934629427],[-73.14727668240484,-51.66956313166407],[-73.19404921579405,-51.6819242584211],[-73.18573194993701,-51.63810495839048],[-73.2039251080764,-51.597651329572265],[-73.23213909448273,-51.62459031646484],[-73.29183235711488,-51.571465765771],[-73.29094767646014,-51.610569230391825],[-73.22113708314336,-51.64840645498207],[-73.22392404522691,-51.67328944478962],[-73.28432203080955,-51.691769330271235],[-73.22485381322406,-51.68102593538094],[-73.13970871300435,-51.71987301056095],[-73.090969544676,-51.696266335789204],[-73.04147137449274,-51.72446645336785],[-72.99988809768277,-51.78447955671603],[-73.02916670807504,-51.80406439707229],[-73.04031212107648,-51.76723296408538],[-73.07437656812861,-51.7507454330089],[-73.16560655694396,-51.77011781944135],[-73.1447737954619,-51.787054390365654],[-73.07163734790916,-51.75552329616427],[-73.03534071044517,-51.821903324167096],[-73.07171047975645,-51.836114101583775],[-73.0752544575198,-51.86289684291054],[-73.10467151985691,-51.850310353474946],[-73.11168033290878,-51.870848801798786],[-73.21956366056702,-51.87698409456944],[-73.20886403652534,-51.89310514524442],[-73.09770868078463,-51.88638369354715],[-72.98330834343807,-51.799351876559285],[-72.91169331768482,-51.85264109815605],[-72.93658755660248,-51.89222210306108],[-72.97079687945207,-51.8854355057794],[-73.12405781945837,-51.93763736772952],[-73.16048903982329,-52.012707469132614],[-73.15009663062561,-52.073171911585234],[-73.13053496371101,-52.08027636975002],[-73.14961954436136,-52.07860762647947],[-73.16184761862132,-52.10453742053278],[-73.22759093138576,-52.0999990871313],[-73.26038401796913,-52.02492618140121],[-73.25242194058552,-51.97484370065442],[-73.27197371615051,-51.93549563666982],[-73.25700560600083,-51.93178641199901],[-73.27140521552633,-51.90534821069655],[-73.28820759026475,-51.91735585808592],[-73.29336329207322,-51.90496341993309],[-73.29386391868948,-51.875479597690415],[-73.25898188704947,-51.88230810979287],[-73.29042828763085,-51.870244531178116],[-73.3345232126527,-51.69837535307982],[-73.39938139919803,-51.63835831347447],[-73.34098162972663,-51.72894669674516],[-73.3373922034981,-51.75788893066708],[-73.35341703964573,-51.76316056123163],[-73.33291345951133,-51.762936503160645],[-73.34390965964913,-51.781529831009024],[-73.30614464320824,-51.84700484132367],[-73.34613673774868,-51.835830884674856],[-73.30887027820565,-51.86625999923072],[-73.31780200429345,-51.88436470140053],[-73.2610603514617,-52.09745807569939],[-73.27442246881778,-52.1615803040542],[-73.37997070045513,-52.13315431398348],[-73.47074820067533,-52.04674626925464],[-73.47288518044685,-52.074671295486795],[-73.522478616966,-52.064690804366634],[-73.51072195610928,-52.02777305616315],[-73.56573994223511,-52.0178126030412],[-73.58942972451139,-51.95957895547583],[-73.56743809409201,-51.96799266907414],[-73.60147620703161,-51.93864696702562],[-73.59268085149215,-51.92426942871731],[-73.5461047293499,-51.93540826046637],[-73.60110040042576,-51.91658953203659],[-73.64205867527511,-51.866390219186066],[-73.64488574084788,-51.82135392074518],[-73.5953348727951,-51.80051221042086],[-73.49131967997047,-51.94132795574654],[-73.52871518969063,-51.94194401595106],[-73.4793208988902,-51.952379061513284],[-73.41812851333884,-51.99740527314358],[-73.42900658232183,-51.96428120196727],[-73.40930068370184,-51.962250776612734],[-73.44729326496378,-51.94804657291557],[-73.48006545403868,-51.89907907721415],[-73.41474507619485,-51.90558118929069],[-73.48143618344926,-51.8913014042114],[-73.54206341190589,-51.809131363214604],[-73.49364116022663,-51.79964114480607],[-73.54484213015007,-51.80209766769383],[-73.59533191194791,-51.74547754950853],[-73.50370277649903,-51.72441785081519],[-73.49918599784313,-51.69703124456843],[-73.44391161007731,-51.675591791395235],[-73.54790635904268,-51.714357244285274],[-73.55385461118867,-51.679829305887836],[-73.55856467944594,-51.71504986810739],[-73.60316661541077,-51.71817836286185],[-73.62971255250535,-51.694329338467654],[-73.62114142903722,-51.64192042691688],[-73.64144378295471,-51.65812291843459],[-73.66851908556812,-51.74898829301926],[-73.69967441492946,-51.74958772685387],[-73.68222093678152,-51.78598605457365],[-73.7063822124111,-51.79399186831248],[-73.7305850090714,-51.74008265649082],[-73.74063187500683,-51.75245017626012],[-73.75612576460074,-51.73648566412503],[-73.76046996700907,-51.71388163667774],[-73.73896574180162,-51.70765742861365],[-73.81414968794041,-51.70574346078196],[-73.779008919939,-51.67627377473869],[-73.80454483354895,-51.68661323204992],[-73.81157778612913,-51.675288729512495],[-73.78946166268611,-51.66373819523157],[-73.81688472290895,-51.677221750567945],[-73.82637159616425,-51.665516507812676],[-73.81007386530803,-51.65064334202123],[-73.73736391359769,-51.66320728572454],[-73.75185575495001,-51.649953050291465],[-73.73769401302356,-51.64716192968277],[-73.8788679780499,-51.6325181406952],[-73.88712533346403,-51.620034922051026],[-73.86610175184934,-51.61619471958095],[-73.89330951015307,-51.60462906847919],[-73.89667081191016,-51.62357470613294],[-73.92050915038159,-51.62410557408283],[-73.90996986932993,-51.570410862717516],[-73.88588009690203,-51.58925817491161],[-73.81437746386554,-51.59155632997353],[-73.86558028072521,-51.57736229723159],[-73.85780103565475,-51.548561899550975],[-73.77081959753463,-51.54054864497186],[-73.8195267004989,-51.539874598525124],[-73.80810670575279,-51.52941880740052],[-73.90679527521813,-51.54842791921159],[-73.89313471866004,-51.538208556210854],[-73.93124014359302,-51.513262098257655],[-73.88641215018019,-51.512162181007845],[-73.92147341727893,-51.505182511640044],[-73.91686087551881,-51.48015029346357],[-73.9359354085127,-51.51104187778697],[-73.94694320051093,-51.49303245880523],[-73.97346039151641,-51.50712069125076],[-73.96424973044806,-51.478586983983824],[-73.88606036003347,-51.4697211275507],[-73.93862804030489,-51.43958981943564],[-73.90304409654291,-51.41213948041858],[-73.95928361538537,-51.41515043936121],[-73.91374713418269,-51.406814598425],[-73.8930675381515,-51.36836343806169],[-73.85813426031949,-51.40359748259098],[-73.80748625645404,-51.39405202082807],[-73.75085163609175,-51.47661586659144],[-73.73801333176772,-51.44215160264639],[-73.68573027820247,-51.5260392425821],[-73.654541062592,-51.54398900652735],[-73.66261070424771,-51.57369384071291],[-73.6340864172844,-51.59704518073799],[-73.65381839489538,-51.60458674447305],[-73.62099160891243,-51.61456238580566],[-73.62150536260995,-51.632852479719055],[-73.58474073701892,-51.617915671225425],[-73.6208510117907,-51.59446873959927],[-73.63482194975418,-51.53852778648911],[-73.68020071823402,-51.47790852789544],[-73.65288809868882,-51.52222874318232],[-73.59684209043331,-51.52238940563716],[-73.57961151934165,-51.5416357975338],[-73.575182939077,-51.51259876855933],[-73.63674648514753,-51.50884765153169],[-73.64015075871453,-51.4885875031404],[-73.62308265872178,-51.48492274920285],[-73.63536398421346,-51.45949288879075],[-73.5587566179811,-51.45029139401848],[-73.6368784916802,-51.45354644930753],[-73.67654679745966,-51.43302226606306],[-73.678180193361,-51.40007915172459],[-73.70769941840041,-51.37455615633862],[-73.70533684022001,-51.34424199705625],[-73.68505661719786,-51.37267145994573],[-73.68735445738899,-51.35313103107952],[-73.71469834908584,-51.31703455904455],[-73.67209471547052,-51.296121197165455],[-73.70989775939402,-51.290548013772074],[-73.77437890774324,-51.22821760263032],[-73.72074011675122,-51.18792512133056],[-73.69131766362408,-51.22748753875779],[-73.68707463936451,-51.28185969581708],[-73.66260406030788,-51.28025301148253],[-73.69046088464208,-51.21154604264763],[-73.65329950732601,-51.20338042197935],[-73.70893995318022,-51.17672206888101],[-73.67385166206277,-51.142540283925236],[-73.70459954705227,-51.153402205838866],[-73.70970417334861,-51.13454244988237],[-73.71821439193882,-51.164544434977536],[-73.8272897031307,-51.06329676186593],[-73.75482859463553,-51.150483707339994],[-73.76495664671307,-51.18698900030842],[-73.89993004438969,-51.25755169344953],[-73.95487738969653,-51.1486266829155],[-73.98020147966417,-51.16111989305944],[-73.99592403631195,-51.14859854940659],[-74.00188858210056,-51.10404084698808],[-74.01791571524038,-51.1448644446569],[-74.00071581802241,-51.16008409793904],[-74.00157299226315,-51.20558347928679],[-74.07565604403811,-51.20765141088009],[-74.07256630388974,-51.189838371878274],[-74.12500047474701,-51.18254470199362],[-74.10971347884114,-51.13075612363454],[-74.1297833891873,-51.10567140765283],[-74.07529373461941,-51.06356789499574],[-74.11160173577176,-51.099919558231576],[-74.13838696070182,-51.06875945443497],[-74.12799228505467,-51.05521556168251],[-74.14524916869932,-51.06524084318657],[-74.07749261729714,-50.99746808606758],[-74.03462813807614,-51.00084675238499],[-74.07684534699895,-50.98217528681014],[-74.03984981754897,-50.9469128959926],[-74.05885662026537,-50.95691808465954],[-74.06527333125563,-50.93509132006848],[-74.06643536226275,-50.95979835866482],[-74.08864416938522,-50.97234639008622],[-74.0965699934589,-50.95618072834572],[-74.09738660786626,-50.99180585932254],[-74.1218608026419,-51.00146206451623],[-74.0986454359385,-50.97742057145421],[-74.12359192446635,-50.9896260239702],[-74.15633751532401,-51.04315613071663],[-74.16489164087037,-51.03183814652013],[-74.19134671966216,-51.05744155470553],[-74.21514459262333,-51.04220979508481],[-74.22225857503878,-50.998878558384874],[-74.20894735712501,-50.9987891636282],[-74.24410097103495,-50.94657248075849],[-74.169204605263,-50.877835631992816],[-74.09624573308237,-50.869754521668554],[-73.95613141357866,-50.886598934093264],[-73.92291183833942,-50.905818190967146],[-73.94329071614271,-50.87843258733162],[-73.90598898425003,-50.868368824666504],[-73.86410765092039,-50.87585799903063],[-73.84555422882617,-50.92745407578415],[-73.87127087628475,-50.93869107258704],[-73.76595672315257,-50.963339708018864],[-73.69892389406914,-50.9574694642968],[-73.67123323560463,-50.93186072258282],[-73.76233399098658,-50.934575377053996],[-73.79805715115971,-50.91532722781983],[-73.79330133170502,-50.89380988652461],[-73.83006712959751,-50.86446416262724],[-73.8776146305992,-50.844805980834906],[-73.8356355120576,-50.799130783568586],[-73.80371954231428,-50.79796836749876],[-73.75834509832423,-50.83340332035248],[-73.71783625600143,-50.82701339418172],[-73.78645153303485,-50.80307767173131],[-73.77176677847525,-50.74358022936873],[-73.79888187555744,-50.68325265434888],[-73.75934268373547,-50.655138211610485],[-73.69531229202951,-50.65693505333738],[-73.64054013527107,-50.63308932459888],[-73.60216780469749,-50.65283644933002],[-73.60855618551861,-50.67561017660651],[-73.59307775682908,-50.65350108805362],[-73.55686558076474,-50.661974955705645],[-73.54320103478845,-50.70171994795692],[-73.52549833343797,-50.69237156602503],[-73.53395173178981,-50.66527110774202],[-73.50051852370129,-50.68130648494835],[-73.46545594326561,-50.67199314805495],[-73.56436280603994,-50.64199625125953],[-73.56785311126171,-50.6065873033913],[-73.5787343548909,-50.625029298920104],[-73.65287091122251,-50.616646117514826],[-73.74684051282108,-50.54271500180313],[-73.70468238789114,-50.49221101445281],[-73.62680028711777,-50.50207751665418],[-73.57534085931067,-50.472628999830306],[-73.58949785274255,-50.44836543295514],[-73.54605846521446,-50.38148846772675],[-73.5589320409898,-50.37704009970327],[-73.6290762865694,-50.45826989074236],[-73.63272618828118,-50.491804934346966],[-73.71048666255494,-50.488783733987376],[-73.76835677455503,-50.52393814606761],[-73.76908855296527,-50.56180472765957],[-73.7996249296211,-50.60088625064742],[-73.79311841584855,-50.63308547055852],[-73.83040382625084,-50.677439042061565],[-73.82197739173057,-50.774627510217655],[-73.87820394339188,-50.80235511902866],[-73.90297414383342,-50.793239445249895],[-73.93330727665622,-50.846010937279516],[-74.0072561937896,-50.821917450932936],[-74.0300258694496,-50.85063805303402],[-74.12646967747902,-50.766264576349585],[-74.10110389130918,-50.762502757366626],[-74.08104649000335,-50.7292246752359],[-74.04616358070932,-50.72639852507857],[-74.05122500253209,-50.69200555866707],[-74.09385051102286,-50.70206505080337],[-74.12607422651456,-50.688454110075284],[-74.10788941821572,-50.707185407415864],[-74.11152862099246,-50.74461800448875],[-74.13079953648723,-50.75704107044531],[-74.14399844971913,-50.74497985807626],[-74.1174160994145,-50.74264020218407],[-74.15291366028045,-50.73307632588197],[-74.15946729248627,-50.68948486078237],[-74.22863877220766,-50.58738437606728],[-74.21976536834136,-50.56936700706686],[-74.19678720987356,-50.58446505473262],[-74.20234505329877,-50.57118196190517],[-74.16049959149504,-50.54865956818347],[-74.09982584018815,-50.57881946870105],[-74.09119818753581,-50.605081673425246],[-74.08775421651808,-50.5794046454849],[-74.13315748475065,-50.54185076094917],[-74.20112399129935,-50.56576675869779],[-74.23151929831961,-50.557795535365884],[-74.29848444832953,-50.46869573103031],[-74.23414008644865,-50.480824016920835],[-74.17594273975011,-50.46814398890299],[-74.17235727329536,-50.51122069026958],[-74.14646874308862,-50.53574961513435],[-74.13939674972617,-50.517210908519],[-74.10466080032104,-50.529797189553555],[-74.10582513550689,-50.509887758281735],[-74.1477918608908,-50.5155023135907],[-74.16550106784057,-50.48076712876643],[-73.99625806496888,-50.531500333424],[-73.98741433335474,-50.598513108552496],[-73.97077878654434,-50.53250868607327],[-73.86170471951912,-50.55780420257519],[-74.00719074074136,-50.51394378146165],[-74.02146251730699,-50.502051571140846],[-74.00260749933086,-50.465175555810994],[-74.01382983507007,-50.45362063139334],[-74.03323581945435,-50.489701811750265],[-74.02084412155696,-50.49530263448278],[-74.0444401673283,-50.49492010797504],[-74.15867122883769,-50.4322567640378],[-74.08765717690783,-50.417536125442986],[-74.0519730611102,-50.37778427439025],[-73.98097217039756,-50.38342913983625],[-73.9670141061904,-50.36544864153779],[-74.06280085048841,-50.3639536347122],[-74.10183252202265,-50.412805001522614],[-74.15840639022058,-50.406065399340065],[-74.15461144652303,-50.42683520249725],[-74.17174362334498,-50.43126542155109],[-74.2119205426619,-50.412246320730965],[-74.25928253257425,-50.43647191599107],[-74.19793695462256,-50.424405413991735],[-74.20033853585596,-50.441055028677525],[-74.245852486413,-50.446950741734405],[-74.30887163202719,-50.42525623750673],[-74.259370057229,-50.41797962424946],[-74.30861036960323,-50.422732337764856],[-74.32570081518865,-50.40477189986627],[-74.29394375741909,-50.341929613595276],[-74.2479325067073,-50.31698872344475],[-74.27206380914909,-50.32351961888386],[-74.25135730947348,-50.30242392258267],[-74.26453786024265,-50.31021793191654],[-74.27094566443685,-50.29455297781647],[-74.28115254278227,-50.312368215469775],[-74.26374257723005,-50.2750661892731],[-74.2903243993253,-50.240370214474275],[-74.29858240691634,-50.26836012930409],[-74.30803508849529,-50.24628642556717],[-74.29259360481842,-50.301709592524354],[-74.30287978194555,-50.31476432623837],[-74.30908304064783,-50.29700199729548],[-74.32539801466595,-50.32541487320112],[-74.33137176638958,-50.3817975349899],[-74.35603640220883,-50.38517280826808],[-74.3797951373697,-50.36124463559176],[-74.3537552482241,-50.405148426758856],[-74.47407275510952,-50.343936881717234],[-74.42254709092325,-50.31432546225374],[-74.48192114710065,-50.33719199886853],[-74.54806225183921,-50.296970751095124],[-74.52200186763041,-50.28037613822143],[-74.48862152629466,-50.29039495716623],[-74.51645754295195,-50.27780707726755],[-74.46282158075473,-50.26600682335108],[-74.54329989893746,-50.26668392955657],[-74.5584543151855,-50.25331090114294],[-74.5352984744461,-50.22845316038658],[-74.58012459217662,-50.24435502653863],[-74.63677937522544,-50.23366090253605],[-74.56043798667399,-50.18357938003353],[-74.57238416869947,-50.17404152640659],[-74.64092227236515,-50.22143039380686],[-74.70525594159922,-50.20275694130096],[-74.6808384188399,-50.16028100562532],[-74.5726607402125,-50.103436695915406],[-74.53651250263681,-50.09720724976695],[-74.51790649316588,-50.11970355581845],[-74.5594544266593,-50.152482037420356],[-74.49745053362301,-50.14203705397087],[-74.48227497103319,-50.123587615971694],[-74.50396058316451,-50.12795626029219],[-74.52703192028345,-50.090781955319684],[-74.51063261062986,-50.08119533560185],[-74.52470837120721,-50.07887413885143],[-74.46610540371688,-50.08137996185658],[-74.46312523827022,-50.109803096484626],[-74.4094267156,-50.08327098681284],[-74.40653591186289,-50.107743019519],[-74.38379336622278,-50.086493137462874],[-74.45721350174225,-50.08938199786345],[-74.4783180548017,-50.06691949811995],[-74.55726345274931,-50.069388922374664],[-74.5442443588811,-50.07771505975912],[-74.55569261552436,-50.08734944238227],[-74.61260872837083,-50.10171214149738],[-74.43300693844593,-50.015496135885535],[-74.35965353517567,-50.06063821020549],[-74.38135076611688,-50.08662293721082],[-74.35081308690387,-50.09666504419561],[-74.35799615964613,-50.12940155356988],[-74.34631398439781,-50.07931572939719],[-74.25932959261704,-50.12781479269856],[-74.26529367218001,-50.149293432951126],[-74.34241738824105,-50.18568825156637],[-74.24642702910579,-50.14798272992975],[-74.26001010866558,-50.1940924193424],[-74.20933150548659,-50.20118311409302],[-74.17832964071513,-50.23187954683396],[-74.19244709030819,-50.24825517965079],[-74.16534272989028,-50.28302027840709],[-74.15280042135068,-50.2698892852955],[-74.16612579850995,-50.24668916752513],[-74.09667639081947,-50.22208816718683],[-74.04629791837017,-50.23372665278488],[-74.0548173312173,-50.256926413211005],[-74.042470289471,-50.24330894292596],[-74.00176019308351,-50.27723327771138],[-73.9697989841825,-50.279479487034706],[-73.95988223741935,-50.26885424922478],[-74.02378104120753,-50.234071145831464],[-74.01920765611231,-50.21104517550973],[-74.08602094322852,-50.19207674268168],[-74.16433709287917,-50.20732505628454],[-74.15923286812973,-50.19393836933814],[-74.20721167096059,-50.157367265120094],[-74.15546520267412,-50.14272456137692],[-74.15531701119495,-50.12589923628389],[-74.20237359097871,-50.14538820045329],[-74.19065869459617,-50.119820911869546],[-74.23999473863358,-50.08940880858488],[-74.23167572106173,-50.063748634189345],[-74.24095720171383,-50.079991568040526],[-74.2818446363182,-50.070947121689336],[-74.31732868921719,-50.02999247711328],[-74.2848028020235,-50.02118203744316],[-74.32267968656505,-50.027763088111826],[-74.35745923839744,-49.99588241289793],[-74.35662225648767,-49.97475616098795],[-74.31351711231385,-49.923970188616664],[-74.28854282721616,-49.95297876010651],[-74.29609242696739,-49.974477234318414],[-74.27019632755608,-49.94800897038197],[-74.21353431396751,-49.942178928806385],[-74.17959993578198,-49.96535331831622],[-74.18918842286897,-49.98759790614433],[-74.15753309032218,-49.9679250952794],[-74.11523260757252,-50.015709259850105],[-74.08488043855053,-49.99513269616737],[-74.0293152921784,-50.01879109353973],[-74.033087769909,-50.05873184167705],[-74.01668417888476,-50.02332896236051],[-73.99110682509244,-50.02724239095865],[-73.97519083960442,-50.0744922642696],[-73.98014922107083,-50.0339944440195],[-73.91957483421416,-50.02362546600596],[-73.85823403889306,-50.03926329622051],[-73.8707273506221,-50.00417942807936],[-74.01349826869533,-49.999120360240724],[-73.94371684008256,-49.92467518686505],[-73.80512938347401,-49.916844762116106],[-73.89978784647012,-49.911249432971026],[-73.87356449888563,-49.866281085831226],[-73.81313627870547,-49.83125540907169],[-73.88066119861332,-49.858710562645626],[-73.91232796851031,-49.917340958907175],[-73.9759183653901,-49.9080199730582],[-74.02248821639333,-49.98343341737005],[-74.09541275316718,-49.968547475258326],[-74.11553356385397,-49.94675565872605],[-74.10509201591194,-49.93952377318348],[-74.13194973308882,-49.927744384267704],[-74.123992857849,-49.90947724880371],[-74.1630662103141,-49.893851450892555],[-74.17660348477757,-49.91777884892528],[-74.18575975914368,-49.9012467491014],[-74.21044831979387,-49.91632174014702],[-74.2763536437198,-49.90691070382465],[-74.32738064680366,-49.882039722328514],[-74.33409812992069,-49.806399384983884],[-74.31920771056835,-49.78228526267685],[-74.30830659261181,-49.807213059496476],[-74.26604504913479,-49.8005401657179],[-74.22600741899257,-49.75889044646186],[-74.16820627514842,-49.74635566177006],[-74.14450373499848,-49.76698473775215],[-74.14164029574152,-49.7490258544661],[-74.0812790108298,-49.76298361264049],[-74.08107837480605,-49.745162756202134],[-74.06154680953831,-49.74408364698829],[-74.03457492547197,-49.76883331229796],[-74.03683639736882,-49.745756756958365],[-74.05091299427771,-49.74913274430111],[-74.01950807340457,-49.72014811312233],[-74.03643045587845,-49.71352444240617],[-74.0613474634953,-49.73965367012955],[-74.13044319188201,-49.73657851184104],[-74.14533977727045,-49.71862195852251],[-74.15300102054353,-49.73398053953574],[-74.24910468867714,-49.73535724634081],[-74.28042537272944,-49.766556320724476],[-74.30265310196506,-49.74834672601783],[-74.28803276289953,-49.7064817550077],[-74.30732222141842,-49.645389030134325],[-74.262268747276,-49.6121865017627],[-74.22044340953128,-49.61809231429462],[-74.23318205655433,-49.59692391652562],[-74.2099046333328,-49.57983148573723],[-74.13627369914877,-49.562646277241164],[-74.15193340157442,-49.59222515511689],[-74.0662391764929,-49.5398501878859],[-74.00708902001017,-49.549567701454244],[-73.97748949546582,-49.576203052209884],[-74.03197707043384,-49.651767046956344],[-73.97221118350254,-49.602588240603026],[-73.96478731285679,-49.56073967185633],[-73.90498604128646,-49.551716717238904],[-73.86049554762083,-49.64950659063506],[-73.79940256963883,-49.66849977650635],[-73.77533579138726,-49.695283379019756],[-73.78972565149697,-49.71268887767125],[-73.76216660430642,-49.69344945033146],[-73.79243388792395,-49.657686651730785],[-73.73173534940345,-49.66405504194835],[-73.73795361356426,-49.64961470233185],[-73.8074102302349,-49.64619137751114],[-73.8510550813331,-49.54586386902022],[-73.90475806863029,-49.50944779665732],[-73.96910429541371,-49.52588943458472],[-74.07355089876363,-49.5050440064741],[-74.0472615330906,-49.28513429205527],[-74.00584834778813,-49.2566533927073],[-73.94044478594897,-49.288393098204004],[-73.92133304743095,-49.32717743263066],[-73.79220764272807,-49.35403224119159],[-73.78044754581539,-49.40231836048981],[-73.75387501140186,-49.41316566467136],[-73.78657104130697,-49.3461905227536],[-73.90009562904939,-49.31610055031206],[-73.90741264149882,-49.284848708079124],[-73.92015528871983,-49.284444854117496],[-73.91734647062542,-49.313026559118555],[-73.92471983259601,-49.27865631237477],[-74.01764175962144,-49.20810596286653],[-74.06919905259053,-49.24789481152414],[-74.11359445329514,-49.19271741611277],[-74.11831209255362,-49.21334100733108],[-74.15755289547924,-49.199266296596434],[-74.1485835281844,-49.217342962167876],[-74.10467768325849,-49.22626938683881],[-74.09462769927072,-49.26715157033883],[-74.10518785896623,-49.35486584513371],[-74.14709381062625,-49.41765698544034],[-74.14740906898531,-49.52994492960481],[-74.16132551873693,-49.541470202460445],[-74.214793048615,-49.53510739548331],[-74.26500263419763,-49.48507116102541],[-74.30670492610463,-49.43520500887563],[-74.28436137528278,-49.40694495810583],[-74.32289403267669,-49.42930900180265],[-74.3905743674169,-49.38969774369794],[-74.38701083153319,-49.37720792080367],[-74.3683118500236,-49.391434679026005],[-74.3840009650883,-49.36192464140214],[-74.34451528680611,-49.32246171860499],[-74.36291014098131,-49.17532040299662],[-74.33361966564078,-49.17277713778137],[-74.37003736725899,-49.10589366553111],[-74.35265028449203,-49.099299936393045],[-74.35960582295597,-49.0674534713641],[-74.34396693988532,-49.05407683107418],[-74.37388155210884,-49.05964575059061],[-74.3805232937727,-49.09197998933503],[-74.40205842551751,-49.08153875056782],[-74.42126387898092,-49.0460559969894],[-74.41940602553112,-48.986325859006776],[-74.38629253324211,-48.96679329922272],[-74.37799640204874,-48.994982883617396],[-74.35719031244578,-48.98253412552313],[-74.35195318195008,-48.94430931147491],[-74.37819377988298,-48.920438088191304],[-74.34667304730509,-48.93359274649229],[-74.32522610496834,-48.91698826687331],[-74.28933059582143,-48.93560767210044],[-74.40504770886429,-48.8753930889721],[-74.39645799206639,-48.85834874315759],[-74.34105128066261,-48.8627115738646],[-74.39114233803508,-48.855394964769545],[-74.404979637227,-48.80455054046018],[-74.32583463721653,-48.74506556779766],[-74.33872467821271,-48.71172184620377],[-74.31335738017825,-48.70985971193868],[-74.30895406772589,-48.7372537104998],[-74.30186554266727,-48.71381324936344],[-74.27831658209155,-48.72566459278039],[-74.28888985898683,-48.75146056568662],[-74.26376400204958,-48.766322059554],[-74.28269287681343,-48.73668853664696],[-74.27530698963284,-48.74982886292584],[-74.1536667637972,-48.701442574789375],[-74.02536627573153,-48.739229136791614],[-73.97100932209402,-48.71551856085486],[-73.14276630514365,-49.21166945170228],[-73.13398206356086,-49.2664956302029],[-73.0896953266663,-49.252980326475985],[-73.04293801792451,-49.27097610623193],[-73.08207357333313,-49.283209676938256],[-73.07713594833969,-49.38091825595413],[-73.04033213913425,-49.426921036744154],[-73.05415986677684,-49.465264445513355],[-73.13021062607936,-49.52461843005596],[-73.21681096651663,-49.66903442168069],[-73.30883574696612,-49.73598689002497],[-73.48644526133873,-49.81160497481614],[-73.50683203623169,-49.891814684253305],[-73.55610820396215,-49.922730768239276],[-73.55096572894793,-49.950645063503934],[-73.44603851614123,-49.96424564784681],[-73.4355944583063,-50.00992975913196],[-73.46221730017237,-50.05430761044458],[-73.49713696942612,-50.049645391941574],[-73.47555736658317,-50.08950699282527],[-73.51414662143324,-50.10630912527544],[-73.52153068233883,-50.15355389550607],[-73.46324408352525,-50.184590075283005],[-73.43042186008566,-50.1818871648272],[-73.4160494946661,-50.20033970843147],[-73.44785698475403,-50.21736637759638],[-73.45192373260541,-50.24115736595706],[-73.36256685871821,-50.301149694551185],[-73.43777762405983,-50.34361378136817],[-73.41693763383468,-50.38166525803372],[-73.3702010968372,-50.37238084269454],[-73.38752191358061,-50.392205978154216],[-73.35828725865353,-50.42871898885451],[-73.36600466639477,-50.487549777240005],[-73.33728674218206,-50.4972219046034],[-73.35958321140153,-50.50650054266139],[-73.35774043347882,-50.53499833927668],[-73.33157868606834,-50.57031009713037],[-73.19361745582411,-50.61527873269818],[-73.1450142717685,-50.65142451810756],[-73.198452698028,-50.74073774932042],[-73.1497230069259,-50.767781592039086],[-73.20100988184166,-50.820357385554246],[-73.14550251151533,-50.78186489456043],[-73.09620495399963,-50.77273222962403],[-73.06958982956016,-50.78923812789801],[-73.04188649407037,-50.76121142026977],[-73.00246207639897,-50.763391664271545],[-72.95515476154807,-50.74128364453414],[-72.94066360561028,-50.70625290165472],[-72.90688197695566,-50.697589005874256],[-72.89135317523657,-50.6698528489237],[-72.72878751695839,-50.614054948851255],[-72.69264941687068,-50.64908842675027],[-72.6255068415073,-50.65809199488212],[-72.59615840596634,-50.681666267356505],[-72.57727994914782,-50.67815331028024],[-72.57992984448867,-50.65438979336333],[-72.54496087659042,-50.62029427615847],[-72.49184336538136,-50.600824284298696],[-72.40450790659764,-50.6369127969028],[-72.35334458866102,-50.61783684113088],[-72.33784715521331,-50.6493869125687],[-72.28612922999669,-50.6591629269915],[-72.30028450405311,-50.706656806861965],[-72.3367378984325,-50.718873689652874],[-72.34949571280876,-50.751734001329204],[-72.2865910691556,-50.801855011736016],[-72.24675011795833,-50.8781794903929],[-72.26508494760458,-51.032819654592224],[-72.37312046424498,-51.02238387856183],[-72.37625630773037,-51.080530643393885],[-72.40852408828168,-51.1075934189561],[-72.34809790009068,-51.203985284349145],[-72.30349007477083,-51.20131311253143],[-72.25914162181962,-51.25270682134206],[-72.26961395502641,-51.28369699743894],[-72.37152437268247,-51.3363034453039],[-72.30878274540562,-51.36603718836194],[-72.30996854583518,-51.403410092343655],[-72.3381357776259,-51.42436253783307],[-72.32407927782654,-51.47498447152221],[-72.35129978322418,-51.48446643084921],[-72.34461178550971,-51.520615474386446],[-72.40484131002714,-51.51347970300976],[-72.39284989603048,-51.52505926301367],[-72.44138916225864,-51.58526254257207],[-72.32700472239766,-51.58736222180129],[-72.31910567440764,-51.62537811126543],[-72.28317946803082,-51.63821104896572],[-72.297262222891,-51.69915329966883],[-72.22962914672125,-51.70294289962317],[-72.16047335966958,-51.72595836544426],[-72.18242150803594,-51.736903885597116],[-72.12185028863895,-51.74403844410018],[-72.11230478863328,-51.76791980512267],[-72.07591691377745,-51.773282081274765],[-71.94805252634117,-51.87400799119033],[-71.93270500284977,-51.9202290227084],[-72.02864136066005,-51.9678735474644],[-71.96536310408698,-51.97212506691979],[-71.92295494387749,-51.999134733340625],[-71.6940111226438,-52.0001285261114]],[[-72.28428611520577,-53.57560632154762],[-72.2889672891519,-53.57154625408228],[-72.29238964939884,-53.57275671299467],[-72.28428611520577,-53.57560632154762]],[[-72.29365983487122,-53.57497830293052],[-72.29538611836956,-53.57487118841916],[-72.29339842871681,-53.57522825066992],[-72.29365983487122,-53.57497830293052]],[[-72.29494097799346,-53.569342504240026],[-72.29219497818856,-53.570998117563],[-72.2929720550453,-53.569407679628355],[-72.29494097799346,-53.569342504240026]],[[-71.91747763351921,-53.546073833350235],[-71.91452835754193,-53.545922751940026],[-71.9177644107922,-53.545593549181355],[-71.91747763351921,-53.546073833350235]],[[-71.75625751050113,-53.48119960314939],[-71.75126001728557,-53.47801986795495],[-71.75703984070567,-53.47908193120744],[-71.75625751050113,-53.48119960314939]],[[-71.74820444006747,-53.34552001754568],[-71.75282647612183,-53.34569222209321],[-71.75034523588229,-53.347843593582816],[-71.74820444006747,-53.34552001754568]],[[-70.8164923700526,-52.76772267597843],[-70.81652452704482,-52.764242242009104],[-70.82284858489834,-52.7660229547216],[-70.8164923700526,-52.76772267597843]],[[-71.94391931214193,-52.52645901634041],[-71.93841177527098,-52.527764283992894],[-71.9389025734197,-52.52595801715008],[-71.94391931214193,-52.52645901634041]],[[-72.10134457320915,-52.520166294119186],[-72.09686776958338,-52.51888269081835],[-72.10597363947892,-52.51480167391353],[-72.10134457320915,-52.520166294119186]],[[-72.66408624094038,-52.41767673271965],[-72.66387330428543,-52.41581676727072],[-72.66664427276365,-52.41639490153318],[-72.66408624094038,-52.41767673271965]],[[-72.47497691201707,-51.7402810513825],[-72.47924351166296,-51.73966677907271],[-72.47605390849941,-51.74158912241417],[-72.47497691201707,-51.7402810513825]],[[-72.60613697838062,-51.638902584328676],[-72.60413800588788,-51.63541922663474],[-72.61001594959151,-51.63560225416709],[-72.60613697838062,-51.638902584328676]],[[-73.64895459704522,-51.203371563900674],[-73.64092116378366,-51.199120293865874],[-73.6568212922103,-51.200174222620724],[-73.64895459704522,-51.203371563900674]],[[-73.62824533505012,-51.199102995427914],[-73.63130504002697,-51.171167015706345],[-73.63809309389441,-51.18616295096555],[-73.62824533505012,-51.199102995427914]],[[-73.42795692516685,-50.96979285261676],[-73.42743635864623,-50.967423358761266],[-73.42800015479328,-50.96978848374554],[-73.42795692516685,-50.96979285261676]],[[-73.52411594748827,-50.68168159699796],[-73.52526878064522,-50.68113865586294],[-73.52372695451237,-50.68256237245661],[-73.52411594748827,-50.68168159699796]],[[-73.50757232348428,-50.649295047364284],[-73.49341010365409,-50.64283000749534],[-73.50174391737698,-50.64276762698268],[-73.50757232348428,-50.649295047364284]],[[-73.64583563110739,-50.37411257830743],[-73.65574698977548,-50.37291496249636],[-73.64883671382543,-50.3836228097925],[-73.64583563110739,-50.37411257830743]],[[-74.24445070853126,-50.331306748388336],[-74.23194819535874,-50.327317736070334],[-74.23691194425899,-50.3190304389896],[-74.24445070853126,-50.331306748388336]],[[-74.25217787377314,-50.32319775155247],[-74.25376972349089,-50.32470189500705],[-74.25100010518055,-50.32579487251691],[-74.25217787377314,-50.32319775155247]],[[-74.2444208117003,-50.31809138970911],[-74.24740382390807,-50.31860866780492],[-74.24583585051225,-50.319402933572434],[-74.2444208117003,-50.31809138970911]],[[-74.26441577380567,-50.29488884254688],[-74.26573430481001,-50.29499117208565],[-74.2660663203424,-50.29565097032204],[-74.26441577380567,-50.29488884254688]],[[-74.27118596197873,-50.29017092506561],[-74.27247139635308,-50.289433457907755],[-74.27111988999125,-50.29129799247762],[-74.27118596197873,-50.29017092506561]],[[-74.15326937426835,-50.28873707822965],[-74.15200094769727,-50.28503886598287],[-74.15590590716936,-50.282592961876716],[-74.15326937426835,-50.28873707822965]],[[-74.13563592583976,-50.28145430165925],[-74.13513403709051,-50.28590433060021],[-74.13110066344859,-50.28375988957651],[-74.13563592583976,-50.28145430165925]],[[-74.14386610182665,-50.28448442170177],[-74.14632322858901,-50.28450248841249],[-74.14641850390802,-50.28702249689979],[-74.14386610182665,-50.28448442170177]],[[-74.13111663549432,-50.275167402304206],[-74.13682282760384,-50.270171261000385],[-74.14713781639706,-50.27821021585678],[-74.13111663549432,-50.275167402304206]],[[-74.15083102499037,-50.275807943743345],[-74.15506792453635,-50.27439922415438],[-74.15584425938466,-50.278138828092644],[-74.15083102499037,-50.275807943743345]],[[-74.16694834539145,-50.122838417245234],[-74.13402176736022,-50.099033902550545],[-74.18926711528785,-50.116405862650645],[-74.16694834539145,-50.122838417245234]],[[-74.19399060257882,-50.12327406213176],[-74.18696066025316,-50.1223623185161],[-74.19166717657178,-50.121791165888006],[-74.19399060257882,-50.12327406213176]],[[-74.17729927398254,-50.12233743091861],[-74.17268122824468,-50.121657537366026],[-74.17558974226765,-50.12029782208741],[-74.17729927398254,-50.12233743091861]],[[-74.12694634423003,-50.09891023473405],[-74.12324093561686,-50.10541793049917],[-74.11905214714255,-50.10496731916136],[-74.12694634423003,-50.09891023473405]],[[-74.23189342687252,-50.08101373616387],[-74.23418170539576,-50.08516343524173],[-74.23101474696388,-50.083816872203876],[-74.23189342687252,-50.08101373616387]],[[-73.8324310768104,-49.80644106246047],[-73.83561666630126,-49.806960054741054],[-73.83314521590171,-49.808030967421956],[-73.8324310768104,-49.80644106246047]],[[-74.01990769973851,-49.78197300649868],[-74.00425241971898,-49.774426430838204],[-74.01952408048463,-49.77396835747458],[-74.01990769973851,-49.78197300649868]],[[-74.22011788342851,-49.76856629996321],[-74.21484509251097,-49.7698418089014],[-74.21717589009324,-49.76780235335486],[-74.22011788342851,-49.76856629996321]],[[-74.02466733343988,-49.77571794583752],[-74.0207495253643,-49.77627329045252],[-74.02030605046473,-49.77573995250406],[-74.02466733343988,-49.77571794583752]],[[-74.02522531119881,-49.77507546569396],[-74.03110956736397,-49.76700575852981],[-74.0360567243809,-49.769459157597524],[-74.02522531119881,-49.77507546569396]],[[-74.05162789064879,-49.40700817950462],[-74.05313277266727,-49.406883637479744],[-74.0532938864118,-49.40759177007794],[-74.05162789064879,-49.40700817950462]],[[-74.05148054628094,-49.40559331995204],[-74.05211639899188,-49.405233751997116],[-74.05217652772542,-49.405735881118446],[-74.05148054628094,-49.40559331995204]],[[-74.12392928766961,-49.18739355509379],[-74.12402036875459,-49.18634699427107],[-74.12451007185699,-49.18739794856732],[-74.12392928766961,-49.18739355509379]],[[-74.4104077127212,-49.01857264412785],[-74.41321984559899,-49.01653489448197],[-74.41366542345465,-49.01815261290343],[-74.4104077127212,-49.01857264412785]],[[-74.34342846814445,-48.940339475655236],[-74.35149542922738,-48.94311077547932],[-74.34733126088007,-48.94513144283853],[-74.34342846814445,-48.940339475655236]],[[-74.3396238792357,-48.93469610169345],[-74.33464711554363,-48.93302072824788],[-74.33621426787928,-48.93183725100611],[-74.3396238792357,-48.93469610169345]],[[-74.22277437240355,-49.19526216922731],[-74.22083871317206,-49.19546745985514],[-74.22085309969134,-49.19455050813985],[-74.22277437240355,-49.19526216922731]],[[-74.16811372980953,-49.200363621496464],[-74.16771008081976,-49.200809091799464],[-74.16689261570785,-49.200166012984766],[-74.16811372980953,-49.200363621496464]],[[-74.10267098884759,-49.25220900399711],[-74.10701872432996,-49.25295028372041],[-74.10701259781972,-49.25329178921227],[-74.10267098884759,-49.25220900399711]],[[-74.11159948459363,-49.25318078753613],[-74.11560617916996,-49.25216227653361],[-74.1148622151129,-49.25415747422469],[-74.11159948459363,-49.25318078753613]],[[-74.12040799685876,-49.32211991372551],[-74.12421401768208,-49.32481846108219],[-74.12334331032159,-49.32849660116733],[-74.12040799685876,-49.32211991372551]],[[-74.12361982074918,-49.33237148905536],[-74.1242857643272,-49.340235027158926],[-74.11990137039473,-49.33441127793951],[-74.12361982074918,-49.33237148905536]],[[-74.11763887352012,-49.34788045534916],[-74.116239023423,-49.34871213227643],[-74.1153968914717,-49.34773848413093],[-74.11763887352012,-49.34788045534916]],[[-74.12208902772467,-49.350067180194806],[-74.12428109757928,-49.35033334237256],[-74.12306568598302,-49.351540902883364],[-74.12208902772467,-49.350067180194806]],[[-74.11441189505085,-49.35206772972749],[-74.11525249178135,-49.35557924490788],[-74.11118594784753,-49.35350936586434],[-74.11441189505085,-49.35206772972749]],[[-74.37040914761575,-49.39280266300181],[-74.3730550400637,-49.3911749184584],[-74.37068438333398,-49.39408930638313],[-74.37040914761575,-49.39280266300181]],[[-74.38860004110232,-49.39013948945666],[-74.38502619794903,-49.384361136175166],[-74.38679425580301,-49.382894923367765],[-74.38860004110232,-49.39013948945666]],[[-74.37161161628538,-49.39571278111131],[-74.36033431443057,-49.40603869647597],[-74.3611381565912,-49.39829185244794],[-74.37161161628538,-49.39571278111131]],[[-74.12035757981174,-49.20862028083941],[-74.11858281693249,-49.21036801887601],[-74.11905254419791,-49.20846755097611],[-74.12035757981174,-49.20862028083941]],[[-74.28505004893243,-49.64257375179589],[-74.28480229178044,-49.64165632929981],[-74.28620706015376,-49.64203811546516],[-74.28505004893243,-49.64257375179589]],[[-74.05210127405745,-49.76032662012006],[-74.05447148073121,-49.762462602011716],[-74.05207186411336,-49.7618382656351],[-74.05210127405745,-49.76032662012006]],[[-74.07867620427783,-49.757869944246764],[-74.07947979850344,-49.75651573257126],[-74.08039023385739,-49.75773237419227],[-74.07867620427783,-49.757869944246764]],[[-73.91849622166262,-49.862540991303895],[-73.91377402794566,-49.86282643458725],[-73.9210783741496,-49.858198320920714],[-73.91849622166262,-49.862540991303895]],[[-73.97180236830158,-49.902131714586716],[-73.97009552883756,-49.90450478863105],[-73.96683659190376,-49.903014714569444],[-73.97180236830158,-49.902131714586716]],[[-74.20606524997814,-49.89489082048591],[-74.20612377881216,-49.896474397381276],[-74.20513400515065,-49.89499357037039],[-74.20606524997814,-49.89489082048591]],[[-74.25171761654742,-49.89388405888125],[-74.26535818379381,-49.89719235400349],[-74.24972248165759,-49.89720138340974],[-74.25171761654742,-49.89388405888125]],[[-74.13653638091087,-49.906460522782304],[-74.12988218051235,-49.9039691864456],[-74.13465305123962,-49.90421903508718],[-74.13653638091087,-49.906460522782304]],[[-73.98018210659674,-49.91384813506817],[-73.97780244874787,-49.91612959157011],[-73.97797321578844,-49.91453708931813],[-73.98018210659674,-49.91384813506817]],[[-74.02300602418772,-49.97147896791622],[-74.02527353096666,-49.97569299385964],[-74.01928221268763,-49.974259099972905],[-74.02300602418772,-49.97147896791622]],[[-74.28016082247153,-50.059296786571146],[-74.27354876743289,-50.055337956638944],[-74.27889923477471,-50.055418489713965],[-74.28016082247153,-50.059296786571146]],[[-74.05556145247952,-50.01705220256324],[-74.05228894559502,-50.015649653141594],[-74.05555387608842,-50.01495707112751],[-74.05556145247952,-50.01705220256324]],[[-74.0502770427521,-50.01431986263638],[-74.05111460677018,-50.01614033291258],[-74.04970507642754,-50.016253962063345],[-74.0502770427521,-50.01431986263638]],[[-74.13865740300967,-50.00078868219258],[-74.14292857148712,-50.00395835733029],[-74.14129517558578,-50.004544104139306],[-74.13865740300967,-50.00078868219258]],[[-74.13339028046158,-49.99716314443071],[-74.13446933947581,-49.99732061347413],[-74.13392221606044,-49.99766517514429],[-74.13339028046158,-49.99716314443071]],[[-74.13555891866035,-49.996880384532986],[-74.1354455530681,-49.99458825235125],[-74.13721628430838,-49.99495012586308],[-74.13555891866035,-49.996880384532986]],[[-74.34431903635758,-49.979067361723985],[-74.34392633333954,-49.97665724954655],[-74.34787124089229,-49.97853880257081],[-74.34431903635758,-49.979067361723985]],[[-74.19375423157305,-50.12948345319642],[-74.19179458013696,-50.13016095287757],[-74.19195057078942,-50.12886792845371],[-74.19375423157305,-50.12948345319642]],[[-74.14919553691273,-50.268009560965744],[-74.14399401204165,-50.26599871529544],[-74.15005198172146,-50.26510685807324],[-74.14919553691273,-50.268009560965744]],[[-74.14987399222602,-50.260227603578464],[-74.15416900917762,-50.261574066895136],[-74.15250667404939,-50.26398456834939],[-74.14987399222602,-50.260227603578464]],[[-74.05577693855325,-50.23905217756418],[-74.05905966018085,-50.237438573143045],[-74.06160573722431,-50.23801516079993],[-74.05577693855325,-50.23905217756418]],[[-74.18843534091178,-50.27678061059316],[-74.18908723034717,-50.277386407223844],[-74.18803885239313,-50.27737913812562],[-74.18843534091178,-50.27678061059316]],[[-74.18701687772194,-50.27581582909785],[-74.18807195620968,-50.27543409491812],[-74.18917251819686,-50.27561863800675],[-74.18701687772194,-50.27581582909785]],[[-74.18533386068096,-50.26810059063942],[-74.18544680137005,-50.261475122087056],[-74.18908834425811,-50.270102351380864],[-74.18533386068096,-50.26810059063942]],[[-74.1721564387439,-50.265208822127185],[-74.17489422794712,-50.266545328375365],[-74.17295241525592,-50.26743699558544],[-74.1721564387439,-50.265208822127185]],[[-74.3189567401426,-50.21763245634335],[-74.3202553851415,-50.217134628138204],[-74.3201816118971,-50.21781467699932],[-74.3189567401426,-50.21763245634335]],[[-74.3427868707073,-50.18608279876905],[-74.35330987518434,-50.189314172428965],[-74.34652985045892,-50.19141206296752],[-74.3427868707073,-50.18608279876905]],[[-74.6650788156698,-50.16781363442602],[-74.66812703568574,-50.169103971611854],[-74.66122118214183,-50.17181243664079],[-74.6650788156698,-50.16781363442602]],[[-74.65384679609184,-50.151594227232806],[-74.65153186455412,-50.14841202168621],[-74.65575292231004,-50.15255585595161],[-74.64963037903266,-50.15414226029725],[-74.65384679609184,-50.151594227232806]],[[-74.26687383032433,-50.13534436287239],[-74.26808905956258,-50.135596925398204],[-74.26777275017464,-50.13635403149317],[-74.26687383032433,-50.13534436287239]],[[-74.26692055709216,-50.12978619997664],[-74.26689138160836,-50.13169604393957],[-74.26494884756998,-50.13168372896645],[-74.26692055709216,-50.12978619997664]],[[-74.36567535844507,-50.09690496482238],[-74.36623607426903,-50.09612900953286],[-74.36677939421747,-50.09666310794812],[-74.36567535844507,-50.09690496482238]],[[-74.38429060978369,-50.083231078573874],[-74.38372945378525,-50.08407786174714],[-74.38284857390248,-50.08410865270032],[-74.38429060978369,-50.083231078573874]],[[-74.42777838236961,-50.077005856350745],[-74.4295076725292,-50.07684334288018],[-74.42737161892074,-50.07768789948342],[-74.42777838236961,-50.077005856350745]],[[-74.59372901480923,-50.08808786100544],[-74.59546262676366,-50.08832807299278],[-74.59707542609215,-50.08963043823573],[-74.59372901480923,-50.08808786100544]],[[-74.59908860094951,-50.08994364758655],[-74.60070193567392,-50.09121002671298],[-74.59799643641361,-50.08999389965337],[-74.59908860094951,-50.08994364758655]],[[-74.4488282406047,-50.08053233781788],[-74.45077104054438,-50.08209442570875],[-74.44816280098156,-50.081564428301235],[-74.4488282406047,-50.08053233781788]],[[-74.44792714862803,-50.08457199080944],[-74.44736621900505,-50.08524875483189],[-74.44737368939496,-50.08460172603998],[-74.44792714862803,-50.08457199080944]],[[-74.44647194613972,-50.1003932242652],[-74.44731355527152,-50.10334279187649],[-74.44550123742349,-50.10281434314195],[-74.44647194613972,-50.1003932242652]],[[-74.50003131078927,-50.09825194499784],[-74.48553101179853,-50.097274798058805],[-74.49575087978295,-50.096797391711945],[-74.50003131078927,-50.09825194499784]],[[-74.51583686458278,-50.095372244471534],[-74.51454493179568,-50.095267006467935],[-74.5157388287409,-50.09483943292067],[-74.51583686458278,-50.095372244471534]],[[-74.47690005244763,-50.08612490406972],[-74.47620770199353,-50.084416927165535],[-74.47832665886551,-50.085673951014456],[-74.47690005244763,-50.08612490406972]],[[-74.46651836194793,-50.085105754038075],[-74.46561755473722,-50.08531840770498],[-74.46804480532984,-50.08417335064342],[-74.46651836194793,-50.085105754038075]],[[-74.50295489135617,-50.07887935655417],[-74.50438626962483,-50.07792907848073],[-74.50509355097726,-50.07826479535148],[-74.50295489135617,-50.07887935655417]],[[-74.59796492261513,-50.11716781485304],[-74.59963153282578,-50.118038459096226],[-74.5985246763434,-50.118149959523734],[-74.59796492261513,-50.11716781485304]],[[-74.59049639761491,-50.231931941561974],[-74.58778846302188,-50.22988009895205],[-74.59032135369529,-50.229842616717605],[-74.59049639761491,-50.231931941561974]],[[-74.29559780379219,-50.29959995094166],[-74.29454219709507,-50.30045813075794],[-74.29417633753435,-50.30029868895097],[-74.29559780379219,-50.29959995094166]],[[-74.31449872747595,-50.41014609679607],[-74.31153865824054,-50.41040840818551],[-74.3144662102593,-50.4096587308259],[-74.31449872747595,-50.41014609679607]],[[-74.29716936146598,-50.41445721405882],[-74.2952342502068,-50.414882882516395],[-74.29449947591512,-50.414083301036655],[-74.29716936146598,-50.41445721405882]],[[-74.29284469741506,-50.41657792683321],[-74.28985642197803,-50.416678968655326],[-74.29284879463108,-50.4162996175221],[-74.29284469741506,-50.41657792683321]],[[-74.30401694399234,-50.41847408004077],[-74.30501137721524,-50.4185595655896],[-74.30650228504113,-50.41872747970758],[-74.30401694399234,-50.41847408004077]],[[-74.26603815276835,-50.423886213524824],[-74.26517696665154,-50.42726015826237],[-74.25759529165478,-50.42653614509894],[-74.26603815276835,-50.423886213524824]],[[-74.28136478503949,-50.426844395657945],[-74.28043857706581,-50.42636164357325],[-74.28155624207768,-50.42652747552119],[-74.28136478503949,-50.426844395657945]],[[-74.29255026020766,-50.42798634814264],[-74.28717743649332,-50.42934504021032],[-74.28864574001176,-50.42688908982232],[-74.29255026020766,-50.42798634814264]],[[-73.61486656292865,-50.39391366303196],[-73.60787304189786,-50.39645893028785],[-73.61260102256189,-50.393260766994395],[-73.61486656292865,-50.39391366303196]],[[-74.02569962436378,-50.42332446353967],[-74.0261594998055,-50.42761583992668],[-74.02292389840781,-50.42841990558369],[-74.02569962436378,-50.42332446353967]],[[-74.11455795482786,-50.42443414008088],[-74.1220324464382,-50.42251066349905],[-74.11835072011084,-50.42562044715848],[-74.11455795482786,-50.42443414008088]],[[-74.03836889629407,-50.45373100003923],[-74.04494803526408,-50.453681844196254],[-74.03875854414181,-50.45845028248317],[-74.03836889629407,-50.45373100003923]],[[-73.72735655107687,-50.48613011580454],[-73.73606020299889,-50.491345159171686],[-73.73248385713921,-50.49168548598619],[-73.72735655107687,-50.48613011580454]],[[-73.7362641106869,-50.49205842728649],[-73.73475547371055,-50.49289541066833],[-73.73476808785377,-50.49242145885664],[-73.7362641106869,-50.49205842728649]],[[-73.74811141784402,-50.50214230124003],[-73.74573085898489,-50.50221150072892],[-73.74495370577135,-50.50068603561227],[-73.74811141784402,-50.50214230124003]],[[-74.02975282292574,-50.54395674028298],[-74.02566467091609,-50.53811217461723],[-74.02956201986107,-50.54082643254932],[-74.02975282292574,-50.54395674028298]],[[-74.03642538938024,-50.53881118373346],[-74.03806144878638,-50.53988116242078],[-74.03211449290936,-50.54072575796077],[-74.03642538938024,-50.53881118373346]],[[-74.04138459370346,-50.539502222713885],[-74.04385480622457,-50.537165898887565],[-74.04620021131166,-50.537835213125334],[-74.04138459370346,-50.539502222713885]],[[-73.84733332158513,-50.649839805292494],[-73.83858774798375,-50.65807806017549],[-73.82620695293897,-50.65688366636105],[-73.84733332158513,-50.649839805292494]],[[-73.82548459156787,-50.66084062020527],[-73.82259946428502,-50.66148544466126],[-73.82222641191385,-50.66144208612182],[-73.82548459156787,-50.66084062020527]],[[-74.13662091776901,-50.74767048536078],[-74.13546406914274,-50.74909669088076],[-74.13441519082711,-50.74837149739059],[-74.13662091776901,-50.74767048536078]],[[-74.02539949004084,-50.818056795419125],[-74.01568927853792,-50.827414156987444],[-74.0159735701725,-50.820547883793644],[-74.02539949004084,-50.818056795419125]],[[-73.94085607241529,-50.828455524082464],[-73.94172351529804,-50.832165078054],[-73.93642474240752,-50.82906088867399],[-73.94085607241529,-50.828455524082464]],[[-73.93880128220407,-50.835151593431526],[-73.93531491699314,-50.83602372403498],[-73.93499666634585,-50.835073862882915],[-73.93880128220407,-50.835151593431526]],[[-73.52006587147027,-50.679137427824806],[-73.52070261890321,-50.67694794006554],[-73.5262519229433,-50.67777264037871],[-73.52006587147027,-50.679137427824806]],[[-73.52452647577648,-50.67023949448182],[-73.52571807213624,-50.67038472465232],[-73.5251322699597,-50.67231359356296],[-73.52452647577648,-50.67023949448182]],[[-74.03163355916075,-50.94727809823863],[-74.03389879320203,-50.94784244302007],[-74.03254891099425,-50.9485752132716],[-74.03163355916075,-50.94727809823863]],[[-74.03722450101259,-50.94636777763635],[-74.0327746719982,-50.94299987354175],[-74.03640145107455,-50.94245886395275],[-74.03722450101259,-50.94636777763635]],[[-74.05527119513313,-50.944230982489835],[-74.05499517877894,-50.950415062629254],[-74.05233681951145,-50.94777625638233],[-74.05527119513313,-50.944230982489835]],[[-74.03283167010298,-50.94629599246691],[-74.03401749658367,-50.945909005596455],[-74.03558646261786,-50.94597154201815],[-74.03283167010298,-50.94629599246691]],[[-74.18121145141794,-50.89472946541529],[-74.17196048653605,-50.88849405066505],[-74.18035870946483,-50.89222822942031],[-74.18121145141794,-50.89472946541529]],[[-73.80861590409347,-51.20248390350984],[-73.80488640895258,-51.2006203332326],[-73.8092563292292,-51.194549134584534],[-73.80861590409347,-51.20248390350984]],[[-73.08572685720196,-51.398130095156375],[-73.08807618343528,-51.40344693462659],[-73.08300339522921,-51.39862168793162],[-73.08572685720196,-51.398130095156375]],[[-73.21823901023895,-51.50973216460462],[-73.2158319591638,-51.50744075401162],[-73.21815536091634,-51.50513928982029],[-73.21823901023895,-51.50973216460462]],[[-73.54518189365179,-51.502549143280085],[-73.57137466887221,-51.50758202631022],[-73.52035365305971,-51.54240964710422],[-73.54518189365179,-51.502549143280085]],[[-73.57271121019969,-51.50993095598533],[-73.57849337193447,-51.50276358167878],[-73.5827496643108,-51.511551574325125],[-73.57271121019969,-51.50993095598533]],[[-73.59766122820828,-51.5318230311278],[-73.59894045522402,-51.53375856021607],[-73.59526198349295,-51.532935357534086],[-73.59766122820828,-51.5318230311278]],[[-73.6044944484699,-51.52870390035596],[-73.60587715601646,-51.528720349342365],[-73.60304424690277,-51.529438062689124],[-73.6044944484699,-51.52870390035596]],[[-73.30512063744618,-51.57260614043794],[-73.31060124641819,-51.58536771574006],[-73.29878844983936,-51.59487530448345],[-73.30512063744618,-51.57260614043794]],[[-73.85346322835291,-51.568275422946996],[-73.82387522110882,-51.557487355758404],[-73.83910469968367,-51.550874468229644],[-73.85346322835291,-51.568275422946996]],[[-73.81841572434261,-51.55497270670646],[-73.81900318660581,-51.56022620970147],[-73.8057214406199,-51.560050866047554],[-73.81841572434261,-51.55497270670646]],[[-73.71509994093361,-51.480260081357265],[-73.71933813944348,-51.47880419598066],[-73.71439417503906,-51.48351251564853],[-73.71509994093361,-51.480260081357265]],[[-73.8509777813029,-51.586712274405514],[-73.84995443131102,-51.58828508094064],[-73.84502082807508,-51.58890043962298],[-73.8509777813029,-51.586712274405514]],[[-73.29638980250368,-51.69698547333526],[-73.28758691638718,-51.68956427885278],[-73.29907325351367,-51.68665534533353],[-73.29638980250368,-51.69698547333526]],[[-73.22947713386928,-51.876651424415016],[-73.24341453592658,-51.88321034450019],[-73.22417758124112,-51.881638368619605],[-73.22947713386928,-51.876651424415016]],[[-72.96532291082664,-51.85050084162802],[-72.9680397315545,-51.84955412340712],[-72.96694097607933,-51.85094285376234],[-72.96532291082664,-51.85050084162802]],[[-72.97661126645103,-51.84567227104437],[-72.97553349112933,-51.836153818140936],[-72.99151837111144,-51.8392218763891],[-72.97661126645103,-51.84567227104437]],[[-72.97698323455566,-51.82772887734092],[-72.97486513557482,-51.82570653425672],[-72.97883819004036,-51.82596273191035],[-72.97698323455566,-51.82772887734092]],[[-72.63301207346666,-52.40433439845114],[-72.63443643409632,-52.40413014728427],[-72.63246812649413,-52.40535415766305],[-72.63301207346666,-52.40433439845114]],[[-72.63764148379119,-52.405191720526005],[-72.63846911873046,-52.4039447871357],[-72.63937104434368,-52.40436183760602],[-72.63764148379119,-52.405191720526005]],[[-72.77895320636466,-52.45160438521947],[-72.77676160543062,-52.45147559636121],[-72.77634510873567,-52.451204987815515],[-72.77895320636466,-52.45160438521947]],[[-72.7291164602525,-52.43941050655826],[-72.72415190197019,-52.43896210229034],[-72.72755199926944,-52.43716656117661],[-72.7291164602525,-52.43941050655826]],[[-72.92553104447481,-52.42469484785129],[-72.85000940455271,-52.42037148746719],[-72.86795709444749,-52.40441167930448],[-72.92553104447481,-52.42469484785129]],[[-72.92559235898453,-52.418415123411656],[-72.92721918909943,-52.41525566717638],[-72.93268845863761,-52.416445845705034],[-72.92559235898453,-52.418415123411656]],[[-73.54303924640914,-52.367696970753016],[-73.54552707040139,-52.36651995948483],[-73.54697795648477,-52.36791203641703],[-73.54303924640914,-52.367696970753016]],[[-72.63999670207446,-52.351811548022994],[-72.64506434832383,-52.35198761214659],[-72.64261230333103,-52.35553465702983],[-72.63999670207446,-52.351811548022994]],[[-72.63134920384086,-52.355789126284066],[-72.63272215837839,-52.35630122169176],[-72.63074407980086,-52.356858005473214],[-72.63134920384086,-52.355789126284066]],[[-72.64470132923604,-52.35651276348626],[-72.65664957109846,-52.35731214851616],[-72.64090497967506,-52.3623177122883],[-72.64470132923604,-52.35651276348626]],[[-72.63339216683303,-52.35743298912321],[-72.63494872713318,-52.35906704144928],[-72.63207523123664,-52.35815210893407],[-72.63339216683303,-52.35743298912321]],[[-72.65493447701529,-52.36184024584362],[-72.6534548421479,-52.36037119027652],[-72.65601445680271,-52.36047806300964],[-72.65493447701529,-52.36184024584362]],[[-72.608846837165,-52.33956759736881],[-72.61094792115607,-52.33897638805632],[-72.61064300060929,-52.34124406979582],[-72.608846837165,-52.33956759736881]],[[-72.89577750287667,-52.282450953760794],[-72.89964357966998,-52.280322238348305],[-72.89808406481089,-52.283758465551166],[-72.89577750287667,-52.282450953760794]],[[-72.74529724932334,-52.07626503534144],[-72.74190486765407,-52.076736887213755],[-72.74341859717977,-52.07551330515238],[-72.74529724932334,-52.07626503534144]],[[-72.73982023810404,-52.06971844522127],[-72.74355564954942,-52.07279621583841],[-72.74024350180807,-52.07398528831815],[-72.73982023810404,-52.06971844522127]],[[-73.57492763517828,-52.27935927797978],[-73.56850669941127,-52.2772377317749],[-73.57969555404155,-52.27285471873093],[-73.57492763517828,-52.27935927797978]],[[-73.56386790977687,-52.274128343206165],[-73.5537337617318,-52.27865393153104],[-73.56206682985304,-52.27191854862682],[-73.56386790977687,-52.274128343206165]],[[-73.5147127415219,-52.27406668834238],[-73.51108396369403,-52.27276952692476],[-73.5153652660662,-52.2708210104426],[-73.5147127415219,-52.27406668834238]],[[-73.56885494660253,-52.26824161760942],[-73.56995273010054,-52.266820530969895],[-73.57029856980684,-52.26696817253669],[-73.56885494660253,-52.26824161760942]],[[-73.57337457022294,-52.26582204701964],[-73.57515372586394,-52.26501875506258],[-73.57596355619428,-52.26527956674891],[-73.57337457022294,-52.26582204701964]],[[-73.57561313148676,-52.26344659870042],[-73.57944702254179,-52.26417406269905],[-73.57674700839458,-52.26453599627789],[-73.57561313148676,-52.26344659870042]],[[-73.53077960265516,-52.23490640602555],[-73.53407113495906,-52.23388058878278],[-73.53366533630081,-52.23520903548568],[-73.53077960265516,-52.23490640602555]],[[-73.5377010275962,-52.23357003500199],[-73.53469253198045,-52.23259934463812],[-73.53766218803656,-52.23254727173738],[-73.5377010275962,-52.23357003500199]],[[-73.53310490434453,-52.23244625353587],[-73.52961053783936,-52.2308470428692],[-73.53295801721916,-52.230310885831514],[-73.53310490434453,-52.23244625353587]],[[-73.53539198361686,-52.231141211552675],[-73.5365313698923,-52.22951067948603],[-73.53831695747076,-52.230243999722404],[-73.53539198361686,-52.231141211552675]],[[-73.53314967547998,-52.228890880871226],[-73.52647156103026,-52.222896017104],[-73.5347780938163,-52.22779996285701],[-73.53314967547998,-52.228890880871226]],[[-73.50944410351592,-52.221304268699484],[-73.50438706098018,-52.21888451867436],[-73.50977670744481,-52.22001947789322],[-73.50746334706054,-52.21994579668331],[-73.50944410351592,-52.221304268699484]],[[-73.5057844182524,-52.20312289612239],[-73.51053236666856,-52.201760484808744],[-73.51196366049558,-52.20222301556391],[-73.5057844182524,-52.20312289612239]],[[-73.51164655699694,-52.20088556331415],[-73.50966507290616,-52.19957154022964],[-73.51223842459828,-52.20049301913847],[-73.51164655699694,-52.20088556331415]],[[-73.50865279465015,-52.19955877757289],[-73.50761811151263,-52.2002124493799],[-73.50506119809188,-52.1988020726631],[-73.50865279465015,-52.19955877757289]],[[-73.562883528702,-52.17127175515412],[-73.56703235921415,-52.17195500977854],[-73.56531212407263,-52.17659668093177],[-73.562883528702,-52.17127175515412]],[[-73.56756801832988,-52.17312685518745],[-73.571741203966,-52.17038015625069],[-73.57164223836779,-52.17177771041754],[-73.56756801832988,-52.17312685518745]],[[-73.57164264620292,-52.16838069214685],[-73.57312691637719,-52.16769923448585],[-73.57148966849992,-52.16977761491407],[-73.57164264620292,-52.16838069214685]],[[-72.63009865015067,-52.54946571611521],[-72.6270890954212,-52.55086452308657],[-72.62715751021493,-52.54959503323183],[-72.63009865015067,-52.54946571611521]],[[-72.62980747921765,-52.55200155535588],[-72.62724184854537,-52.55232669378129],[-72.62745947171116,-52.55115438666404],[-72.62980747921765,-52.55200155535588]],[[-72.62747830938267,-52.55939184600957],[-72.63162790076787,-52.55834532109631],[-72.63239044018837,-52.55996088638199],[-72.62747830938267,-52.55939184600957]],[[-72.6345898870081,-52.560710917801615],[-72.63629979601544,-52.560509723258825],[-72.63458233576982,-52.56085196264437],[-72.6345898870081,-52.560710917801615]],[[-72.14592977266192,-52.519555122719076],[-72.14160172735227,-52.52145050544349],[-72.14392732548566,-52.51746344791113],[-72.14592977266192,-52.519555122719076]],[[-72.41173638738088,-52.64061424493059],[-72.41084131142168,-52.6394198969839],[-72.41141847450015,-52.63884498647732],[-72.41173638738088,-52.64061424493059]],[[-72.41427388192012,-52.64261546981868],[-72.41237063929398,-52.643161435144265],[-72.41318278817606,-52.64167384222872],[-72.41427388192012,-52.64261546981868]],[[-72.4178593025608,-52.64297477358414],[-72.42059492502756,-52.64278330905552],[-72.42083321124151,-52.644345227723285],[-72.4178593025608,-52.64297477358414]],[[-72.42389458798309,-52.64425700327225],[-72.42688716724867,-52.643661263227806],[-72.42580634753645,-52.645620330538634],[-72.42389458798309,-52.64425700327225]],[[-72.42377403856354,-52.64528236544956],[-72.4259032802472,-52.64602630444404],[-72.42658578875904,-52.64673871155543],[-72.42377403856354,-52.64528236544956]],[[-72.42893038446407,-52.64792773104426],[-72.43553331890763,-52.64443617512305],[-72.43314417125609,-52.6491572571467],[-72.42893038446407,-52.64792773104426]],[[-72.43346812530712,-52.65599309010223],[-72.43263919769215,-52.657774044734126],[-72.4263681566101,-52.65352605441162],[-72.43346812530712,-52.65599309010223]],[[-72.41358269208939,-52.656368233559085],[-72.41353509305743,-52.65717485759475],[-72.41259422098506,-52.65675047285735],[-72.41358269208939,-52.656368233559085]],[[-72.4280112363502,-52.65947261441501],[-72.42693649284257,-52.660293734482174],[-72.4262452428247,-52.659727983561254],[-72.4280112363502,-52.65947261441501]],[[-72.40999393600407,-52.637418768480664],[-72.41194213212367,-52.63713089624626],[-72.4095802725955,-52.63829082999882],[-72.40999393600407,-52.637418768480664]],[[-71.98575805454732,-53.52120920173187],[-71.98581913639337,-53.522779669985134],[-71.98428639671964,-53.52248382805283],[-71.98575805454732,-53.52120920173187]],[[-72.40107008364971,-53.489073814131864],[-72.40270104152339,-53.490726173590986],[-72.40066769948788,-53.4907268641072],[-72.40107008364971,-53.489073814131864]],[[-71.9190746754993,-53.50112726655136],[-71.91713819790259,-53.50127696949924],[-71.91476551187861,-53.50051686622848],[-71.9190746754993,-53.50112726655136]],[[-72.39796642051276,-53.48810800055228],[-72.39654197813641,-53.48677460400543],[-72.39889799412364,-53.48642169877174],[-72.39796642051276,-53.48810800055228]],[[-72.40161622520648,-53.48630118006712],[-72.4028867825814,-53.483993402240635],[-72.40625824877591,-53.48550384834071],[-72.40161622520648,-53.48630118006712]],[[-72.403272224517,-53.473986411100064],[-72.40398049671118,-53.47225021337183],[-72.40508071464362,-53.47272320222556],[-72.403272224517,-53.473986411100064]],[[-71.86377645003913,-53.47911315409131],[-71.87103264115395,-53.48142053079295],[-71.87178981044566,-53.483635769341184],[-71.86377645003913,-53.47911315409131]],[[-72.21099370844159,-53.455177965292044],[-72.21230938819323,-53.45433116826499],[-72.2127123912943,-53.45459127786698],[-72.21099370844159,-53.455177965292044]],[[-72.21198290807965,-53.45290266386502],[-72.206905935521,-53.45132135997001],[-72.20934005912386,-53.45050074840776],[-72.21198290807965,-53.45290266386502]],[[-71.8171612089612,-53.39294072507984],[-71.82176496340121,-53.393477728393506],[-71.81955885557365,-53.39424750217821],[-71.8171612089612,-53.39294072507984]],[[-71.82920662248621,-53.39127283003833],[-71.82512858281171,-53.39112291838598],[-71.83303364053099,-53.38453846260923],[-71.82920662248621,-53.39127283003833]],[[-72.17746976961106,-53.402371634303236],[-72.18722325385951,-53.39894439890632],[-72.18640859957614,-53.403638493668325],[-72.17746976961106,-53.402371634303236]],[[-72.13287209166067,-53.384489846376205],[-72.1304157581107,-53.38508740368232],[-72.13143019771329,-53.383719790032096],[-72.13287209166067,-53.384489846376205]],[[-72.12037946354954,-53.37822689268693],[-72.11879399456525,-53.37763702595854],[-72.11884681999554,-53.37750694693982],[-72.12037946354954,-53.37822689268693]],[[-72.30836542765049,-53.26452531889389],[-72.29885913731033,-53.26394977254638],[-72.28950311715089,-53.25981800246281],[-72.30836542765049,-53.26452531889389]],[[-72.33802203474124,-53.54486524916938],[-72.3330816303603,-53.542618669602625],[-72.33887211947777,-53.54203549640689],[-72.33802203474124,-53.54486524916938]]],[[[-75.25316580055885,-49.618195759440624],[-75.27813458796699,-49.63103481101495],[-75.2981530571867,-49.6049665939005],[-75.25399901223938,-49.56774642674078],[-75.15658804294077,-49.54666205196806],[-75.22679201840194,-49.552345187087575],[-75.14288028889764,-49.50320498995034],[-75.2514689162248,-49.55663855118367],[-75.25905733307778,-49.53886794027212],[-75.23760262750034,-49.53377345899491],[-75.30268332853818,-49.53262182364236],[-75.25796433310866,-49.49136751647377],[-75.18454105348569,-49.475040881271774],[-75.23403040580612,-49.480044120883115],[-75.18657239497306,-49.44137317280132],[-75.19798610061387,-49.436487761771104],[-75.31304940003002,-49.51571938838283],[-75.32544893033835,-49.49215158638017],[-75.30263856279262,-49.486362327476584],[-75.32266367415555,-49.48805887692908],[-75.33863703504076,-49.463706546547236],[-75.28583329727559,-49.42287586996168],[-75.37133534846333,-49.453215474705004],[-75.31066514280687,-49.43968015397486],[-75.3881143149021,-49.48475567633998],[-75.3999354846777,-49.45352928688389],[-75.3234388950929,-49.41233410180484],[-75.34168328415298,-49.410791038267696],[-75.3054709481885,-49.3825473140419],[-75.40249831170797,-49.44192639799563],[-75.43493630324267,-49.38387543051416],[-75.41679837083198,-49.3331381688092],[-75.45115040094593,-49.34613375261421],[-75.43434754111725,-49.319373597279906],[-75.4539279073628,-49.29917400361867],[-75.43829719896122,-49.277129108276085],[-75.45333676560018,-49.27492910288431],[-75.35611484136322,-49.24617070592762],[-75.32854079140911,-49.25236890058513],[-75.33951345658477,-49.265528206342424],[-75.32359029176101,-49.25280046310963],[-75.33270405784788,-49.27996711103382],[-75.40270591057349,-49.30471650309511],[-75.41509450568986,-49.326322938684584],[-75.34287395973956,-49.29122187878266],[-75.34899446653623,-49.31290892772464],[-75.3192733514249,-49.276509784198325],[-75.30314006436797,-49.30309007420925],[-75.33233587344722,-49.31493342976766],[-75.29221418524892,-49.315522504337025],[-75.30809096735963,-49.339941139587815],[-75.28321938305513,-49.33259223779392],[-75.29010594707493,-49.353184166807075],[-75.27519468231642,-49.349437788238255],[-75.23458247265052,-49.395756288515116],[-75.25105232430843,-49.40509780402487],[-75.20700756929688,-49.42523599019143],[-75.2236354597661,-49.43328806192691],[-75.20147161152696,-49.421048377392104],[-75.14640980917483,-49.466582759349315],[-75.09625952318072,-49.48100626341283],[-75.19669861448743,-49.414527346964384],[-74.94621427071888,-49.40209361452186],[-74.96846348226622,-49.39004681276744],[-75.0532705410546,-49.41259713034433],[-75.20642132425088,-49.40894964763004],[-75.20736600248514,-49.39128414190443],[-75.14234611379878,-49.391270705985356],[-75.23918702928609,-49.375882277174554],[-75.21805885053463,-49.3563703792423],[-75.24152250080276,-49.36730961883426],[-75.27422818130898,-49.31545363357622],[-75.1991573645055,-49.3259048278669],[-75.27523600212456,-49.308686299926904],[-75.30435991633667,-49.25716858445898],[-75.24086492772659,-49.26441022779162],[-75.30525768903836,-49.248418791633036],[-75.27263327731927,-49.22608080625399],[-75.21240562309426,-49.23115776425878],[-75.21661578877737,-49.282833286232346],[-75.18800504795111,-49.278670856803274],[-75.21052132324252,-49.26982605868213],[-75.21631434111748,-49.247181585759115],[-75.19822906525383,-49.248533177584726],[-75.10660343143788,-49.36618268860792],[-75.10643568543162,-49.349178606810085],[-75.02391488665201,-49.34712901637355],[-75.11539981914162,-49.33787863222095],[-75.13849644832739,-49.29779800340512],[-75.08330767090646,-49.28729093848328],[-75.14138278743755,-49.29133911492026],[-75.17202480956406,-49.25341228471417],[-75.0998340409688,-49.26201775234988],[-75.00290161769676,-49.33227803255689],[-75.0493037667112,-49.307120412347636],[-75.08785516026698,-49.25292173379203],[-75.05621226309867,-49.251553690833745],[-75.04818463834371,-49.26858031611008],[-75.05497981944463,-49.24903608407812],[-75.03243316402865,-49.23942951499383],[-74.96759967217048,-49.292574814357835],[-75.02477586076641,-49.23661760351009],[-74.97316216617388,-49.2444928690702],[-75.0406863548531,-49.219332944173416],[-74.99760367395128,-49.22028555242403],[-75.05190459876619,-49.19474113041654],[-75.0627267745722,-49.169539265789346],[-74.89549736427449,-49.29905355190629],[-74.86691563094705,-49.30282650973738],[-74.8605633650953,-49.34344121089249],[-74.87833227228222,-49.352929799337296],[-74.8573927199775,-49.37206701512028],[-74.8558254409794,-49.313819505015324],[-74.8304492738781,-49.31998731910643],[-74.85655901242693,-49.29895636270287],[-74.8480939242983,-49.21401964635324],[-74.76582390190835,-49.237110483688426],[-74.84721039618206,-49.20417184280698],[-74.84069998821276,-49.177014125189544],[-74.81040831443694,-49.15617710358949],[-74.74700499351171,-49.19033493620573],[-74.81095704134509,-49.15149900601954],[-74.81254755077644,-49.133197415034225],[-74.77750928324392,-49.112891006473575],[-74.80973855930719,-49.120207350507265],[-74.80771166897208,-49.101191845485545],[-74.78653054980599,-49.08314141430837],[-74.72426606808219,-49.08727525087019],[-74.76920555948976,-49.08175881511089],[-74.90479636746453,-48.989673150905325],[-74.83125961085824,-48.96180598384647],[-74.81341488496305,-48.981802518987614],[-74.82094669088512,-48.956395645666916],[-74.79052475330828,-48.943199506846284],[-74.77538215799107,-48.9691664854519],[-74.78947731948362,-48.96906066494943],[-74.74716307095056,-49.01240582048623],[-74.70423725476196,-49.02425289653386],[-74.74771257849471,-49.00565376564608],[-74.77318243089697,-48.96915631585684],[-74.76428157361725,-48.914965928883746],[-74.77303648340938,-48.93204194903854],[-74.93735540159388,-48.97596524023332],[-74.93284412062754,-48.95568633431323],[-74.87492067834395,-48.93428359830109],[-74.93768005902575,-48.94992272042639],[-74.95220176486973,-48.926110079453395],[-74.82364444307443,-48.8766761730398],[-74.9586429387818,-48.9125092911315],[-74.98216327094771,-48.88029959347314],[-74.84107756449971,-48.82906873049016],[-74.79574237329433,-48.83188237246149],[-74.83044540213923,-48.82392094218827],[-74.79305012328612,-48.79937851069551],[-74.97857912771137,-48.86816535909109],[-75.01514974325218,-48.82328580125038],[-74.99738058813026,-48.767579563368685],[-74.85155690187081,-48.824085313520555],[-74.84187294722533,-48.814231238211896],[-74.93311437428918,-48.7802448838221],[-74.90737721469938,-48.78152573150193],[-74.92527990259168,-48.763127781633706],[-74.88995481826029,-48.74829111446151],[-74.9505046523636,-48.759771499216136],[-74.93719160458161,-48.775154219013785],[-74.9697648653301,-48.75517393873339],[-74.86287201471423,-48.72558482751307],[-74.80747230388145,-48.69687330108618],[-74.81942742234739,-48.68632760820365],[-74.77975244567864,-48.70373596953768],[-74.79850645708422,-48.68435983375846],[-74.76692144914944,-48.66857470950799],[-74.73953624752593,-48.705279355904295],[-74.76595655432973,-48.737266021030536],[-74.80255077130799,-48.71367394176072],[-74.79845415357512,-48.75288903770814],[-74.7465540823582,-48.79125293534912],[-74.77354517959184,-48.74689281332167],[-74.74561977158066,-48.73117718472616],[-74.72497851923907,-48.740695684772554],[-74.75190043631437,-48.677338937302636],[-74.68304505847013,-48.65284414612149],[-74.64299075649456,-48.68819258203751],[-74.58454446507122,-48.704658336323504],[-74.63009788939847,-48.73056750464739],[-74.5797550360485,-48.709758492214974],[-74.56574119364872,-48.732503341694155],[-74.58415920010376,-48.779519786472186],[-74.57366376761772,-48.821232042983],[-74.64230044162291,-48.86230886001557],[-74.62473984566553,-48.865188010013256],[-74.56324094326115,-48.829303587528265],[-74.56682522663468,-48.775873369488735],[-74.54350705044197,-48.72386114091328],[-74.46468221449035,-48.70009008379971],[-74.45580476101874,-48.75638836608741],[-74.48139704660771,-48.76311645033305],[-74.45881691098106,-48.76418584536963],[-74.46449959417959,-48.87305826567088],[-74.57595039952903,-48.9540302216344],[-74.46199099934135,-48.88412636162181],[-74.40682484599087,-48.94683455526182],[-74.42096120422235,-48.98056144716453],[-74.44153794495011,-48.9723842434344],[-74.43280617665803,-48.99579114709098],[-74.51405218340447,-49.015743544292526],[-74.44985331715856,-49.018217832243415],[-74.43767744849136,-49.071116254631264],[-74.40329306465412,-49.092816602068254],[-74.39910274455225,-49.121712761003856],[-74.41533540953412,-49.128983864299634],[-74.41133449651498,-49.111565279381914],[-74.43044042562806,-49.12744087476895],[-74.40079651981709,-49.16772807956649],[-74.39264976408244,-49.2521288992443],[-74.41320129179513,-49.26668174985276],[-74.3872449315979,-49.300899009677046],[-74.40382759548584,-49.34420622638427],[-74.42554477531456,-49.33705550909637],[-74.41464548273467,-49.39031379586231],[-74.4465866780695,-49.48093231381832],[-74.47152371272729,-49.50801462325445],[-74.52939833876168,-49.490913452156576],[-74.54941123483339,-49.51263516883032],[-74.51650161699472,-49.50522038871769],[-74.52052980106927,-49.53202557759919],[-74.47947553045204,-49.51402284641413],[-74.44451917040878,-49.60872243466657],[-74.49852205307705,-49.61936293634871],[-74.50422854971545,-49.602950220419466],[-74.52701799819319,-49.64403063628393],[-74.55664158590905,-49.637285009611304],[-74.51084665580586,-49.67394111412224],[-74.53543555286686,-49.69021474721819],[-74.50294114982728,-49.67271460063372],[-74.52071073254729,-49.644220909078165],[-74.50753421701036,-49.622244781608394],[-74.47608685972321,-49.636031366017164],[-74.47155738877066,-49.621160511039534],[-74.43994743282381,-49.62408201084473],[-74.38929674838555,-49.678633818465784],[-74.38137746404712,-49.74462704945362],[-74.39760270535149,-49.772018036724006],[-74.46487290346896,-49.738936857259326],[-74.5454887725863,-49.735924215797375],[-74.4764153215203,-49.74378544000043],[-74.40425178625121,-49.782533628499024],[-74.39764085859824,-49.853221910145734],[-74.41819777350767,-49.87772596421881],[-74.40640858645114,-49.90204315390746],[-74.4272815915596,-49.907761534375624],[-74.43769472219594,-49.867331531072715],[-74.4791986067994,-49.84057754787898],[-74.44580687572419,-49.86787171923081],[-74.43440750450034,-49.918780392771595],[-74.49849760183335,-49.97976610876549],[-74.61631762604055,-49.89897133950364],[-74.60578159509359,-49.87352051689563],[-74.6310890850931,-49.876530802444805],[-74.51235169952109,-49.98470648345497],[-74.63417237264278,-50.058900812910615],[-74.66238267056653,-50.05228558366439],[-74.63594411358943,-50.02957497062254],[-74.68884732360264,-50.040484969138255],[-74.63736563733943,-49.987934959178425],[-74.69863015401481,-50.03601322613171],[-74.70311357552926,-50.01614242076088],[-74.70582133045926,-50.04266059925399],[-74.75382921085753,-50.04746373125671],[-74.80346273379793,-50.03351576980649],[-74.79264784782043,-49.997566799406826],[-74.7531215998234,-49.98849410051446],[-74.78955421706858,-49.990157087348315],[-74.81487644213368,-50.02122532355379],[-74.78147312099466,-50.04867127516111],[-74.79612864527323,-50.05475857303918],[-74.82720798883963,-50.04327272989135],[-74.81802006682605,-50.01307272166784],[-74.83445548605911,-50.04147278678965],[-74.86768901033808,-50.02843539376572],[-74.85856204710137,-50.00248691484945],[-74.88072206672076,-49.99159941637896],[-74.82704487814023,-49.96591690623033],[-74.8431132098156,-49.96233744936365],[-74.8295397916367,-49.95096121546285],[-74.71419168225803,-49.909203130899556],[-74.61621760671852,-49.95199821874037],[-74.64964039075649,-49.93267149434811],[-74.6522310916117,-49.904184221608126],[-74.66355976272773,-49.92527486404808],[-74.70839232856534,-49.89551332205152],[-74.87030766227336,-49.97336213543781],[-74.88517509733084,-49.94360173535718],[-74.91331286797352,-49.935916052561446],[-74.89926342533902,-49.88013681296192],[-74.86273673831393,-49.87947488464191],[-74.8889401262311,-49.86939681618316],[-74.86805467765933,-49.84766804865774],[-74.77170485496819,-49.87409893077651],[-74.61126759934719,-49.793469535642465],[-74.77708121984135,-49.85972263050296],[-74.81377324808271,-49.85006560909151],[-74.83037224064756,-49.83285044557092],[-74.79998477861467,-49.77715118229221],[-74.72317692098731,-49.76466602892276],[-74.75654402115576,-49.76317020895428],[-74.70764239610153,-49.72081580886176],[-74.73276455377646,-49.71811591201199],[-74.73694180069599,-49.746611732797994],[-74.80629735599885,-49.77013963116747],[-74.83450043056942,-49.81522676370908],[-74.88583177478668,-49.78301412134581],[-74.88587003044135,-49.739380065757736],[-74.82636835150987,-49.720296630004555],[-74.87597377245322,-49.70865687372586],[-74.8888275664277,-49.65871973967348],[-74.89903828686757,-49.691705466316904],[-74.91198806493185,-49.67357879601428],[-74.8822199346935,-49.64495711848404],[-74.80776154343664,-49.677715787472984],[-74.87874918669378,-49.638341679929226],[-74.87295944856791,-49.59634559871404],[-74.75192107510802,-49.63575547373478],[-74.70589056810978,-49.62079848020624],[-74.67590120707148,-49.633700577285396],[-74.70185217558036,-49.613901789092],[-74.73794660496883,-49.6290609490198],[-74.77055455685696,-49.61612691723479],[-74.72268431452991,-49.57915633793294],[-74.72409621462826,-49.54943516497793],[-74.73168347804442,-49.57996297459695],[-74.78541786864729,-49.61234580313758],[-74.82075437775248,-49.58507558541198],[-74.86759357062736,-49.5817595735625],[-74.87335104216656,-49.53037685496733],[-74.74991871955993,-49.461202597521996],[-74.725255677352,-49.51395145755235],[-74.70095417560489,-49.51648790054914],[-74.71986837908351,-49.512834195458304],[-74.72815931981117,-49.45857604357626],[-74.74637159589646,-49.45873168379222],[-74.68379696183764,-49.42404501291921],[-74.60452768709413,-49.429197428345475],[-74.70586095963802,-49.41405579238236],[-74.58141414622484,-49.320133319341586],[-74.58719285393735,-49.30607697488202],[-74.709609097516,-49.40338111408004],[-74.71885571275529,-49.379096559820866],[-74.7481424430194,-49.38278958016688],[-74.76394746231533,-49.34676368955606],[-74.80554799127032,-49.33228626044032],[-74.76854827926435,-49.38438913399398],[-74.73473154894002,-49.3878550140651],[-74.71694195085716,-49.41294495427838],[-74.7813275642742,-49.46934582497904],[-74.8035287662595,-49.46981399878775],[-74.7941071439315,-49.452329063663726],[-74.86055373964703,-49.503987985270065],[-74.85612144844193,-49.38750181337237],[-74.86785963185157,-49.500159410320066],[-74.9347990154842,-49.539805484998666],[-74.94341385456734,-49.5091653666112],[-74.91652495596863,-49.46928046029004],[-74.93710675151648,-49.48062182176993],[-74.94000636772655,-49.429011895604475],[-74.95167550123358,-49.493139678664676],[-74.99747436685603,-49.47819138835404],[-74.951921527332,-49.49593163388212],[-74.96116681486133,-49.540795837377416],[-75.02289192383402,-49.509529304687256],[-74.9620353869264,-49.54978405581653],[-74.96984278609617,-49.57365260152547],[-75.00607012302758,-49.55352277700163],[-74.97072006103971,-49.575247362325655],[-74.9745198394701,-49.59317051620151],[-75.08822181753166,-49.53395875205614],[-74.97263917240537,-49.60744302739647],[-74.99673517554807,-49.620225977812076],[-74.9843524473288,-49.62522265053161],[-75.02692144729664,-49.624720670197384],[-74.97958823671105,-49.62917237388802],[-75.01147952703859,-49.69906897034854],[-74.96640975206704,-49.61315302023706],[-74.92442018342373,-49.624056793551766],[-74.97274573685256,-49.706643549283456],[-74.99202193803447,-49.71660005599733],[-74.99103270605708,-49.684296471280696],[-75.01502310145837,-49.71909209980699],[-74.99476034887186,-49.734347482005845],[-75.01386169298374,-49.76449862432065],[-75.00431195023496,-49.792295185370335],[-74.99306939701196,-49.74834051527915],[-74.9749488505953,-49.7479792915452],[-74.99137849366109,-49.73871921351042],[-74.9634231052756,-49.70921119610088],[-74.95061239540047,-49.74875868486032],[-74.9325606329851,-49.73561312112024],[-74.91629198957779,-49.74894106158836],[-74.9284777729508,-49.80425520377915],[-74.95271484932236,-49.79633129761626],[-74.93486277251318,-49.81394457134988],[-74.95629478574821,-49.8012587509124],[-74.94985900442282,-49.82232885559293],[-74.97519846815824,-49.82696577611425],[-74.96403646686677,-49.84090298261856],[-75.0160275284388,-49.85988845923863],[-74.97322753208553,-49.86596147968695],[-74.99625105637348,-49.87333250922564],[-74.97948872942872,-49.87635602473929],[-74.99685349445076,-49.89902266296987],[-75.06272911737847,-49.90261644342937],[-75.03005098460875,-49.834731996477004],[-75.0617033590033,-49.868485390323855],[-75.12747033339232,-49.853142043100526],[-75.17625722022856,-49.77039344968982],[-75.12248027373573,-49.747664568555315],[-75.182686744788,-49.760459849730495],[-75.2074906554089,-49.71687883205133],[-75.18953763131799,-49.71322841347635],[-75.22767960330998,-49.68592713185853],[-75.1501090822946,-49.66890260264543],[-75.2340292927935,-49.677325342604895],[-75.2076067932021,-49.65792787548995],[-75.2383572707295,-49.67169814661841],[-75.25287017128706,-49.65598431404572],[-75.14763305408036,-49.65452673930409],[-75.12918502143698,-49.636985688822946],[-75.23339935548871,-49.63945077106266],[-75.1406965401375,-49.573919396286016],[-75.22780376216035,-49.63049247748339],[-75.25331205886353,-49.632337760089],[-75.23198883969421,-49.61732156098981],[-75.25316580055885,-49.618195759440624]],[[-75.23058198902606,-49.614719246448914],[-75.22386345218521,-49.61925416908996],[-75.20566967061498,-49.6132907264599],[-75.23058198902606,-49.614719246448914]],[[-75.22690175749536,-49.62208038617091],[-75.22897327343885,-49.62427099057091],[-75.22118399418666,-49.623839756929996],[-75.22690175749536,-49.62208038617091]],[[-75.23415183287972,-49.62952403130005],[-75.2387410094593,-49.631151367887036],[-75.23278658229407,-49.63146103125376],[-75.23415183287972,-49.62952403130005]],[[-75.00926815418514,-49.70166967210788],[-75.0138212427448,-49.702635130186046],[-75.01633392581591,-49.70923069785992],[-75.00926815418514,-49.70166967210788]],[[-74.9653690421323,-49.79593852271643],[-74.9633453929187,-49.79705857590745],[-74.96297926655834,-49.79669752780015],[-74.9653690421323,-49.79593852271643]],[[-74.95631371684452,-49.79748212157727],[-74.95622948182034,-49.79805189906779],[-74.95589445872838,-49.79767196793946],[-74.95631371684452,-49.79748212157727]],[[-75.05816928516593,-49.79736795443897],[-75.05775623171347,-49.79790359985772],[-75.05764568413629,-49.79754669066978],[-75.05816928516593,-49.79736795443897]],[[-74.96120179705512,-49.80315244859747],[-74.96059248506926,-49.80640061578861],[-74.95452707913552,-49.804399435569024],[-74.96120179705512,-49.80315244859747]],[[-75.05593756097973,-49.798868312138005],[-75.05613556044814,-49.798368439285525],[-75.05632345386958,-49.79872527515519],[-75.05593756097973,-49.798868312138005]],[[-74.95672452091554,-49.814216777166514],[-74.96053169966724,-49.81321861096764],[-74.96091722334953,-49.81418259900153],[-74.95672452091554,-49.814216777166514]],[[-74.96212961031821,-49.815753556429854],[-74.9606949145712,-49.816145843676296],[-74.96025412204109,-49.81543169285619],[-74.96212961031821,-49.815753556429854]],[[-74.95661138169875,-49.81735805223525],[-74.95743926636966,-49.817001398328486],[-74.95837647151905,-49.81767991864576],[-74.95661138169875,-49.81735805223525]],[[-74.96074830683844,-49.81821624932603],[-74.96136582044284,-49.817176888086806],[-74.96157587530234,-49.81828791643684],[-74.96074830683844,-49.81821624932603]],[[-74.96390044037318,-49.817730857886154],[-74.96268063152361,-49.816574771132295],[-74.96466605832016,-49.8173964686295],[-74.96390044037318,-49.817730857886154]],[[-75.0006648997759,-49.84871062588741],[-75.00308152419704,-49.85047880598057],[-74.99735778978665,-49.85302832174537],[-74.99627675897037,-49.849533016540384],[-75.0006648997759,-49.84871062588741]],[[-74.93360039070566,-49.74054588347301],[-74.93442783250711,-49.73961821960403],[-74.9349771783545,-49.740796501451456],[-74.93360039070566,-49.74054588347301]],[[-74.94764374276252,-49.742980430281676],[-74.95122793540621,-49.73923385863449],[-74.95265722778677,-49.74205443492684],[-74.94764374276252,-49.742980430281676]],[[-74.95321938989832,-49.72583108169974],[-74.95417701555074,-49.726030072783225],[-74.95272051769182,-49.726774615470156],[-74.95321938989832,-49.72583108169974]],[[-74.97108099064613,-49.56215819875021],[-74.97422374307438,-49.561341408322136],[-74.97458219782219,-49.562509460464],[-74.97108099064613,-49.56215819875021]],[[-75.17202294555985,-49.48841257786124],[-75.174006003499,-49.48718934952385],[-75.17635210388212,-49.48847135853967],[-75.17202294555985,-49.48841257786124]],[[-74.86939337314686,-49.44615530199039],[-74.86850513965517,-49.44800224138712],[-74.86795959278312,-49.4455297077642],[-74.86939337314686,-49.44615530199039]],[[-74.86713632365615,-49.45052061980286],[-74.87011605252157,-49.45124389930076],[-74.86978046708425,-49.45287545542134],[-74.86713632365615,-49.45052061980286]],[[-74.87675546395558,-49.414699774973265],[-74.87663946989284,-49.41231171781194],[-74.87858951384699,-49.413030175827615],[-74.87675546395558,-49.414699774973265]],[[-74.44813726008141,-49.41442071747234],[-74.44551950286814,-49.41364663316581],[-74.44799412701562,-49.40766102979349],[-74.44813726008141,-49.41442071747234]],[[-74.53046601971454,-49.51773940085309],[-74.52566040035543,-49.51572073387523],[-74.53389354976592,-49.51094674469086],[-74.53046601971454,-49.51773940085309]],[[-74.83656190244973,-49.54132688571451],[-74.83114089220525,-49.53872798824388],[-74.82907313571121,-49.534838077640956],[-74.83656190244973,-49.54132688571451]],[[-74.78264216155596,-49.55319706184608],[-74.82857325379833,-49.584161214473916],[-74.7914343828734,-49.56579330222005],[-74.78264216155596,-49.55319706184608]],[[-74.54198505731397,-49.730303309159815],[-74.54737217591942,-49.73357805516321],[-74.54107656411769,-49.733708114345134],[-74.54198505731397,-49.730303309159815]],[[-74.48718074625826,-49.836741148073976],[-74.48133472508655,-49.83963931987685],[-74.48598514970053,-49.8358411523561],[-74.48718074625826,-49.836741148073976]],[[-74.8997963607628,-49.928204576312304],[-74.89521461504724,-49.92968485868206],[-74.89404418658883,-49.92888583671481],[-74.8997963607628,-49.928204576312304]],[[-74.60588212555703,-49.93890027851194],[-74.6054991252424,-49.93981996472581],[-74.60460329469835,-49.93913822175553],[-74.60588212555703,-49.93890027851194]],[[-74.65115602650722,-49.982452023261615],[-74.65169887843342,-49.990548410031565],[-74.64403603975241,-49.9897496120575],[-74.65115602650722,-49.982452023261615]],[[-74.87288530342099,-49.99377925409547],[-74.87377295031278,-49.99608456119703],[-74.8710383770783,-49.995217460406515],[-74.87288530342099,-49.99377925409547]],[[-74.83380696979764,-50.031063685947366],[-74.8384494883388,-50.03354645820362],[-74.83431299618707,-50.032609030301906],[-74.83380696979764,-50.031063685947366]],[[-74.81270300782961,-50.04196084089097],[-74.80858864836988,-50.042577333847646],[-74.80874321698923,-50.04034997317172],[-74.81270300782961,-50.04196084089097]],[[-74.65350307910455,-50.01647498087852],[-74.64614352423987,-50.01533262204445],[-74.64783925244214,-50.00398603972929],[-74.65350307910455,-50.01647498087852]],[[-74.65549907997031,-50.016395251766866],[-74.6605102805788,-50.0204816024142],[-74.65536769058023,-50.03476561658041],[-74.65549907997031,-50.016395251766866]],[[-74.66660865468347,-50.034426435492364],[-74.66465576037496,-50.02837646360795],[-74.6711370117251,-50.03134582352444],[-74.66660865468347,-50.034426435492364]],[[-74.6009783616599,-49.89259725026698],[-74.59748298365172,-49.89473582287498],[-74.59426976018608,-49.891470981005746],[-74.6009783616599,-49.89259725026698]],[[-74.5854100277801,-49.90991775103554],[-74.5835948461029,-49.909870787802184],[-74.58727332591882,-49.90434471714394],[-74.5854100277801,-49.90991775103554]],[[-74.4182289549295,-49.1737608696776],[-74.42240915281475,-49.17298236196686],[-74.42395387242112,-49.17812318990638],[-74.4182289549295,-49.1737608696776]],[[-74.42741204131191,-49.16206786549014],[-74.43383586606086,-49.16698015706604],[-74.42681281650839,-49.16395829891281],[-74.42741204131191,-49.16206786549014]],[[-74.72061649156055,-49.08664979982442],[-74.70856700866729,-49.083336875319],[-74.70662194766801,-49.078631489670556],[-74.72061649156055,-49.08664979982442]],[[-74.81728473557888,-48.820245300053095],[-74.82133021851084,-48.8228264863504],[-74.81740564612117,-48.82276938559985],[-74.81728473557888,-48.820245300053095]],[[-74.60304097440061,-48.70111544085788],[-74.60928511363487,-48.70275528668245],[-74.60690190833893,-48.70403250409456],[-74.60304097440061,-48.70111544085788]],[[-74.62669634401499,-48.69289942732183],[-74.62454513133613,-48.69208317824769],[-74.62613653908276,-48.6908030045479],[-74.62669634401499,-48.69289942732183]],[[-74.8690368731331,-48.7275729890765],[-74.87283169016818,-48.72972314130717],[-74.87171472314728,-48.730178420453065],[-74.8690368731331,-48.7275729890765]],[[-74.7910287800479,-48.707798337416015],[-74.7956730359308,-48.704812810435165],[-74.79732725478043,-48.70630825899168],[-74.7910287800479,-48.707798337416015]],[[-74.7863097654687,-48.705739595944],[-74.78348122576055,-48.706288800419195],[-74.78379405956667,-48.70366535090838],[-74.7863097654687,-48.705739595944]],[[-74.93558878373929,-48.8106386593587],[-74.93573759415767,-48.80352553075574],[-74.9405493876377,-48.80815561559062],[-74.93558878373929,-48.8106386593587]],[[-74.96523505211944,-48.84201322730998],[-74.98905919720941,-48.84622243817141],[-74.96564635116216,-48.84545338882111],[-74.96523505211944,-48.84201322730998]],[[-74.96603147599247,-48.8545867988481],[-74.97513756777185,-48.856209540557344],[-74.96822062452578,-48.85982242225574],[-74.96603147599247,-48.8545867988481]],[[-74.9514923437303,-48.88115175172894],[-74.94676231041583,-48.88298105902339],[-74.95268888172244,-48.88555742342287],[-74.94188375953378,-48.88332519070941],[-74.9514923437303,-48.88115175172894]],[[-74.939406746766,-48.883571327821656],[-74.93984489735087,-48.8936689399485],[-74.93017025643826,-48.887327880830554],[-74.939406746766,-48.883571327821656]],[[-75.10985859005761,-49.263631051506415],[-75.11381749605746,-49.2629361365405],[-75.1131257295083,-49.26646524454661],[-75.10985859005761,-49.263631051506415]],[[-75.42658175909793,-49.29994990572319],[-75.42555048506694,-49.296778047708344],[-75.42928716134021,-49.29564329760956],[-75.42658175909793,-49.29994990572319]],[[-75.34447342896756,-49.45930661558093],[-75.34473412006301,-49.458876192060075],[-75.34473586099804,-49.45913402493641],[-75.34447342896756,-49.45930661558093]],[[-75.32984246013727,-49.459735956878376],[-75.32759469922661,-49.458754130107806],[-75.32811860119187,-49.45823700565701],[-75.32984246013727,-49.459735956878376]]],[[[-74.95986055304711,-48.60123175005336],[-74.92958087896686,-48.645775677781096],[-74.9288127708899,-48.629970293451244],[-74.82752578853263,-48.64271288882487],[-74.80631617929733,-48.62868333840793],[-74.76518105221967,-48.6564081328387],[-74.87582590885913,-48.72029412650382],[-74.96723156771986,-48.74588841762917],[-74.98746086345193,-48.73675240409789],[-74.96635893437141,-48.665081811443244],[-74.86686649579597,-48.69907349501183],[-74.85055143464128,-48.69003593515721],[-74.95917247857378,-48.65591813871759],[-74.96586473430268,-48.61952915756266],[-74.94670460803188,-48.621030211081816],[-74.95986055304711,-48.60123175005336]],[[-74.85329702211946,-48.697936303160176],[-74.848845073081,-48.69543605658982],[-74.85274958609037,-48.69680728224431],[-74.85329702211946,-48.697936303160176]],[[-74.87764716584259,-48.700647610551],[-74.8773929623801,-48.702690423920494],[-74.87568790068204,-48.701219063696676],[-74.87764716584259,-48.700647610551]],[[-74.88037915731894,-48.70340735653149],[-74.8835319035047,-48.70273838550852],[-74.88161914861801,-48.70417747215406],[-74.88037915731894,-48.70340735653149]]],[[[-75.00496784256323,-48.59587256245037],[-74.99153445646579,-48.673301846413125],[-75.04677719838075,-48.826210300419376],[-75.17540119493309,-48.76392846454685],[-75.21772181341983,-48.76263805642836],[-75.21737356802521,-48.74745550667455],[-75.18414781776669,-48.764794906910545],[-75.21491751924118,-48.74330849251975],[-75.16059781514527,-48.71228568013103],[-75.10639834246527,-48.72095526232439],[-75.15292211348769,-48.70384479986159],[-75.07300332445442,-48.67524867641981],[-75.09356437251247,-48.67173775498262],[-75.00496784256323,-48.59587256245037]]]]}},{"type":"Feature","properties":{"objectid":1088,"cir_sena":14,"codregion":11,"area_km":106703.37736925,"st_area_sh":224274263072,"st_length_":41444810.6247,"Region":"Región de Aysén del Gral.Ibañez del Campo"},"geometry":{"type":"MultiPolygon","coordinates":[[[[-75.23463630958379,-48.61691209053177],[-75.21112091994857,-48.694005966040265],[-75.23245701826409,-48.69715318944286],[-75.23097979716985,-48.6845229774172],[-75.29372252039134,-48.72375760380867],[-75.32688279604204,-48.716146902571595],[-75.29542389181023,-48.69800646142646],[-75.34159376433996,-48.71329436351284],[-75.29245310926673,-48.65044664266265],[-75.23463630958379,-48.61691209053177]]],[[[-75.25030030865149,-48.58529758254823],[-75.24974924612359,-48.619098545032394],[-75.34447097656684,-48.684620424960904],[-75.35883598388591,-48.714106911475774],[-75.42652968915081,-48.73842298062676],[-75.39768734737292,-48.72248351059377],[-75.41058900538236,-48.72529453669371],[-75.39642522607683,-48.69920932477547],[-75.42657426804679,-48.735185733159625],[-75.5223818838021,-48.770955094459886],[-75.57989347008747,-48.75455407639181],[-75.59724316497231,-48.731496324503354],[-75.59514694715513,-48.65017510308978],[-75.45414063201532,-48.70129751229266],[-75.4639461898042,-48.69091352915555],[-75.44672412216501,-48.67860435665162],[-75.35782243900535,-48.651208729877766],[-75.25030030865149,-48.58529758254823]],[[-75.26036068974035,-48.61342586085655],[-75.2635882727758,-48.60816009678692],[-75.26631140866009,-48.60834996803606],[-75.26036068974035,-48.61342586085655]],[[-75.5600624828608,-48.6627276416552],[-75.56089988518214,-48.66048614336244],[-75.56228418274678,-48.662193170898334],[-75.5600624828608,-48.6627276416552]],[[-75.58840313082388,-48.65263693494114],[-75.58918228548389,-48.651680869284355],[-75.59012750630055,-48.65262813827165],[-75.58840313082388,-48.65263693494114]],[[-75.58549750308792,-48.73290914074561],[-75.58480847280714,-48.733464715412474],[-75.58459073645362,-48.73268370335504],[-75.58549750308792,-48.73290914074561]]],[[[-74.26864950858689,-48.51162492358647],[-74.39030388468487,-48.5659856390247],[-74.39053456935487,-48.540933342911266],[-74.36823126934598,-48.55291779836347],[-74.26864950858689,-48.51162492358647]]],[[[-74.44912522453593,-48.46068884412957],[-74.43960713751946,-48.49208992268617],[-74.46499462069838,-48.49098202802503],[-74.47444380333931,-48.47384503028165],[-74.44912522453593,-48.46068884412957]]],[[[-75.30820697849038,-48.48576490126376],[-75.29628774682173,-48.4977836057088],[-75.30796521579627,-48.475367487400035],[-75.28648008787343,-48.4224336605902],[-75.25357038559314,-48.42075276912585],[-75.24126651508277,-48.43539820368283],[-75.27403306363601,-48.47532842710814],[-75.2575432648872,-48.49925773150507],[-75.32020109192447,-48.52203860904049],[-75.24844406498266,-48.51577701011697],[-75.2216163290784,-48.55590758997506],[-75.23228744059297,-48.5878635847641],[-75.2651504493431,-48.56162237655101],[-75.26598802683591,-48.58956141536049],[-75.45435706401504,-48.67964417052238],[-75.56336672991922,-48.64195868407238],[-75.53104344875474,-48.617414878339154],[-75.40843885541048,-48.629887692329056],[-75.43543565425122,-48.623835848596535],[-75.32773948159927,-48.560783333204235],[-75.44027087040396,-48.618024494497234],[-75.49029106417525,-48.611319055463454],[-75.32166406843325,-48.52330728705384],[-75.50126681057235,-48.609108282921085],[-75.54031477574918,-48.598336107568684],[-75.5123124270339,-48.59023880980797],[-75.58402480590946,-48.59285527666113],[-75.6002304441777,-48.56144144544568],[-75.58844397542322,-48.55161217125012],[-75.60417496725151,-48.53130403440855],[-75.57894353131893,-48.52749443673821],[-75.59506067924346,-48.50377584165108],[-75.57586792077164,-48.48378945220925],[-75.59873144432771,-48.45046718542065],[-75.54872787657571,-48.45223414087706],[-75.54271486937247,-48.41683720576779],[-75.46511982075658,-48.44911255094096],[-75.47095048253355,-48.468298144877885],[-75.39383608290032,-48.43709988133077],[-75.44365650931873,-48.439049339688474],[-75.35277633255984,-48.40592001159472],[-75.3496898730589,-48.43412578213937],[-75.36876047772006,-48.446239143775024],[-75.34388567385358,-48.453736115070626],[-75.34135485739016,-48.4194194940915],[-75.29111005874668,-48.40522784518346],[-75.30728696979047,-48.47000227063412],[-75.34201350125814,-48.47496953838792],[-75.30820697849038,-48.48576490126376]],[[-75.29250688780954,-48.50038758816543],[-75.29533248284018,-48.50007227458198],[-75.29565996367701,-48.50059520051127],[-75.29250688780954,-48.50038758816543]],[[-75.57577808295504,-48.490676739999145],[-75.57585454755203,-48.491037384605676],[-75.575416254135,-48.490702591331825],[-75.57577808295504,-48.490676739999145]],[[-75.57466966609901,-48.49193390072731],[-75.5769238248111,-48.49271695140001],[-75.57700341285033,-48.49334243167199],[-75.57466966609901,-48.49193390072731]],[[-75.30946517325036,-48.523342374683374],[-75.30728810436266,-48.52303866305795],[-75.30668817348332,-48.52231775163088],[-75.30946517325036,-48.523342374683374]],[[-75.57251755061328,-48.51901713218162],[-75.5714074682807,-48.51926901592372],[-75.5722270830611,-48.51855981446519],[-75.57251755061328,-48.51901713218162]],[[-75.57579497577395,-48.5218039097636],[-75.57482639247168,-48.5222708297326],[-75.57518939179653,-48.52156043450957],[-75.57579497577395,-48.5218039097636]],[[-75.58912680732855,-48.53581382111872],[-75.58969625298042,-48.53691985261688],[-75.58839147967463,-48.53640294095533],[-75.58912680732855,-48.53581382111872]],[[-75.58626734401506,-48.541249880811414],[-75.58683611143888,-48.54229437665355],[-75.58566229902681,-48.54106823569392],[-75.58626734401506,-48.541249880811414]],[[-75.59115865546572,-48.543011555429],[-75.592912399564,-48.54223240657486],[-75.59144526026219,-48.543718579170324],[-75.59115865546572,-48.543011555429]],[[-75.5644687354991,-48.591221154335976],[-75.56204756380599,-48.591304361211286],[-75.56272463571372,-48.589266003774014],[-75.5644687354991,-48.591221154335976]],[[-75.56150110783886,-48.590557332192176],[-75.56092531199626,-48.59202400800866],[-75.55990040881724,-48.59181476093541],[-75.56150110783886,-48.590557332192176]],[[-75.28880610462174,-48.527278221964885],[-75.28575287290484,-48.53629046028807],[-75.28242248217668,-48.53669276271749],[-75.28880610462174,-48.527278221964885]],[[-75.34165032855846,-48.57279617787202],[-75.33717926606569,-48.572416943051536],[-75.33940852257982,-48.57166902854942],[-75.34165032855846,-48.57279617787202]],[[-75.34907268284799,-48.57613052404894],[-75.34385378905088,-48.57679608633259],[-75.34358742239947,-48.57601707254587],[-75.34907268284799,-48.57613052404894]],[[-75.45632671190363,-48.66262900603855],[-75.45081724545146,-48.6645011517562],[-75.45406944591895,-48.661471336004126],[-75.45632671190363,-48.66262900603855]],[[-75.47409095324096,-48.663041302594465],[-75.48003653020402,-48.66804355066801],[-75.48087110912041,-48.6728429399353],[-75.47409095324096,-48.663041302594465]],[[-75.27311217548542,-48.43861060609905],[-75.27467139300217,-48.424985150943954],[-75.27754476852446,-48.43383660325328],[-75.27311217548542,-48.43861060609905]]],[[[-74.46291055259543,-48.372435059468465],[-74.23490593705928,-48.47224811434852],[-74.35975080475463,-48.537287731738196],[-74.41273375102908,-48.51279821286525],[-74.39744943030612,-48.45859331125455],[-74.45396754007439,-48.43161064150675],[-74.46149220977985,-48.401226786762315],[-74.43973506390414,-48.39219070603584],[-74.46413159932345,-48.38884028828254],[-74.46291055259543,-48.372435059468465]],[[-74.41356831826737,-48.43273659914275],[-74.41861217353477,-48.43340246766794],[-74.41426602717215,-48.43482102096209],[-74.41356831826737,-48.43273659914275]],[[-74.39253585950104,-48.45163634735855],[-74.39104881443085,-48.45022783495722],[-74.39376742100946,-48.44924168160727],[-74.39253585950104,-48.45163634735855]],[[-74.34904282997407,-48.474186397098876],[-74.3593619752721,-48.47567634903803],[-74.35905807521148,-48.47928350821954],[-74.34904282997407,-48.474186397098876]],[[-74.33844486737475,-48.51288441535442],[-74.33775772984427,-48.51474027553217],[-74.33593654382773,-48.51316356435382],[-74.33844486737475,-48.51288441535442]]],[[[-74.13016158351518,-48.352807778185145],[-74.06320016690357,-48.397485551173766],[-74.0059201636035,-48.392803985110184],[-73.98549242912686,-48.41175152743356],[-73.99347868466636,-48.49618187920468],[-74.14796551781164,-48.44024415882669],[-74.13437881175305,-48.425164763995184],[-74.20027974201892,-48.39188041487367],[-74.19648373202114,-48.36404951562298],[-74.13016158351518,-48.352807778185145]],[[-74.00803080477088,-48.47678417550717],[-74.01594483037164,-48.47974804449155],[-74.00421389097643,-48.47866357900079],[-74.00803080477088,-48.47678417550717]]],[[[-75.40763484885814,-48.24608798370559],[-75.43499573578185,-48.312139091228346],[-75.45423704370319,-48.292831174437914],[-75.45456207483426,-48.305965956159625],[-75.47820186047507,-48.30037139776989],[-75.44241027472845,-48.32141671336775],[-75.49351547795439,-48.32240987011493],[-75.49157352961758,-48.27775138646414],[-75.40763484885814,-48.24608798370559]],[[-75.46699364984539,-48.27993136869926],[-75.46319928286626,-48.28108767269156],[-75.46528064434528,-48.27953341532066],[-75.46699364984539,-48.27993136869926]],[[-75.47219946596861,-48.28013488824927],[-75.47244664999546,-48.2797690270277],[-75.47265333347771,-48.27995058626515],[-75.47219946596861,-48.28013488824927]],[[-75.48535982620346,-48.29732548695932],[-75.48076870926288,-48.29686863351898],[-75.48330145171425,-48.29522573300097],[-75.48535982620346,-48.29732548695932]],[[-75.4769285308992,-48.31925908768021],[-75.48373821530035,-48.322099886577185],[-75.46951598890747,-48.31680759916261],[-75.4769285308992,-48.31925908768021]]],[[[-74.27837240070835,-48.27189966693244],[-74.23478538763972,-48.29670743933324],[-74.24810585730262,-48.332191854222465],[-74.21546016000285,-48.39068740662382],[-74.14059315386935,-48.4277805312949],[-74.15659931044895,-48.44657186372452],[-74.22783271929309,-48.46862185224965],[-74.29467578735759,-48.426120361544925],[-74.23518408601396,-48.44514658981315],[-74.2632212624128,-48.42332769830122],[-74.44584925734095,-48.35473803101193],[-74.37898271629808,-48.33190176059844],[-74.21701771473802,-48.41590061376726],[-74.368561659826,-48.33165464279345],[-74.27837240070835,-48.27189966693244]]],[[[-74.30686331795384,-48.2161038253733],[-74.25706827163715,-48.25119589713247],[-74.27424929435269,-48.24230758838141],[-74.28191395302045,-48.25801294554315],[-74.32702647522311,-48.232845048541904],[-74.30686331795384,-48.2161038253733]]],[[[-75.23942409289292,-48.10315102997451],[-75.21981376423939,-48.11591510492529],[-75.22687357285331,-48.12926803917567],[-75.28175967102409,-48.13151467446353],[-75.23942409289292,-48.10315102997451]],[[-75.24071104182684,-48.12007828693679],[-75.23846671787045,-48.11915061533869],[-75.24099536939406,-48.116145609081144],[-75.24071104182684,-48.12007828693679]]],[[[-74.77205188045065,-48.12510886271947],[-74.74413462914224,-48.143422544767304],[-74.82358636429636,-48.207068960316654],[-74.82360642277834,-48.161699416202445],[-74.77205188045065,-48.12510886271947]],[[-74.78312289408193,-48.141292696023235],[-74.77056177482028,-48.14823067242663],[-74.76844165013846,-48.14648580179386],[-74.78312289408193,-48.141292696023235]],[[-74.79857524108552,-48.14665246974367],[-74.79406190746874,-48.143169123698655],[-74.79971109338864,-48.14562971661364],[-74.79857524108552,-48.14665246974367]],[[-74.81186556957567,-48.163301806020634],[-74.80732878903167,-48.15848794448074],[-74.81112697205413,-48.15981366732075],[-74.81186556957567,-48.163301806020634]]],[[[-74.69015019876824,-48.11549859868199],[-74.6351112082344,-48.169578772744345],[-74.64285297379459,-48.192348914697824],[-74.68060469516928,-48.190162218805135],[-74.6458978296198,-48.215507241083145],[-74.66783819498254,-48.26353419385942],[-74.64714794223715,-48.22043839874292],[-74.62850521053572,-48.21728515464704],[-74.60894993423607,-48.240715058080816],[-74.62859629611228,-48.27360605810447],[-74.61407014360763,-48.28010429484746],[-74.62763377014996,-48.27848270892781],[-74.58022644675677,-48.3190243797785],[-74.55373501045048,-48.32011482418783],[-74.53510839452522,-48.38250207192729],[-74.54971282442709,-48.40804007280855],[-74.58229174186694,-48.390952750651856],[-74.64467697513122,-48.413918425613964],[-74.59573770258174,-48.41704177179948],[-74.55352520083103,-48.45987459175846],[-74.56595039780366,-48.5374152111044],[-74.53107181479605,-48.56859947983448],[-74.55803178271013,-48.5850520202254],[-74.52842631940344,-48.57739182308124],[-74.47192383493125,-48.626933103184],[-74.45634191313445,-48.61246102150931],[-74.48817340530846,-48.591980561796625],[-74.48782503594632,-48.56565307019653],[-74.46804755956451,-48.584475494315164],[-74.46839862746575,-48.55911302305407],[-74.43997884601099,-48.57760042975622],[-74.42839956918522,-48.63138120180914],[-74.457741311379,-48.6746056391226],[-74.55140616760228,-48.69130857957244],[-74.58614930173303,-48.65636287101437],[-74.6456168177343,-48.65758346567756],[-74.6741688788096,-48.6123805221233],[-74.6767192021894,-48.63064654104512],[-74.72110095658654,-48.63234174400696],[-74.84138142593278,-48.60694913602906],[-74.88483588000481,-48.617102578560456],[-74.90002805334257,-48.60937286977109],[-74.88996272253647,-48.55321398251208],[-74.90446827846826,-48.607914622998],[-74.95892421028039,-48.57227678667602],[-74.93877688851293,-48.56377030521316],[-74.96123224994325,-48.55580610314347],[-74.95006017674082,-48.54068697331319],[-74.96528901841013,-48.49620487630944],[-74.94903677913821,-48.48891510214657],[-74.97089440786668,-48.47726373910442],[-74.84375889638395,-48.39120474202817],[-74.8229120358435,-48.41293648948659],[-74.7961970968979,-48.3780677784555],[-74.76441105768063,-48.3776346373732],[-74.7475369785179,-48.44660907631583],[-74.76540802774588,-48.50815422262532],[-74.75635366904538,-48.526119338237706],[-74.74259654089929,-48.45883583443366],[-74.71440923086364,-48.47821657079677],[-74.71079608192508,-48.54554311285499],[-74.70303477980411,-48.49375076529793],[-74.67076644319565,-48.45785465049422],[-74.65848150198497,-48.464682601086],[-74.66650081912016,-48.417459026548606],[-74.69613953356709,-48.4243251071855],[-74.7313540056426,-48.39703888919075],[-74.70176350108203,-48.4002509823929],[-74.75358464182648,-48.3579723094623],[-74.76656959432403,-48.29889465685684],[-74.75730983403716,-48.25489270640482],[-74.72205943204523,-48.24905483299709],[-74.73669687952535,-48.2285173950861],[-74.69696623785171,-48.21154233544623],[-74.71375172246617,-48.201461635559326],[-74.71661535036931,-48.15770267524016],[-74.69015019876824,-48.11549859868199]],[[-74.66199867222362,-48.18380033294345],[-74.65131108201346,-48.18369545625967],[-74.65706008513448,-48.155705228930586],[-74.66199867222362,-48.18380033294345]],[[-74.71950951739888,-48.251441997754696],[-74.71959047447058,-48.253757274604794],[-74.7148024755658,-48.25551819451667],[-74.71950951739888,-48.251441997754696]],[[-74.72623318811156,-48.25392208664011],[-74.72838789703353,-48.25324311364953],[-74.72803891591869,-48.254939484914196],[-74.72623318811156,-48.25392208664011]],[[-74.62423552248187,-48.39300160498711],[-74.62170402419714,-48.396992323738615],[-74.62136325098905,-48.39475361926266],[-74.62423552248187,-48.39300160498711]],[[-74.61991335664577,-48.397462509919364],[-74.62998792213298,-48.39820941080547],[-74.60645462548086,-48.399892858913255],[-74.61991335664577,-48.397462509919364]],[[-74.61122013506251,-48.40309869958758],[-74.60843702764987,-48.40242270397625],[-74.61037022909075,-48.40204845088649],[-74.61122013506251,-48.40309869958758]],[[-74.64834694700306,-48.41578632019042],[-74.64719155185094,-48.41740147075463],[-74.64578273566896,-48.41430269536913],[-74.64834694700306,-48.41578632019042]],[[-74.65911321256411,-48.45273776895888],[-74.65803418139765,-48.45354383648917],[-74.65825526846719,-48.45259241525937],[-74.65911321256411,-48.45273776895888]],[[-74.70582409008381,-48.526960023720406],[-74.70033879639759,-48.53083547078069],[-74.70040085291575,-48.52772970456262],[-74.70582409008381,-48.526960023720406]],[[-74.72294567666688,-48.54213282702505],[-74.72481438446026,-48.541937255459175],[-74.72462275494553,-48.5439370889673],[-74.72294567666688,-48.54213282702505]],[[-74.94194352444964,-48.49167289206363],[-74.93542810208442,-48.48995557823766],[-74.9491785296968,-48.490390960502715],[-74.94194352444964,-48.49167289206363]],[[-74.93493555311919,-48.49014264763585],[-74.93002259945668,-48.4898485318634],[-74.93005577693508,-48.48843396616188],[-74.93493555311919,-48.49014264763585]],[[-74.71586290262272,-48.548196271510974],[-74.7182335216232,-48.55532297463433],[-74.71351802484669,-48.54731035357265],[-74.71586290262272,-48.548196271510974]],[[-74.93872873342383,-48.560757043185546],[-74.92937601816632,-48.571028382899335],[-74.93873355288534,-48.55684213032464],[-74.93872873342383,-48.560757043185546]],[[-74.92492992794013,-48.5693177754474],[-74.90561510189595,-48.57254278079426],[-74.9204849228788,-48.56497210334482],[-74.92492992794013,-48.5693177754474]],[[-74.61444449673937,-48.652863482330396],[-74.61215226922214,-48.65209440134986],[-74.61333317563002,-48.64791117900598],[-74.61444449673937,-48.652863482330396]]],[[[-74.55235990265122,-48.104959635928886],[-74.47820226465655,-48.120452034478234],[-74.30686173961386,-48.264052902027466],[-74.41012351091813,-48.33177460780866],[-74.4768117426653,-48.337309593949996],[-74.51546749530426,-48.27612201757118],[-74.47602977268521,-48.21997930392529],[-74.41710008253614,-48.18444044309691],[-74.47344999714049,-48.20271206500837],[-74.53233998983883,-48.27349707957461],[-74.54851667271052,-48.25446048016458],[-74.55302951315221,-48.172825496964634],[-74.53114205945799,-48.158883624409086],[-74.48676713854526,-48.16940542964159],[-74.52574023273642,-48.157770592450596],[-74.51039878365297,-48.14321042373723],[-74.52462075133103,-48.13992327132241],[-74.54852719467743,-48.159648322663976],[-74.55133724346379,-48.137113413577936],[-74.46990822923271,-48.1436565267732],[-74.55235990265122,-48.104959635928886]]],[[[-75.1686612099165,-48.067261269413294],[-75.12703399560768,-48.08589330208617],[-75.07251785331532,-48.07737436686591],[-75.09696362449705,-48.10687874339457],[-75.03766878804961,-48.09363049301052],[-74.94955547087484,-48.11752345171251],[-75.04752895083134,-48.08369326410363],[-74.9780936116565,-48.083207069472046],[-74.8775994302667,-48.142102008494334],[-74.93973841644699,-48.15944281049133],[-74.83892250792975,-48.15969673725019],[-74.85572832052077,-48.17935537793847],[-74.84078125430494,-48.169458962828955],[-74.8363040221828,-48.19105486400751],[-74.87697161837588,-48.22249057256607],[-74.92237672096824,-48.19725955028314],[-74.87974652866157,-48.230957631968145],[-74.8278865142215,-48.19612130149187],[-74.90194590437186,-48.259508244131034],[-74.81132045299665,-48.20338401401625],[-74.78207868700578,-48.20850460757039],[-74.7953636175194,-48.20056990811178],[-74.77441005059794,-48.18808104614686],[-74.79214692835339,-48.18592452025453],[-74.73634655363253,-48.16890894162475],[-74.73875482641647,-48.21319047223428],[-74.78279843607604,-48.20648558182247],[-74.74737160675893,-48.220424456278565],[-74.75945770677981,-48.24099339645345],[-74.79260182712845,-48.2304905734445],[-74.84572816877674,-48.29308610418092],[-74.79224905961468,-48.23657244976854],[-74.76857753918979,-48.239145774160065],[-74.8071944962866,-48.26090248524105],[-74.80440553724816,-48.27673408466857],[-74.7758990036898,-48.26914599527919],[-74.77674652373616,-48.29990038963571],[-74.79992607371086,-48.3104981214478],[-74.76998361910343,-48.30618270370651],[-74.77680726152747,-48.36641379251285],[-74.82951748287495,-48.37949288371538],[-74.82163347986929,-48.34346287008453],[-74.97705189111706,-48.446855854615684],[-75.04849382409147,-48.329076901041816],[-75.00696187791517,-48.31952520837392],[-75.07039707376164,-48.329998463214544],[-75.10539794892047,-48.27204205671611],[-75.09011937382206,-48.26210493751832],[-75.11182561666222,-48.26154926229811],[-75.04615958506335,-48.237563850517134],[-75.09036833651317,-48.24151253793583],[-75.04148425465814,-48.20296945606985],[-75.10421078484832,-48.244862717425576],[-75.12908865556318,-48.228404205659274],[-75.09602720357688,-48.20944084092842],[-75.13967966520217,-48.22773069987503],[-75.14695360882364,-48.21040545341453],[-75.1092845800658,-48.18199114563229],[-75.15077351310967,-48.20004049812573],[-75.15387800718827,-48.18804841171629],[-75.06936759276793,-48.149968273668044],[-75.14991651943029,-48.18129003826219],[-75.16011870587499,-48.15706449524259],[-75.10931684844913,-48.13957306247911],[-75.16170322174676,-48.153831415225824],[-75.15338723329404,-48.11124755684036],[-75.17176804320809,-48.126929950323245],[-75.21324628630009,-48.07488888316487],[-75.1686612099165,-48.067261269413294]],[[-74.89762857147198,-48.14483597705158],[-74.90295869107433,-48.146523267920074],[-74.88759673165632,-48.13932230980832],[-74.89762857147198,-48.14483597705158]],[[-75.04279015445128,-48.23978934738421],[-75.02559192181155,-48.24515474642006],[-75.04176006439982,-48.23819539368508],[-75.04279015445128,-48.23978934738421]],[[-74.79617310828654,-48.297514006373945],[-74.80155579011277,-48.30485866075736],[-74.79015575054238,-48.29252443825273],[-74.79617310828654,-48.297514006373945]],[[-74.85439012629315,-48.305446546543614],[-74.84275228649739,-48.29743951531592],[-74.85393573955783,-48.29822879336848],[-74.85439012629315,-48.305446546543614]],[[-74.80805721043768,-48.31655960113857],[-74.80540072146265,-48.308545852373015],[-74.80774579417307,-48.310062058916834],[-74.80805721043768,-48.31655960113857]],[[-74.9944876023853,-48.32054668927718],[-75.00412469371904,-48.32104642114425],[-74.99254588132227,-48.323998689552106],[-74.9944876023853,-48.32054668927718]],[[-75.01050344190536,-48.328981308721644],[-75.00614892504092,-48.331382008803885],[-75.00771860164252,-48.32713737720608],[-75.01050344190536,-48.328981308721644]],[[-75.03473833537079,-48.32798233421611],[-75.0389122198962,-48.330936762073826],[-75.03520998053935,-48.331459533761645],[-75.03473833537079,-48.32798233421611]],[[-75.01403832692142,-48.336412679729634],[-75.00882286558699,-48.3368035052637],[-75.01319666658563,-48.33490370040558],[-75.01403832692142,-48.336412679729634]],[[-74.98458696600846,-48.416909232980316],[-74.98004329987779,-48.41708643366678],[-74.98262738374262,-48.41596007740107],[-74.98458696600846,-48.416909232980316]],[[-74.79739820821314,-48.290219062177115],[-74.79142441606531,-48.288688140868594],[-74.79501397075293,-48.288276473396294],[-74.79739820821314,-48.290219062177115]],[[-74.7891456012936,-48.29039187878532],[-74.78851077895031,-48.29092518494198],[-74.78817277255328,-48.29005038527332],[-74.7891456012936,-48.29039187878532]],[[-74.80250162088554,-48.257561937162876],[-74.79025733922124,-48.25311268922449],[-74.80152657869638,-48.25160933966331],[-74.80250162088554,-48.257561937162876]],[[-74.94409438229397,-48.11878147365885],[-74.93599096937344,-48.11951147135926],[-74.94543552479236,-48.11792548481423],[-74.94409438229397,-48.11878147365885]],[[-75.01926937133108,-48.08535591556229],[-75.01690602688774,-48.083004416904934],[-75.02223827190406,-48.08259647181631],[-75.01926937133108,-48.08535591556229]],[[-75.01596116360054,-48.08345688267441],[-75.0138691795433,-48.08549242740687],[-75.0112362911074,-48.08386442846592],[-75.01596116360054,-48.08345688267441]]],[[[-74.76356395355424,-48.04883908139919],[-74.73180511622208,-48.116094095952285],[-74.75774665781037,-48.08086571349459],[-74.80364879285956,-48.07975469833492],[-74.76356395355424,-48.04883908139919]],[[-74.73421088809627,-48.10221444660903],[-74.73257240054393,-48.10292476393975],[-74.731443107739,-48.101398585578345],[-74.73421088809627,-48.10221444660903]]],[[[-75.0853133026104,-48.01196981279527],[-75.07211669176056,-48.02283392122141],[-75.12897429823087,-48.0585380321534],[-75.15255295531325,-48.04663648125791],[-75.10388905682257,-48.03131272419588],[-75.21103477330945,-48.046837963070345],[-75.0853133026104,-48.01196981279527]],[[-75.15716605492719,-48.037216671262854],[-75.16485839787538,-48.038517562685165],[-75.16648681800835,-48.04159077791778],[-75.15859139921207,-48.04019988112834],[-75.15716605492719,-48.037216671262854]],[[-75.13925312085077,-48.04691891758218],[-75.13763583533574,-48.047508778117894],[-75.13634773745657,-48.04502270299927],[-75.13925312085077,-48.04691891758218]],[[-75.14754971198157,-48.04686328801811],[-75.14964429755986,-48.048081808058],[-75.14822710997775,-48.04785741299727],[-75.14754971198157,-48.04686328801811]],[[-75.11915662306716,-48.04879586909189],[-75.1238112535933,-48.04888138508274],[-75.12759266956097,-48.05050556743278],[-75.11915662306716,-48.04879586909189]]],[[[-75.3151378007076,-47.995590280881856],[-75.27213579660314,-48.03751643942767],[-75.28211380936696,-48.0631737804459],[-75.33583860326767,-48.06854370786575],[-75.29165080142859,-48.066649303484574],[-75.32289895011498,-48.149765411973135],[-75.2867693328185,-48.07449333732627],[-75.25455970740205,-48.06876079431191],[-75.26342166673165,-48.09323604107151],[-75.23755266140759,-48.09305435020535],[-75.2740173691697,-48.10789868567195],[-75.30510437716208,-48.166760632249066],[-75.28353909436306,-48.13263827990284],[-75.2692579878949,-48.13457536629169],[-75.28016732363967,-48.15146276704443],[-75.20845920816846,-48.12793894889442],[-75.22830571109671,-48.16748772814023],[-75.20129101062898,-48.156826099682085],[-75.20117776720762,-48.182463737214384],[-75.24341202256127,-48.21957095356598],[-75.22917825012208,-48.222385974966464],[-75.24156853586781,-48.238904498300776],[-75.20312043778993,-48.20401758054696],[-75.1902542803022,-48.229914851508276],[-75.21354506326864,-48.24623673264757],[-75.18598789355703,-48.23416834137792],[-75.15818064185348,-48.275462410404025],[-75.20079793345437,-48.302942153974485],[-75.14894855237232,-48.287810340531564],[-75.1306908179404,-48.31962767428247],[-75.14615173217685,-48.33462922416591],[-75.12834763259036,-48.324605279656225],[-75.08959957356437,-48.37401071806963],[-75.15508792019666,-48.43237854230026],[-75.07453585302407,-48.38328109860149],[-75.01989609356545,-48.47139965520772],[-75.05535140846021,-48.465305224905094],[-75.06054389088966,-48.447982532030835],[-75.09048942043032,-48.47177326197006],[-75.06792529727363,-48.46919808089088],[-75.09905628947728,-48.516516850873],[-75.0481450289279,-48.471305329344915],[-75.02216108685822,-48.481262922882834],[-75.0170172131671,-48.50497802610297],[-75.0341634396401,-48.51177370145295],[-75.00652650581945,-48.5299046351669],[-75.00703686478352,-48.59262495604112],[-75.1750166297532,-48.68866622349018],[-75.21205627277186,-48.634141764001],[-75.1048850441309,-48.593967614710564],[-75.21739128729418,-48.62256723104454],[-75.22438252121425,-48.59708007685207],[-75.16186281015193,-48.564603316138125],[-75.22834359125561,-48.58244089415196],[-75.21556036533659,-48.556776123059656],[-75.23838310178547,-48.524003372199225],[-75.18625603977101,-48.49442499087933],[-75.22877392470087,-48.51326758012114],[-75.25681700213282,-48.46702568264751],[-75.20455931699122,-48.40242180223961],[-75.1674069821168,-48.39582252626183],[-75.2016541384129,-48.385029226086196],[-75.22467369753718,-48.41261563318865],[-75.26138127831106,-48.397250100566445],[-75.23963442982344,-48.377390442450604],[-75.27696973624985,-48.387692920734224],[-75.21200360724168,-48.31050648235402],[-75.24055938015574,-48.33729942807225],[-75.26233721602908,-48.32841514086057],[-75.25287939788332,-48.33906206686767],[-75.28797063996647,-48.38242122266801],[-75.33995220814259,-48.391413802727484],[-75.35955392374916,-48.37762187862218],[-75.42081818889628,-48.41492854613119],[-75.44793903070473,-48.41374706611769],[-75.42783353359859,-48.391051474803156],[-75.47140739443314,-48.409536917941736],[-75.50025218861175,-48.37631746069839],[-75.5000454925531,-48.35941393147478],[-75.44844082423253,-48.33828126610831],[-75.31497906749857,-48.32620333453663],[-75.34905184193342,-48.325786633420954],[-75.31490896387211,-48.30434526602082],[-75.32818624253613,-48.305923593399285],[-75.29887883664746,-48.26079972201714],[-75.36125389020296,-48.319172975016656],[-75.31661409563877,-48.210627124961],[-75.38152330200066,-48.312774283075434],[-75.36790278694804,-48.3168255226461],[-75.40828733028329,-48.33603598011673],[-75.38522395672936,-48.30946135129049],[-75.43470699299503,-48.32641550937906],[-75.39256025690626,-48.304160939659596],[-75.42947833181582,-48.31238611121957],[-75.40640648984369,-48.23682090337335],[-75.35928354252675,-48.21294807252107],[-75.39288910677558,-48.215166965608],[-75.35074285847202,-48.20389238009152],[-75.3432023110439,-48.17767906364619],[-75.45230636024006,-48.24145059950515],[-75.48860719463305,-48.214800091625044],[-75.45084182874753,-48.181374536188464],[-75.49393202764995,-48.184219182890466],[-75.53202604038556,-48.08888041595623],[-75.4601873664659,-48.042850735549955],[-75.46627573244001,-48.07577694482767],[-75.43897937150315,-48.04048167104519],[-75.42390292722514,-48.06502886913819],[-75.41501057160129,-48.03325787092085],[-75.40974952435947,-48.05727225830558],[-75.39076902790782,-48.05106689701329],[-75.40196734808622,-48.07817820401952],[-75.37724232481862,-48.043062095634745],[-75.41497372899656,-48.11918068791998],[-75.3449712510435,-48.00187835970283],[-75.3151378007076,-47.995590280881856]],[[-75.29832597209911,-48.01818356263137],[-75.31779736192091,-48.01875902963421],[-75.29848492359874,-48.02234433312801],[-75.29832597209911,-48.01818356263137]],[[-75.29436877020336,-48.03357181699119],[-75.31131749038306,-48.0493260307559],[-75.28620456559263,-48.04494510267324],[-75.29436877020336,-48.03357181699119]],[[-75.28037647569234,-48.039893738524896],[-75.27963770569424,-48.04048351434313],[-75.27943384741356,-48.040167463161616],[-75.28037647569234,-48.039893738524896]],[[-75.29158273697783,-48.05096760326632],[-75.28597246068615,-48.051598656618225],[-75.29009922587997,-48.04899685003118],[-75.29158273697783,-48.05096760326632]],[[-75.3054704550134,-48.040734333782204],[-75.30789389585092,-48.03995897119462],[-75.30843667231862,-48.040500336460795],[-75.3054704550134,-48.040734333782204]],[[-75.37856737310038,-48.08775717171495],[-75.38874273944393,-48.095981926436814],[-75.37608002162199,-48.09758350149161],[-75.37856737310038,-48.08775717171495]],[[-75.33030493799838,-48.12294647062963],[-75.32675411417422,-48.12215605089807],[-75.32880795756114,-48.12096313008085],[-75.33030493799838,-48.12294647062963]],[[-75.41653079864145,-48.05629557154428],[-75.41229661470257,-48.05074050051963],[-75.41806075713109,-48.05229082040369],[-75.41653079864145,-48.05629557154428]],[[-75.40828266263708,-48.05342981047788],[-75.41154679183325,-48.05467578939129],[-75.4125830290562,-48.05638605207058],[-75.40828266263708,-48.05342981047788]],[[-75.51536309765395,-48.11883451933648],[-75.5086697702349,-48.11869632387629],[-75.5119526616441,-48.116553316824465],[-75.51536309765395,-48.11883451933648]],[[-75.50442447772923,-48.12081553794533],[-75.51028814271143,-48.12162981346154],[-75.50011574979146,-48.12506317620444],[-75.50442447772923,-48.12081553794533]],[[-75.50377267453213,-48.128436256732115],[-75.51243047105213,-48.126362325912815],[-75.5078317750255,-48.12892727189065],[-75.50377267453213,-48.128436256732115]],[[-75.2275465807827,-48.17122331481225],[-75.25278754963712,-48.191183466219115],[-75.22066728593018,-48.16590092368894],[-75.2275465807827,-48.17122331481225]],[[-75.22963548451685,-48.16990560994725],[-75.23336505691286,-48.16390905796099],[-75.23572195953727,-48.16491413448516],[-75.22963548451685,-48.16990560994725]],[[-75.22950739643542,-48.21081994040089],[-75.22835000522674,-48.214218614327685],[-75.2266603208897,-48.21097492962009],[-75.22950739643542,-48.21081994040089]],[[-75.26957925867818,-48.26156252614953],[-75.31675987693802,-48.316072239856005],[-75.26646941064047,-48.28054153275063],[-75.26957925867818,-48.26156252614953]],[[-75.1710350682419,-48.26798130427683],[-75.16631598000089,-48.27035503120998],[-75.1723438983395,-48.2644523107264],[-75.1710350682419,-48.26798130427683]],[[-75.42877382805426,-48.37149351487993],[-75.42424197746452,-48.372208041857476],[-75.42456017331456,-48.36848582554596],[-75.42877382805426,-48.37149351487993]],[[-75.40781994043422,-48.37379971634896],[-75.413322294026,-48.37445072534936],[-75.41906124230404,-48.38033613705218],[-75.40781994043422,-48.37379971634896]],[[-75.39407738745363,-48.38802124983074],[-75.38901033319402,-48.39510847386768],[-75.38556240958907,-48.394809986267525],[-75.39407738745363,-48.38802124983074]],[[-75.11357563724361,-48.37980377367327],[-75.10881071516016,-48.37879885174026],[-75.1082670529536,-48.377681676401615],[-75.11357563724361,-48.37980377367327]],[[-75.031763933515,-48.51758287304285],[-75.046766386258,-48.53462274753935],[-75.03413139493729,-48.52575297359217],[-75.031763933515,-48.51758287304285]],[[-75.20028860845122,-48.545930839347406],[-75.21440491269229,-48.55583460045941],[-75.19584298265403,-48.54506239008599],[-75.20028860845122,-48.545930839347406]],[[-75.14799489098522,-48.577519006488245],[-75.15436920149405,-48.58069880561925],[-75.15946274437643,-48.593113302527094],[-75.14799489098522,-48.577519006488245]],[[-75.06044417879144,-48.59435471816702],[-75.05669423979133,-48.59646698714801],[-75.05734379270865,-48.59381524851367],[-75.06044417879144,-48.59435471816702]],[[-75.1703347766807,-48.59481103813272],[-75.16800622847991,-48.595815310516684],[-75.16470671733964,-48.59359080773959],[-75.1703347766807,-48.59481103813272]],[[-75.05392450020841,-48.600201895638925],[-75.06739045831978,-48.603766053987385],[-75.04708283218987,-48.61227151969567],[-75.05392450020841,-48.600201895638925]],[[-75.09466457786851,-48.61630054688177],[-75.09320167142832,-48.6196565912259],[-75.08944092839026,-48.615980085069296],[-75.09466457786851,-48.61630054688177]],[[-75.08634430265523,-48.61863382774842],[-75.09182228585166,-48.62404068541162],[-75.0834918012852,-48.62101678245295],[-75.08634430265523,-48.61863382774842]],[[-75.080720317174,-48.62312905817689],[-75.07734907735494,-48.62411692659626],[-75.08063544434596,-48.62112703914557],[-75.080720317174,-48.62312905817689]],[[-75.17647035990277,-48.64710058406084],[-75.18634296075793,-48.654656279213064],[-75.17340884841389,-48.64680100362166],[-75.17647035990277,-48.64710058406084]],[[-75.18934805445369,-48.65336699262951],[-75.19343020212398,-48.65363060807832],[-75.18950890768677,-48.65546224097471],[-75.18934805445369,-48.65336699262951]],[[-75.1463826944263,-48.66444546506035],[-75.14164676906188,-48.66472248407844],[-75.14801339448346,-48.66215796002724],[-75.1463826944263,-48.66444546506035]],[[-75.05798864833535,-48.5156245480989],[-75.03949834816122,-48.51341383536326],[-75.05269048540093,-48.511677039302306],[-75.05798864833535,-48.5156245480989]]],[[[-74.74326310341652,-48.01841293721851],[-74.6935460775789,-48.06149705797395],[-74.71485313695456,-48.10002047074429],[-74.74180714454674,-48.07625152436678],[-74.74326310341652,-48.01841293721851]],[[-74.7160951602428,-48.06275158229197],[-74.71542471251195,-48.06441227506507],[-74.71451844713756,-48.06385589853696],[-74.7160951602428,-48.06275158229197]],[[-74.71029419048091,-48.06534141373114],[-74.70432195421516,-48.06887248029629],[-74.70209402990261,-48.06814643842663],[-74.71029419048091,-48.06534141373114]],[[-74.71209240927057,-48.06900308164856],[-74.71813772258636,-48.06713404817542],[-74.71496982721165,-48.071947105892924],[-74.71209240927057,-48.06900308164856]],[[-74.69855990126801,-48.07293242068469],[-74.7015891758146,-48.07314048925704],[-74.69860145463812,-48.07313270597589],[-74.69855990126801,-48.07293242068469]],[[-74.71211033874533,-48.06578924606669],[-74.71045012184454,-48.067004155247474],[-74.71070627195624,-48.06556407270314],[-74.71211033874533,-48.06578924606669]]],[[[-73.61971826406518,-48.035515108248774],[-73.5405467862117,-48.075990466158345],[-73.52441839497308,-48.11129043661841],[-73.61267603278644,-48.07423820461976],[-73.63025307599833,-48.05787208243891],[-73.61971826406518,-48.035515108248774]]],[[[-74.74824233747563,-47.899278428426136],[-74.74826494178312,-47.92672239139589],[-74.73262187705483,-47.907908282377],[-74.67691477890149,-47.97253953303632],[-74.69975778852971,-48.00697623141125],[-74.68344497855314,-48.029309254887295],[-74.69850170840391,-48.02773096962842],[-74.69963192916852,-48.05308623146124],[-74.73866324227494,-48.01590302380808],[-74.69325595587812,-48.014671916543556],[-74.74133088113929,-48.000921716269126],[-74.7635893893515,-47.934067017383114],[-74.74824233747563,-47.899278428426136]],[[-74.70465600263503,-48.02860841371154],[-74.70383033051468,-48.0290479808156],[-74.70350405881022,-48.028531804540776],[-74.70465600263503,-48.02860841371154]],[[-74.70301725187629,-48.03684918230137],[-74.70456391453864,-48.03737064692293],[-74.70345291502615,-48.03743918818593],[-74.70301725187629,-48.03684918230137]]],[[[-75.06600463361914,-47.876987611317354],[-75.04939982715779,-47.888375252331635],[-75.08519535022033,-47.9166214955921],[-75.19737738421105,-47.95627040669638],[-75.18967887612506,-47.94631149337507],[-75.21428278672941,-47.94785652955958],[-75.06776013931369,-47.89411585676928],[-75.08162595821928,-47.89086996448367],[-75.06600463361914,-47.876987611317354]]],[[[-74.54419062255913,-47.8917460936959],[-74.50756045410486,-47.91627405399933],[-74.6018721799777,-47.96254858143045],[-74.60961213273764,-47.94527458149194],[-74.59026763533961,-47.94073202684904],[-74.61161096509316,-47.91110549835728],[-74.54419062255913,-47.8917460936959]],[[-74.54080201920392,-47.902067317637034],[-74.54405185081401,-47.904994875101096],[-74.53812385747433,-47.90488641219479],[-74.54080201920392,-47.902067317637034]]],[[[-74.98513384059049,-47.86675366852382],[-74.94093715620988,-47.906185274164756],[-74.95052798430649,-47.94737324082074],[-74.9842676993666,-47.92293462465961],[-74.97194840298616,-47.94127510922124],[-74.90922266511006,-47.97285847367876],[-74.93044940342122,-47.98424996368347],[-74.77277267246495,-48.00737852180291],[-74.75304161562711,-48.03985984703077],[-74.82959589861271,-48.08373852591672],[-75.03204901656537,-48.03141711633455],[-74.9550937112639,-48.048599940175556],[-74.8994234431389,-48.093590326694006],[-74.83390936067204,-48.101610250036636],[-74.85678849694771,-48.12599457380858],[-74.82911798230515,-48.100766557154785],[-74.7942113458095,-48.100076095663105],[-74.78448252570549,-48.1285030698554],[-74.8236797001527,-48.15667392677674],[-74.99511803915338,-48.06209294010948],[-75.09511841213994,-48.065513747354856],[-75.04211484683476,-48.02357250065232],[-75.06395026651444,-48.01600903654945],[-75.05584176284121,-47.9983511934031],[-74.97610904724262,-48.01266087931741],[-75.04101113984576,-47.99203086526156],[-75.01769177069036,-47.97582194627768],[-74.97706989245702,-47.98457293505793],[-74.99593319739165,-47.99278436942782],[-74.98251985989468,-48.00569622750724],[-74.95692170920523,-47.99633529497023],[-74.92603005334611,-48.01236775244782],[-74.96898692519237,-47.98197039140911],[-75.07656937741757,-47.97923526308653],[-75.05583989075214,-47.996547620702145],[-75.21871552529554,-48.02880523209229],[-75.1810995995474,-47.99298098852465],[-75.079465159618,-47.97869058798351],[-75.10471635130033,-47.97364973022654],[-75.10952288963595,-47.95317877874746],[-75.08991930373695,-47.94720278043707],[-75.13582109203644,-47.968167043923664],[-75.10711544779365,-47.961141475722954],[-75.1149558717282,-47.974205398408785],[-75.20493631296651,-47.98071937700651],[-75.19219725361674,-47.96072717103442],[-75.14795494020959,-47.96081531032896],[-75.18163265893868,-47.96298322278979],[-75.16454300027743,-47.94661306389753],[-75.10976489487517,-47.92523932449273],[-75.13019552731693,-47.941342618610015],[-75.05634296437924,-47.93407522371719],[-75.0697890796043,-47.92289597824333],[-75.01359724423544,-47.90907592125656],[-75.01655334920551,-47.89699900178359],[-74.98448028388195,-47.922839434074135],[-75.00204607299996,-47.90520066566647],[-74.98513384059049,-47.86675366852382]],[[-74.96798007545563,-47.90703727532957],[-74.9664245428282,-47.90794820392722],[-74.96614602556423,-47.90706359990063],[-74.96798007545563,-47.90703727532957]],[[-74.97882216691148,-47.91750578092027],[-74.98371529565398,-47.9176690303505],[-74.98129787622382,-47.92038949319893],[-74.97882216691148,-47.91750578092027]],[[-74.97199413172571,-47.92063120135502],[-74.97223404928022,-47.92388008274035],[-74.96770511552022,-47.920061598047916],[-74.97199413172571,-47.92063120135502]],[[-75.10359693996352,-47.93647363470091],[-75.10586468479599,-47.93932163394158],[-75.10445467295636,-47.94122297930439],[-75.10359693996352,-47.93647363470091]],[[-74.9721681327013,-47.94436648953591],[-74.97269984102638,-47.944188146668836],[-74.97323120709335,-47.9442954434639],[-74.9721681327013,-47.94436648953591]],[[-75.13868311824343,-47.94569933685716],[-75.13733984224626,-47.945700970534155],[-75.13670098646735,-47.944704216993586],[-75.13868311824343,-47.94569933685716]],[[-75.14257786027747,-47.947927216337526],[-75.14427928020537,-47.949540143936495],[-75.142013869196,-47.94849785995476],[-75.14257786027747,-47.947927216337526]],[[-75.1578697852393,-47.95441492835321],[-75.15744855442279,-47.95541301789735],[-75.15673937942174,-47.95474893352232],[-75.1578697852393,-47.95441492835321]],[[-75.12442150252198,-47.9540284346247],[-75.13545945725251,-47.95662858762261],[-75.12556183292679,-47.95773230971176],[-75.12442150252198,-47.9540284346247]],[[-75.13680369624365,-47.95686447565547],[-75.13878302437774,-47.956577091630756],[-75.13949204756352,-47.9572887152608],[-75.13680369624365,-47.95686447565547]],[[-75.16986605463008,-47.96836315654529],[-75.16873281193284,-47.96788986586603],[-75.16873099464102,-47.96731979968174],[-75.16986605463008,-47.96836315654529]],[[-75.17484265482877,-47.97586089892547],[-75.17399651369635,-47.97666965480741],[-75.17371013437702,-47.975672661499814],[-75.17484265482877,-47.97586089892547]],[[-75.18585548098584,-47.9796656256928],[-75.18234173602336,-47.97860008044737],[-75.18345742833488,-47.978276944217576],[-75.18585548098584,-47.9796656256928]],[[-75.17730197258209,-47.98225012516779],[-75.17969976921319,-47.98353193863539],[-75.1754960175012,-47.98293141787056],[-75.17730197258209,-47.98225012516779]],[[-75.03113041552551,-47.97376210658474],[-75.03043077524288,-47.974702467108074],[-75.03043029374588,-47.97380932636479],[-75.03113041552551,-47.97376210658474]],[[-75.21420564570101,-48.018112118746224],[-75.21546390064813,-48.01777171415429],[-75.21521418157555,-48.01831311364475],[-75.21420564570101,-48.018112118746224]],[[-74.92669070405044,-47.97661326325468],[-74.92807159789844,-47.97793534220138],[-74.92615078602196,-47.97766629992496],[-74.92669070405044,-47.97661326325468]],[[-74.92989099357261,-47.97789323223878],[-74.93191192538247,-47.97785871726996],[-74.93026211636258,-47.978750410906294],[-74.92989099357261,-47.97789323223878]],[[-74.94591052337186,-47.98318866554163],[-74.96451580430912,-47.9845018955626],[-74.95732346095312,-47.98864430539109],[-74.94591052337186,-47.98318866554163]],[[-75.01395879188279,-47.995224896088004],[-75.01517163519566,-47.99490805516481],[-75.01503685466538,-47.99527001447159],[-75.01395879188279,-47.995224896088004]],[[-75.03552204628589,-48.02101826113564],[-75.03368563382531,-48.02790642335391],[-75.02568435126774,-48.029333476467514],[-75.03552204628589,-48.02101826113564]],[[-75.0454382666363,-48.025052373415015],[-75.04713825375133,-48.025764218353835],[-75.04494411238166,-48.02685758267514],[-75.0454382666363,-48.025052373415015]],[[-75.0453014109977,-48.03051500465336],[-75.04813654164509,-48.03307888464846],[-75.04537403080528,-48.03260496487917],[-75.0453014109977,-48.03051500465336]],[[-75.0496925243285,-48.03098818552347],[-75.05075416680602,-48.03037025143559],[-75.05103783051823,-48.03075010581645],[-75.0496925243285,-48.03098818552347]],[[-75.04643705579001,-48.03341204222608],[-75.05380399300967,-48.03488140944144],[-75.04466880569653,-48.03612033955994],[-75.04643705579001,-48.03341204222608]],[[-75.06357880505962,-48.03587393902718],[-75.05677865088532,-48.034879947377235],[-75.06152348753731,-48.03468747713587],[-75.06357880505962,-48.03587393902718]],[[-75.0381551934366,-48.039067743001134],[-75.03454580754077,-48.04353386943333],[-75.03277433788534,-48.04244196041158],[-75.0381551934366,-48.039067743001134]],[[-75.04764852198554,-48.04162919863729],[-75.05345981877993,-48.04452418679172],[-75.05417063410468,-48.046803852141664],[-75.04764852198554,-48.04162919863729]],[[-75.06295335753464,-48.04570689208435],[-75.06394430798916,-48.04504139859943],[-75.06465400760632,-48.046180979008014],[-75.06295335753464,-48.04570689208435]],[[-75.05786166697837,-48.053404671301266],[-75.05963287342743,-48.05340377240103],[-75.06161774057357,-48.05430520652571],[-75.05786166697837,-48.053404671301266]],[[-75.07394303410683,-48.05249289618679],[-75.0770591299273,-48.0516833795145],[-75.07734467201678,-48.053155738387915],[-75.07394303410683,-48.05249289618679]],[[-75.0642401447718,-48.05506383363444],[-75.07579045542123,-48.056196763424026],[-75.07799012053158,-48.05828530664543],[-75.0642401447718,-48.05506383363444]],[[-74.90728224929913,-48.094029426877974],[-74.90511116768282,-48.09294759896205],[-74.9087960470968,-48.091504115496214],[-74.90728224929913,-48.094029426877974]],[[-74.86899641750428,-48.11367646404693],[-74.8772046135128,-48.114299615660705],[-74.87156689099423,-48.11607729073714],[-74.86899641750428,-48.11367646404693]],[[-74.86177998762057,-48.13373459711822],[-74.85842598737013,-48.13286933734243],[-74.85788099026703,-48.12770137499388],[-74.86177998762057,-48.13373459711822]],[[-75.00790987452606,-48.030523616183444],[-75.00713095881794,-48.03110956750217],[-75.00670603592563,-48.030856270048794],[-75.00790987452606,-48.030523616183444]],[[-74.86216961301042,-48.07010482186136],[-74.86043794770524,-48.066478367595025],[-74.86437683025737,-48.067220206055296],[-74.86216961301042,-48.07010482186136]],[[-74.8351285164464,-48.071174870554664],[-74.82860657500714,-48.075526744407355],[-74.83229496593559,-48.06877500914532],[-74.8351285164464,-48.071174870554664]],[[-74.91747483993994,-47.981190787667856],[-74.91274171192934,-47.98100884255591],[-74.9140729621798,-47.98004566545031],[-74.91747483993994,-47.981190787667856]]],[[[-74.66292772875505,-47.882895704108805],[-74.62553608358728,-47.905395110123024],[-74.6548672184742,-47.91685394002111],[-74.67771730592854,-47.894793345767184],[-74.66292772875505,-47.882895704108805]]],[[[-75.06574829575958,-47.85404399338696],[-75.05440199161283,-47.86440772091624],[-75.094253914833,-47.89027646594563],[-75.13847350266009,-47.909228556140704],[-75.1669617294513,-47.89813636160739],[-75.13605390391703,-47.88958326933933],[-75.15210399530056,-47.87740512855416],[-75.12328894523932,-47.883355936118974],[-75.1187545560106,-47.85289323853169],[-75.09987553864335,-47.87610551019677],[-75.06574829575958,-47.85404399338696]],[[-75.06736071779567,-47.857313079142074],[-75.06446545122819,-47.85801088216917],[-75.06534346009532,-47.8570705695888],[-75.06736071779567,-47.857313079142074]],[[-75.12495985119365,-47.864552470818516],[-75.12689709595163,-47.86412650362195],[-75.12646272368085,-47.864811745834025],[-75.12495985119365,-47.864552470818516]],[[-75.10294147523331,-47.86062242793241],[-75.10451185880905,-47.86176065049943],[-75.10489040617483,-47.86289993110241],[-75.10294147523331,-47.86062242793241]],[[-75.11298218591243,-47.85692992405228],[-75.11320856855053,-47.8558005965675],[-75.11359031841032,-47.856056752042974],[-75.11298218591243,-47.85692992405228]]],[[[-75.01774306359476,-47.83909104525689],[-75.00381256509043,-47.85354243744622],[-75.0283683053343,-47.90339868926598],[-75.04567200467996,-47.869741557299875],[-75.04027870746202,-47.84972770059238],[-75.02030756508472,-47.859750442186304],[-75.03521232693889,-47.841705684303285],[-75.01774306359476,-47.83909104525689]],[[-75.02865224932087,-47.844935250384765],[-75.02745431983834,-47.84428538422735],[-75.02830409375778,-47.8439470855843],[-75.02865224932087,-47.844935250384765]]],[[[-73.70201122224097,-47.865600734507666],[-73.64254175420062,-47.88001480979217],[-73.61834688247774,-47.92178699836465],[-73.66809665909398,-47.9249637653634],[-73.63815292528558,-47.93227211246609],[-73.62229965118753,-47.966710950533766],[-73.66566271695078,-47.99517106404703],[-73.68343413133566,-47.99293081468281],[-73.65845273337754,-47.983255499651094],[-73.73674109633984,-47.94317937164118],[-73.6818849515939,-47.94770481491028],[-73.66806612266252,-47.9269948231052],[-73.68584586802335,-47.94032280607381],[-73.74787002705244,-47.927342984248035],[-73.72811298464838,-47.86935925094356],[-73.70201122224097,-47.865600734507666]],[[-73.70934907919828,-47.9504450379871],[-73.70758491823597,-47.95085373761268],[-73.70782669081154,-47.949678039914616],[-73.70934907919828,-47.9504450379871]]],[[[-74.84400700208228,-47.78882333078271],[-74.82032542232284,-47.80936274659353],[-74.80327837434879,-47.81014411643129],[-74.8182063558564,-47.79261748502042],[-74.76243046471862,-47.810446154201486],[-74.76188983252948,-47.89582310994732],[-74.77402419453901,-47.90717732483239],[-74.82563409913934,-47.883242300430965],[-74.7800663987856,-47.91319961578264],[-74.8447542620581,-47.942919164998145],[-74.78502708443071,-47.930153031394276],[-74.76668564048904,-47.994402345824646],[-74.84092329951092,-47.98931956227598],[-74.94871972864016,-47.9459899506358],[-74.92635669515643,-47.91728958221873],[-74.85438596260182,-47.931929111946054],[-74.92456289787461,-47.90907438999193],[-74.92994795574478,-47.88767275214663],[-74.88499446858508,-47.894758059730506],[-74.93212824958435,-47.876546684947286],[-74.89341443972688,-47.86700836272384],[-74.9165254724999,-47.85478735275066],[-74.90140260149141,-47.840410694945845],[-74.86712882541849,-47.84626363725217],[-74.87892537237214,-47.866352671368986],[-74.86256405786179,-47.84488245908274],[-74.83416283649913,-47.85431343872075],[-74.86554719313877,-47.83025848904531],[-74.81872898670555,-47.84951546463509],[-74.86724651639881,-47.823685108637264],[-74.86112349162441,-47.799075796382674],[-74.83774140658744,-47.81052678096705],[-74.84400700208228,-47.78882333078271]],[[-74.83876651098907,-47.79624078476414],[-74.83841478462274,-47.7971805550089],[-74.83799690901382,-47.79694487963972],[-74.83876651098907,-47.79624078476414]],[[-74.83428635125742,-47.8008886386911],[-74.83602742731355,-47.801972378739364],[-74.83316411292245,-47.80272047747973],[-74.83428635125742,-47.8008886386911]],[[-74.85759646866373,-47.80649496837346],[-74.85734305212544,-47.80493185131556],[-74.85817939533307,-47.805410480393974],[-74.85759646866373,-47.80649496837346]],[[-74.8502332899952,-47.81251972220086],[-74.8508089852265,-47.81399645962708],[-74.84861718037487,-47.814210601789675],[-74.8502332899952,-47.81251972220086]],[[-74.85396724167822,-47.81387028461653],[-74.85433075214445,-47.82216222702974],[-74.85233485907652,-47.821334784631794],[-74.85396724167822,-47.81387028461653]],[[-74.85866023475856,-47.81817380220107],[-74.85885617169507,-47.817219011601516],[-74.859435518578,-47.817480192379655],[-74.85866023475856,-47.81817380220107]],[[-74.85686859972161,-47.813396411184314],[-74.8561615672025,-47.81274433958173],[-74.8568714725339,-47.812354606544076],[-74.85686859972161,-47.813396411184314]],[[-74.76603262905788,-47.86626798811492],[-74.7646822294205,-47.86665408439108],[-74.76597004882193,-47.86587896791188],[-74.76603262905788,-47.86626798811492]],[[-74.89104091826971,-47.86496622157235],[-74.89092819587124,-47.864313176620314],[-74.89223983320409,-47.864813775605384],[-74.89104091826971,-47.86496622157235]],[[-74.8023931798577,-47.89487117023345],[-74.804911228566,-47.89534788161182],[-74.80528407522299,-47.896208377694016],[-74.8023931798577,-47.89487117023345]],[[-74.81122256897002,-47.89579155648461],[-74.81237545243263,-47.89855346086021],[-74.8084148010062,-47.89670687916242],[-74.81122256897002,-47.89579155648461]],[[-74.80640736548519,-47.897474816646444],[-74.80746207296869,-47.897021378034125],[-74.80746130041756,-47.897223625123885],[-74.80640736548519,-47.897474816646444]],[[-74.80121343946307,-47.919556858718465],[-74.80004708306782,-47.920336831111406],[-74.79909206791962,-47.9195531610689],[-74.80121343946307,-47.919556858718465]],[[-74.7979965418879,-47.9196891961104],[-74.79586349044915,-47.92267542740063],[-74.79450042276962,-47.921247056649804],[-74.7979965418879,-47.9196891961104]],[[-74.89045480168281,-47.92826819845489],[-74.89090812750777,-47.927747667466576],[-74.89148949829504,-47.92766139674958],[-74.89045480168281,-47.92826819845489]],[[-74.88786375317957,-47.93169511557644],[-74.88799190683801,-47.93221610157993],[-74.88734665595257,-47.93191161520575],[-74.88786375317957,-47.93169511557644]]],[[[-74.54119604633868,-47.79967074302809],[-74.51292224920243,-47.82316976007714],[-74.52536604758966,-47.87730872328952],[-74.61034906927422,-47.84746350216129],[-74.61895869273881,-47.80037881196079],[-74.54119604633868,-47.79967074302809]]],[[[-74.68179961260064,-47.85592055941082],[-74.67798361059621,-47.885753144440365],[-74.69971599351281,-47.81835557914431],[-74.64543941214379,-47.791404816257305],[-74.60125626357787,-47.870276262863115],[-74.62415044393964,-47.882599166645946],[-74.68179961260064,-47.85592055941082]],[[-74.64201651650095,-47.86539651135586],[-74.63989882266026,-47.86699034745513],[-74.63752139173496,-47.86684569475674],[-74.64201651650095,-47.86539651135586]],[[-74.64424024837605,-47.86814705312476],[-74.64833843366912,-47.8650958829165],[-74.65377164123854,-47.865569677299256],[-74.64424024837605,-47.86814705312476]],[[-74.65789958322537,-47.86958303782969],[-74.65975411111198,-47.86578663562311],[-74.65979771892913,-47.86734377678829],[-74.65789958322537,-47.86958303782969]],[[-74.6393489324338,-47.80835393744885],[-74.64028342017947,-47.809158869677724],[-74.6390826484274,-47.810632439461926],[-74.6393489324338,-47.80835393744885]],[[-74.63648239578578,-47.80610768206522],[-74.63933051607218,-47.80198007321863],[-74.6397443420758,-47.80556924069675],[-74.63648239578578,-47.80610768206522]],[[-74.6830907899046,-47.86853292990998],[-74.68599455453464,-47.86886677333141],[-74.68636075815012,-47.87060573647568],[-74.6830907899046,-47.86853292990998]]],[[[-73.8131349878264,-47.821060836598015],[-73.797021116956,-47.82208903539222],[-73.84779678938966,-47.85302027413278],[-73.86761471690872,-47.84213696963958],[-73.8131349878264,-47.821060836598015]]],[[[-73.54616003772362,-47.82094615714763],[-73.50844149742059,-47.83493437830362],[-73.48495503353749,-47.8690495213038],[-73.53778544857165,-47.85825391954371],[-73.57105060163346,-47.82975761794435],[-73.54616003772362,-47.82094615714763]]],[[[-74.03553627104802,-47.873299524014264],[-74.01957157621032,-47.863912133464396],[-74.04998020344962,-47.86429307216421],[-73.96860635026857,-47.830137232364315],[-74.0280945356062,-47.81651458767857],[-74.01268888303107,-47.80801045305696],[-73.85586985632156,-47.86992916158828],[-73.80461146069527,-47.84031571256098],[-73.74658831080507,-47.859217912976305],[-73.77494670768151,-47.9287283745162],[-73.82096781920019,-47.942350963718134],[-73.89332854725058,-47.937268680996745],[-73.85170668240927,-47.89786765841348],[-73.86312089020834,-47.89148250505253],[-73.95017280565409,-47.924291939061284],[-73.96013355369648,-47.943308044712374],[-74.09102408325396,-47.92580914046509],[-74.12613446484255,-47.94831618954397],[-74.25921804251999,-47.96367790438393],[-74.29792532072703,-47.95072506407224],[-74.3388079664126,-47.90149972619745],[-74.31863837540925,-47.922354600909],[-74.46946317329825,-47.88788545779501],[-74.42545722550696,-47.86093264730587],[-74.34797927857659,-47.889776160505264],[-74.41944744684886,-47.85423680349599],[-74.33118278061673,-47.808787101789015],[-74.15412383559693,-47.885321116995556],[-74.3125262678605,-47.80285697873732],[-74.23790887479836,-47.77848678175371],[-73.98892232084914,-47.83260342791206],[-74.14151856863063,-47.88198989480882],[-74.06679720635414,-47.86320066991225],[-74.04923239011156,-47.92825559052061],[-74.01881991448961,-47.89589087682799],[-74.03553627104802,-47.873299524014264]],[[-74.0508178797571,-47.85274343471677],[-74.0501680753115,-47.83226557049896],[-74.06505827816986,-47.84149215960636],[-74.0508178797571,-47.85274343471677]],[[-74.21057846591562,-47.791834503280676],[-74.20904520611732,-47.791927217683806],[-74.20982774023942,-47.7908314806826],[-74.21057846591562,-47.791834503280676]],[[-74.00843173276367,-47.84648850231633],[-74.0087067995986,-47.84744992261663],[-74.00754597952047,-47.84679113529858],[-74.00843173276367,-47.84648850231633]],[[-73.98731108728418,-47.84632097345675],[-73.9900007231949,-47.84651563357032],[-73.98866768799196,-47.84711971763708],[-73.98731108728418,-47.84632097345675]],[[-73.99898124037905,-47.845959390892006],[-73.99242912902099,-47.84607606969725],[-73.99633074406526,-47.844863006659374],[-73.99898124037905,-47.845959390892006]],[[-73.99704193308918,-47.8437378965861],[-73.9933340496174,-47.84367687797025],[-73.99212816016315,-47.8418701537272],[-73.99704193308918,-47.8437378965861]]],[[[-73.61326683318923,-47.79645202931508],[-73.58678287805263,-47.811510581641734],[-73.63703673261246,-47.837306879307626],[-73.67891274971225,-47.84552762307198],[-73.71616819860486,-47.820551934086936],[-73.6271359965226,-47.81585129408464],[-73.61326683318923,-47.79645202931508]],[[-73.61042904622354,-47.80883068643887],[-73.6158131339132,-47.81368086377392],[-73.60466069159469,-47.8144028137455],[-73.61042904622354,-47.80883068643887]]],[[[-74.38507736149602,-47.761910554758224],[-74.33826913624392,-47.789027394944746],[-74.47814691496029,-47.88354524423673],[-74.46787553578085,-47.808295424441525],[-74.38507736149602,-47.761910554758224]],[[-74.43639155687453,-47.85312245419234],[-74.4350562246794,-47.853414755118415],[-74.43499085068291,-47.85261748288455],[-74.43639155687453,-47.85312245419234]]],[[[-74.06011587863067,-47.77527171347967],[-74.02812828710805,-47.78236150569433],[-74.04156128154006,-47.79713910765878],[-74.03118044084661,-47.81578745694066],[-74.14030522765111,-47.78256619160242],[-74.06011587863067,-47.77527171347967]]],[[[-75.03377509524782,-47.66713077671565],[-74.97255160013988,-47.67928084948251],[-74.93067839746186,-47.743262631561485],[-74.91497721532795,-47.73632087175244],[-74.9671496144165,-47.692756273916125],[-74.91605859918215,-47.692066058613094],[-74.8936884761942,-47.74839608925241],[-74.88163915769265,-47.72889149621506],[-74.87979257630303,-47.74933310774096],[-74.8677102752575,-47.73248289020894],[-74.84732644414373,-47.75249050610255],[-74.88817007779315,-47.769150997008616],[-74.89401816239504,-47.74978683863677],[-74.89859078841386,-47.76988564542242],[-74.92940690314411,-47.778425319392284],[-75.00237728274354,-47.75178862054447],[-75.05714599536118,-47.69083990097799],[-75.03377509524782,-47.66713077671565]]],[[[-75.08070258532861,-47.66580120620922],[-75.07005511118413,-47.67312158484279],[-75.08920711848137,-47.693105699326004],[-75.06760145641033,-47.69468209829041],[-75.03909488871597,-47.74971646475425],[-75.13563712425277,-47.77969582577156],[-75.03706837477496,-47.75923955623504],[-75.01900070589085,-47.782745274285006],[-74.98904935347053,-47.778308915281926],[-75.04474121170507,-47.81389536436521],[-75.16645658969904,-47.83943662433836],[-75.14150440495398,-47.819661830366556],[-75.15419836618153,-47.785436307207114],[-75.20617692050985,-47.78114106847198],[-75.19230594796949,-47.812541350080906],[-75.1645599847245,-47.822797260142195],[-75.17502765747165,-47.834131860327744],[-75.20986248713503,-47.81889726766916],[-75.21694952997342,-47.77910549720153],[-75.28630432260663,-47.75755093967295],[-75.35029062769337,-47.78277949212865],[-75.32517134283074,-47.76342417450709],[-75.34882012060754,-47.7312697837714],[-75.26036440786733,-47.71306180860167],[-75.24729644025776,-47.72005419700156],[-75.26936102555631,-47.756719138545456],[-75.22503930017973,-47.72288915708453],[-75.17608960986792,-47.74351275992625],[-75.12827190461192,-47.720288812807674],[-75.13486637872215,-47.70556904114589],[-75.12600392981074,-47.71605385354373],[-75.094927158121,-47.697395783967984],[-75.12760189615724,-47.6828041495826],[-75.08070258532861,-47.66580120620922]],[[-75.0834419726347,-47.67811379298535],[-75.08374748157799,-47.67852527555683],[-75.08322452374209,-47.678290414278884],[-75.0834419726347,-47.67811379298535]],[[-75.08396535537376,-47.67861338780396],[-75.08579578954613,-47.67952365296483],[-75.0851861505735,-47.67958295260689],[-75.08396535537376,-47.67861338780396]],[[-75.0892376064038,-47.68057970704865],[-75.08893372790276,-47.681109259233395],[-75.08836730508182,-47.680962726522566],[-75.0892376064038,-47.68057970704865]],[[-75.09481244325922,-47.68104582753752],[-75.09647581055168,-47.68569083996667],[-75.08663129462559,-47.68449296874212],[-75.09481244325922,-47.68104582753752]],[[-75.1195958058163,-47.6832576080537],[-75.12016027839475,-47.68255125489433],[-75.12042226036928,-47.68284505606516],[-75.1195958058163,-47.6832576080537]],[[-75.11633829361054,-47.6871428605293],[-75.11516002465632,-47.68608535791275],[-75.11607272825634,-47.68523163032145],[-75.11633829361054,-47.6871428605293]],[[-75.26863827970625,-47.7584474577011],[-75.26515301313492,-47.759214520755435],[-75.2663870333323,-47.75841475412621],[-75.26863827970625,-47.7584474577011]],[[-75.26310595921493,-47.76620163570393],[-75.26187190218663,-47.767039274316],[-75.26181304187428,-47.76650817128529],[-75.26310595921493,-47.76620163570393]],[[-74.99872309696617,-47.78060246553068],[-74.99501466372543,-47.77831694286855],[-74.9994999788885,-47.779888323005295],[-74.99872309696617,-47.78060246553068]],[[-74.9975046230131,-47.777688518775754],[-74.99723981224378,-47.77738861108594],[-74.99766349905425,-47.77729338116909],[-74.9975046230131,-47.777688518775754]]],[[[-74.34615622945415,-47.60241086284941],[-74.3519386660734,-47.561709904524925],[-74.27832302660539,-47.60841757722024],[-74.36976639045355,-47.647085586449535],[-74.33142438610567,-47.63146554746128],[-74.3558394367013,-47.62793896614578],[-74.34615622945415,-47.60241086284941]],[[-74.2939139836573,-47.61146766029053],[-74.28944990466756,-47.61079188251748],[-74.29313273053282,-47.61016648530629],[-74.2939139836573,-47.61146766029053]],[[-74.28981428200807,-47.612198562113896],[-74.29047964078279,-47.61261317374685],[-74.28983538972228,-47.612998167752366],[-74.28981428200807,-47.612198562113896]],[[-74.29557247579274,-47.61327838843065],[-74.2963656342897,-47.6121092591979],[-74.29702316963663,-47.61310724935644],[-74.29557247579274,-47.61327838843065]],[[-74.31147880169652,-47.61758540125506],[-74.30747454874114,-47.61470932067394],[-74.31045049300427,-47.615598610132274],[-74.31147880169652,-47.61758540125506]]],[[[-74.18265446017459,-47.134579539031115],[-74.1658236878934,-47.17114754674827],[-74.2264173714607,-47.15307341934641],[-74.18265446017459,-47.134579539031115]],[[-74.19714765349144,-47.138564667418606],[-74.19698782882934,-47.14290903986723],[-74.19556391106912,-47.143478477014014],[-74.19714765349144,-47.138564667418606]],[[-74.203478361573,-47.14424189217847],[-74.20476299195516,-47.140356023008735],[-74.20659405135497,-47.14094803334635],[-74.203478361573,-47.14424189217847]],[[-74.20723697650213,-47.14529801537344],[-74.20698492540308,-47.14639066515066],[-74.20604900304791,-47.14586921647639],[-74.20723697650213,-47.14529801537344]],[[-74.20098773932864,-47.14673523463848],[-74.20736826078932,-47.149161558913335],[-74.2074720197979,-47.151705248312105],[-74.20098773932864,-47.14673523463848]],[[-74.19134924752137,-47.147633320541885],[-74.19171927706164,-47.148118740139694],[-74.19115507936766,-47.14798598806784],[-74.19134924752137,-47.147633320541885]],[[-74.19359383378581,-47.1489688396762],[-74.19710482900521,-47.1476738133801],[-74.19395658607397,-47.149937130577776],[-74.19359383378581,-47.1489688396762]],[[-74.19989820416157,-47.15017188166001],[-74.19981398620537,-47.14949532563529],[-74.2002308458197,-47.15001324484459],[-74.19989820416157,-47.15017188166001]],[[-74.18728342403642,-47.152664267263425],[-74.19180943467849,-47.153691069861004],[-74.17934325746091,-47.154199320117506],[-74.18728342403642,-47.152664267263425]],[[-74.17728813487304,-47.157765931623295],[-74.1859354615284,-47.16453553978222],[-74.18256049549754,-47.16448317560546],[-74.17728813487304,-47.157765931623295]],[[-74.17277139664134,-47.16418544040251],[-74.1740761986932,-47.16604245540513],[-74.17107103313218,-47.16633336251322],[-74.17277139664134,-47.16418544040251]],[[-74.17829823830775,-47.165220043222654],[-74.17985494144,-47.16426483177438],[-74.18105644801398,-47.16472821844922],[-74.17829823830775,-47.165220043222654]],[[-74.18631806568602,-47.161860847746745],[-74.18682400224392,-47.160932146391914],[-74.18702091475083,-47.16167253990017],[-74.18631806568602,-47.161860847746745]],[[-74.19243465762466,-47.15918119616523],[-74.19163297950556,-47.159829219302715],[-74.19176792442754,-47.159176470846596],[-74.19243465762466,-47.15918119616523]],[[-74.21349216681102,-47.15811128253512],[-74.20835914117526,-47.15763773913237],[-74.20876039705313,-47.154214179141015],[-74.21349216681102,-47.15811128253512]],[[-74.20655099510341,-47.157465832689454],[-74.2047304046699,-47.15813051709056],[-74.20362836764903,-47.15760489121898],[-74.20655099510341,-47.157465832689454]],[[-74.21521254388638,-47.152346150944304],[-74.2107962058624,-47.15084164971835],[-74.21459423706956,-47.15070846275255],[-74.21521254388638,-47.152346150944304]]],[[[-74.29850772817012,-47.0275516876791],[-74.24695318943569,-47.043890780446816],[-74.26582886057851,-47.079608021151245],[-74.42652402880579,-47.1687610064977],[-74.42436083349935,-47.12337063672645],[-74.45033083551245,-47.101356018355624],[-74.44851839729016,-47.074276424510174],[-74.29850772817012,-47.0275516876791]],[[-74.38961929926808,-47.133330049302124],[-74.39780169027176,-47.13216308877519],[-74.39557879293153,-47.133875156149344],[-74.38961929926808,-47.133330049302124]],[[-74.4233254847102,-47.14012303603424],[-74.42224611218393,-47.14251342291853],[-74.41629797142906,-47.14056661511258],[-74.4233254847102,-47.14012303603424]]],[[[-74.57808944812065,-46.91375087339505],[-74.56368624084246,-46.91995993519349],[-74.57822321714794,-46.93984739554354],[-74.60652552501466,-46.93213092447516],[-74.60757812684714,-46.917822342004285],[-74.57808944812065,-46.91375087339505]]],[[[-74.33402241002706,-46.85619001734788],[-74.35568893745018,-46.8942284097445],[-74.38761321840651,-46.8826322307324],[-74.33402241002706,-46.85619001734788]]],[[[-74.6730501960065,-46.81433044428885],[-74.63299523287087,-46.84449524418845],[-74.52090104692842,-46.823991228604555],[-74.46335280309127,-46.850165021116986],[-74.38185741953039,-46.852343264057644],[-74.40120942504755,-46.900446845174486],[-74.4084636030378,-46.885198695869754],[-74.52110484861525,-46.8888861086368],[-74.58991944653884,-46.85509928698083],[-74.63444955860346,-46.87564328277039],[-74.64223380100186,-46.84068521113041],[-74.70264928037633,-46.81807252771064],[-74.6730501960065,-46.81433044428885]],[[-74.44644480713666,-46.86812173515815],[-74.45010946996518,-46.869712606771415],[-74.44147098363051,-46.86934151883435],[-74.44644480713666,-46.86812173515815]],[[-74.40341866979209,-46.88371356961331],[-74.4069707898852,-46.88325569817838],[-74.40766053073338,-46.8837104512002],[-74.40341866979209,-46.88371356961331]]],[[[-74.2550488849296,-46.77423570813331],[-74.23635062386887,-46.79024982456836],[-74.31273694255758,-46.783573132664024],[-74.2550488849296,-46.77423570813331]]],[[[-75.2080378102653,-46.71810898082473],[-75.14589373243399,-46.73514670710007],[-75.12348618113974,-46.774850838482756],[-75.15129338702923,-46.77599607905325],[-75.22899604123972,-46.72705538586032],[-75.2080378102653,-46.71810898082473]],[[-75.1906628502631,-46.73137340451299],[-75.18568738553492,-46.7383546447087],[-75.1830439859119,-46.738162500236875],[-75.1906628502631,-46.73137340451299]]],[[[-75.21141911750377,-46.682774340157145],[-75.13753750125316,-46.701577239320365],[-75.1312770926308,-46.73403278525886],[-75.21750671901157,-46.695872106642874],[-75.21141911750377,-46.682774340157145]]],[[[-74.99118159283228,-46.15204512667821],[-74.99008019631019,-46.17959637195378],[-75.03773080055029,-46.18013838262887],[-74.99118159283228,-46.15204512667821]]],[[[-73.92008483115715,-46.09328980726651],[-73.86987279676705,-46.118427326453514],[-73.93975317031678,-46.127860178045886],[-73.92008483115715,-46.09328980726651]]],[[[-73.8665920936539,-45.99617480522341],[-73.7607465546918,-46.03570182917877],[-73.76082524531405,-46.08416295803655],[-73.76498590214693,-46.05720368277546],[-73.74367111276825,-46.03177669502714],[-73.64579233500567,-46.07490411549964],[-73.67972142480912,-46.15574207063439],[-73.71965249230074,-46.144932890107775],[-73.69624782631249,-46.17562524387311],[-73.72620222132667,-46.208491376596996],[-73.7928267741983,-46.18585397473499],[-73.81840187950745,-46.157117167908126],[-73.74813641795838,-46.139771436095096],[-73.82867152583673,-46.1414586318602],[-73.86406925602684,-46.09599945203275],[-73.92173758934612,-46.091128611039935],[-73.90369632823642,-46.003180796017006],[-73.8665920936539,-45.99617480522341]]],[[[-73.97536111975809,-45.944498708776386],[-73.95409322603051,-45.960904184219345],[-73.95278092574098,-46.01240108828276],[-73.98306490993797,-45.997338656179835],[-73.97536111975809,-45.944498708776386]]],[[[-74.0524259755068,-45.867982836769606],[-74.0324065980903,-45.88227011458391],[-74.07030454004042,-45.899730933275016],[-74.0594151433017,-45.90630969827739],[-74.13237171489689,-45.887216642677714],[-74.0524259755068,-45.867982836769606]],[[-74.08568620580083,-45.88733482293208],[-74.0867972403476,-45.88820096146852],[-74.08287144535082,-45.890527146643244],[-74.08568620580083,-45.88733482293208]],[[-74.0713608797628,-45.890577028274045],[-74.06914368762294,-45.89163061266408],[-74.07122594472229,-45.88946857982219],[-74.0713608797628,-45.890577028274045]]],[[[-73.52862850945223,-45.86199101177614],[-73.47078590476445,-45.884318734773444],[-73.32198194615884,-45.89762154052098],[-73.35716677652492,-45.921241180027415],[-73.42617612381223,-46.05979341338769],[-73.52314570409936,-46.14293621707441],[-73.53805094385724,-46.184448917379626],[-73.60508368580409,-46.22192331523313],[-73.5684674394401,-46.230483348466315],[-73.57675292649567,-46.25731128868161],[-73.6747605163818,-46.32854136277382],[-73.64930363744887,-46.218821399599555],[-73.61226634801628,-46.22049226716156],[-73.63926556961334,-46.187440798560246],[-73.60287788250541,-46.058086629683494],[-73.6234827252302,-46.026178899060106],[-73.61725244250921,-45.98866859645366],[-73.6361175853969,-45.975026254358454],[-73.59938980869882,-45.94703405599758],[-73.5609604809188,-45.94613742082079],[-73.59360768110001,-45.924054025653476],[-73.52862850945223,-45.86199101177614]],[[-73.5870495833689,-46.20526434676026],[-73.58393021229088,-46.205525926522654],[-73.58385770028114,-46.2049847263229],[-73.5870495833689,-46.20526434676026]],[[-73.60230753225005,-46.24912235960639],[-73.59733286522585,-46.24926910458092],[-73.60180775723667,-46.24757883184609],[-73.60230753225005,-46.24912235960639]],[[-73.60997066288353,-46.258730798261034],[-73.60500876541107,-46.25596957796484],[-73.61047474172543,-46.255371350325156],[-73.60997066288353,-46.258730798261034]]],[[[-73.69784260004647,-45.806934442070535],[-73.67087088127016,-45.83853511605955],[-73.6792655801081,-45.86963860078432],[-73.64923629254865,-45.88776726547525],[-73.6851289989519,-45.907213353140605],[-73.65885671474399,-45.91593356452186],[-73.66052702152201,-46.02958767735398],[-73.79983360377003,-46.002578525475144],[-73.73705495781863,-45.89251054251558],[-73.70886848321621,-45.91029420034385],[-73.76380792245025,-45.955710095774634],[-73.6790628977221,-45.892007160430076],[-73.70647814709355,-45.87925175647526],[-73.80956006130486,-45.87781948162429],[-73.78156206852039,-45.90273383909587],[-73.75132992430183,-45.89407248056031],[-73.78479843618102,-45.90448293323479],[-73.77929684346229,-45.918927042289965],[-73.80679136915757,-45.93831613890458],[-73.83487998578453,-45.923746178545365],[-73.79586741153493,-45.94470274276431],[-73.82251607996541,-45.98553532587085],[-73.91071461671791,-45.982314141151384],[-73.91132897274409,-45.91259327042633],[-73.86547123602949,-45.85592207278154],[-73.77533644356414,-45.86008765705614],[-73.76477721542159,-45.82899158072501],[-73.78128629740628,-45.83112175220173],[-73.77645506707843,-45.85259817702528],[-73.81177601466794,-45.83911109125182],[-73.69784260004647,-45.806934442070535]],[[-73.70061275554937,-45.80771922684737],[-73.70434653385755,-45.810090012295696],[-73.70146942224198,-45.810378521327124],[-73.70061275554937,-45.80771922684737]]],[[[-74.33220206124038,-45.771293946782045],[-74.32967224999176,-45.789306693967774],[-74.3758610078037,-45.80495240842637],[-74.43382236528048,-45.79474452925351],[-74.33220206124038,-45.771293946782045]]],[[[-74.48902678147216,-45.73947322681867],[-74.46805962124382,-45.81277889096081],[-74.53600607739538,-45.815217760788464],[-74.57757342977031,-45.79283751014454],[-74.54176895589428,-45.77100464259953],[-74.55754852681652,-45.76368428177299],[-74.48902678147216,-45.73947322681867]]],[[[-73.83463504574925,-45.76434286503468],[-73.84408266711823,-45.78137101499744],[-73.81661445397594,-45.76694398332962],[-73.76257507096105,-45.807118000515],[-73.8115622201219,-45.818949842567925],[-73.82544216683195,-45.848861312365514],[-73.88366015501909,-45.85156452601039],[-73.8676186650044,-45.8259015246052],[-73.82439216023232,-45.821059296482616],[-73.83133720457711,-45.80493670537155],[-73.8841984821312,-45.82123036216849],[-73.87504222034147,-45.792182226042],[-73.83463504574925,-45.76434286503468]]],[[[-73.85948216713196,-45.748862363753766],[-73.8470996266606,-45.763429382619094],[-73.89328700106701,-45.78581698620899],[-73.85948216713196,-45.748862363753766]],[[-73.86535624987651,-45.76698435933895],[-73.867772160137,-45.76747991369367],[-73.86593861150553,-45.7681692216536],[-73.86535624987651,-45.76698435933895]]],[[[-74.02504288222926,-45.73777357680622],[-73.8722618617736,-45.748417741397105],[-73.95687341661345,-45.78965871702909],[-73.92630751413084,-45.79659129451889],[-73.9417996915358,-45.83786318242321],[-73.93212710686687,-45.86973183762446],[-73.95972467471515,-45.92168665900938],[-73.9960042370022,-45.934465824098616],[-74.01704867300623,-45.85599114396852],[-73.9774642096872,-45.840116863607086],[-74.03263786576694,-45.857148201225606],[-74.02994800797237,-45.81190214494547],[-74.03831555073924,-45.836215855103674],[-74.09486240569827,-45.79469330582701],[-74.03368007858317,-45.76937744920845],[-74.03871413233247,-45.74177118052816],[-74.02504288222926,-45.73777357680622]],[[-74.03687547857525,-45.77139807200948],[-74.03360435509629,-45.795286118137966],[-74.03281528213725,-45.770042077846384],[-74.03687547857525,-45.77139807200948]],[[-74.02483588164169,-45.84093051141209],[-74.03143395619959,-45.843832275079066],[-74.0228625901863,-45.841778207980106],[-74.02483588164169,-45.84093051141209]],[[-73.980737962535,-45.916007209025],[-73.9797839472117,-45.91640535400148],[-73.97849378141075,-45.91527551379656],[-73.980737962535,-45.916007209025]],[[-73.97593612957483,-45.91576091075487],[-73.9748346010004,-45.91625932588575],[-73.97463204707351,-45.91539337747572],[-73.97593612957483,-45.91576091075487]]],[[[-74.51351078315577,-45.708429593934945],[-74.49768943518292,-45.72975155218469],[-74.54106480876388,-45.74797389405713],[-74.5444931742485,-45.731157565688996],[-74.51351078315577,-45.708429593934945]]],[[[-74.19310316768943,-45.73975318492279],[-74.28779947131855,-45.754886985865696],[-74.22201482886453,-45.749290101667555],[-74.21368501354296,-45.7757364835657],[-74.20968472395461,-45.750536883210216],[-74.14612750006164,-45.74693602661228],[-74.12729651022272,-45.752628287371905],[-74.11379188502828,-45.8019869568111],[-74.187574303017,-45.78798489434656],[-74.17919550076635,-45.80592607309083],[-74.26428945540535,-45.82244001780927],[-74.32263999270761,-45.768718745542145],[-74.32271461306331,-45.75131075878907],[-74.28026499111188,-45.7368181462225],[-74.27347096793937,-45.70819037662166],[-74.2098148907376,-45.714722508640804],[-74.19310316768943,-45.73975318492279]],[[-74.14473315843382,-45.78816535562707],[-74.14213952008764,-45.788860265382326],[-74.14444709172822,-45.787238651316706],[-74.14473315843382,-45.78816535562707]],[[-74.13920346281975,-45.78837594138683],[-74.1398706793105,-45.78796069427836],[-74.14040411150263,-45.78842701589791],[-74.13920346281975,-45.78837594138683]]],[[[-74.46057405610101,-45.66425176320032],[-74.44573088274271,-45.68628950808428],[-74.48530274539327,-45.7206366193108],[-74.50085167296798,-45.695479858004035],[-74.46057405610101,-45.66425176320032]],[[-74.46763767536835,-45.67278501388293],[-74.47127394334905,-45.6733617683887],[-74.46598439256327,-45.67533026552412],[-74.46763767536835,-45.67278501388293]]],[[[-74.90535740758028,-45.62046132977387],[-74.89873479284547,-45.65864786959675],[-74.94012864101315,-45.635068130381],[-74.90535740758028,-45.62046132977387]]],[[[-73.73173042573737,-45.71106196874936],[-73.69439083883861,-45.746720577162186],[-73.7317205128282,-45.771574974670855],[-73.795168383005,-45.70443753646401],[-73.79777560657325,-45.671600479147465],[-73.78171017016803,-45.688719934397184],[-73.75273157462279,-45.683858541259106],[-73.73173042573737,-45.71106196874936]]],[[[-74.49812994294712,-45.62789427213926],[-74.47349728715199,-45.655837458183115],[-74.51046753172167,-45.68448441461801],[-74.51865194213809,-45.651091224949106],[-74.49812994294712,-45.62789427213926]]],[[[-74.82572222925862,-45.59872538486576],[-74.76537014848529,-45.62582758230797],[-74.83288764202072,-45.618468732265804],[-74.75981032607156,-45.64587876620143],[-74.72380323538655,-45.71785531685259],[-74.8594712481701,-45.65649414322638],[-74.85942540175127,-45.62467544705669],[-74.82572222925862,-45.59872538486576]]],[[[-74.53645617647189,-45.57651120520014],[-74.51220473873387,-45.57832454923423],[-74.50705214868954,-45.60133170865558],[-74.5498362466589,-45.66040280204992],[-74.53069101715047,-45.67549583686319],[-74.55828223660461,-45.73511876588633],[-74.59623094504639,-45.76397948149163],[-74.62570538637395,-45.76535574582988],[-74.59908924953317,-45.729682961461734],[-74.62900622791912,-45.76365634552978],[-74.66078230931146,-45.754311674456105],[-74.68381157652901,-45.71653328400831],[-74.6541317803275,-45.649930423261516],[-74.6055425902274,-45.603626454431186],[-74.53645617647189,-45.57651120520014]]],[[[-73.98365069145328,-45.534454649441976],[-73.95979722714905,-45.54900542368376],[-73.97428642475953,-45.55744808586746],[-73.94440096376529,-45.54941200637637],[-73.8620550022928,-45.60211043964828],[-73.88338170423046,-45.64211594736679],[-73.86345929815228,-45.64680160817399],[-73.88146404184735,-45.6668172134244],[-73.88011606227137,-45.71055187304669],[-73.90663512267096,-45.70683166845265],[-73.95605094698708,-45.7363955769395],[-74.03567457297422,-45.72399736717751],[-74.08253303650855,-45.60311775288933],[-74.09820658915929,-45.598955828938315],[-74.05627276457264,-45.560607884923115],[-73.98365069145328,-45.534454649441976]],[[-73.97671689401581,-45.54279891420325],[-73.98399395748626,-45.54322947606633],[-73.97472062814704,-45.5444872482312],[-73.97671689401581,-45.54279891420325]],[[-73.98746255941076,-45.54646976938727],[-73.99440328196073,-45.546327987482734],[-73.98692837353212,-45.547236986323234],[-73.98746255941076,-45.54646976938727]]],[[[-74.2197394761999,-45.48016705655074],[-74.18939890352993,-45.49955602507798],[-74.17338107334318,-45.54883981883762],[-74.17254943730767,-45.51773084372636],[-74.158143846799,-45.565946998939104],[-74.22721646782166,-45.49288781221837],[-74.2197394761999,-45.48016705655074]]],[[[-74.38988058504826,-45.446551186201695],[-74.36212861207403,-45.45241858569972],[-74.37959632492596,-45.46492518806219],[-74.31942486930514,-45.459426230541304],[-74.26102261958523,-45.49145342764152],[-74.35191686396148,-45.52234930463611],[-74.2563744066235,-45.49659618252086],[-74.20881684988052,-45.55857305500998],[-74.26470643180068,-45.567400882843614],[-74.2804507896621,-45.55585546491618],[-74.25616168017433,-45.55715262172036],[-74.29078416337592,-45.548251606132624],[-74.35744885746603,-45.567559196455484],[-74.28728846916077,-45.55475904942448],[-74.27117857962371,-45.57656594561924],[-74.31748219962115,-45.58359328804807],[-74.20560443489865,-45.57312949470309],[-74.17840880744448,-45.62890280213354],[-74.18742555458236,-45.669667103306345],[-74.213071458814,-45.669679948067625],[-74.19299836304185,-45.6813520418609],[-74.2071300221861,-45.692882575221645],[-74.29952909558018,-45.69548693373293],[-74.32873599256497,-45.67720584857426],[-74.31383948532996,-45.69800291192405],[-74.34518123128242,-45.67408630938612],[-74.32016713644462,-45.703089469367356],[-74.4209383447933,-45.691212894904965],[-74.39146858728164,-45.710754525730955],[-74.28911923840475,-45.71421270288755],[-74.30664258661717,-45.73765874655925],[-74.3833537235362,-45.73912998785885],[-74.33932332539952,-45.750354812674246],[-74.34404207587401,-45.76569480664968],[-74.44844969413721,-45.78378769636179],[-74.48763682092799,-45.7291349625554],[-74.44083932695028,-45.73332120542987],[-74.46294808600462,-45.708017021811386],[-74.42502319818924,-45.69051917839856],[-74.45452263783453,-45.65513201904067],[-74.43679554093588,-45.64837783409675],[-74.471613944006,-45.636246986104],[-74.48485583533605,-45.609857637682914],[-74.42900304391834,-45.61398893338035],[-74.41547667410414,-45.589114133843644],[-74.45143713324272,-45.59548439956549],[-74.45738078152287,-45.546561555688434],[-74.38988058504826,-45.446551186201695]],[[-74.2930335942547,-45.53553824823333],[-74.28950674377056,-45.534295507586776],[-74.29089734032195,-45.5320538120539],[-74.2930335942547,-45.53553824823333]],[[-74.21332221813567,-45.59407999385915],[-74.22051660605726,-45.595712677708974],[-74.21871689516591,-45.59538365183057],[-74.22194840563579,-45.59817657395715],[-74.21332221813567,-45.59407999385915]],[[-74.21672541462264,-45.68002312613504],[-74.21278095353259,-45.67729431052465],[-74.21655108486368,-45.677170125073275],[-74.21672541462264,-45.68002312613504]]],[[[-74.43166641848005,-45.43668133729069],[-74.40665425142683,-45.44117428859532],[-74.47248719090379,-45.526590601170305],[-74.45913827518912,-45.593663521082995],[-74.48447064852198,-45.60190165774279],[-74.49867485471025,-45.57141202800006],[-74.54551972134446,-45.543516187688965],[-74.52395450412247,-45.51848130648569],[-74.54522683373092,-45.51417401842521],[-74.5200171657743,-45.509180703546015],[-74.52529805859739,-45.48350261053833],[-74.50034204253762,-45.447648004277234],[-74.43166641848005,-45.43668133729069]],[[-74.52457063521965,-45.5257714209822],[-74.52347036248999,-45.52767199527759],[-74.52191182859117,-45.52766550250042],[-74.52457063521965,-45.5257714209822]]],[[[-74.03074884886163,-45.425133248631866],[-73.9229682606241,-45.45496161596014],[-73.96158283089719,-45.46763201887182],[-73.86233035838526,-45.464971695569446],[-73.86243048730178,-45.48690702037665],[-73.8286390750954,-45.45100849539987],[-73.77505631741754,-45.462830570947936],[-73.8376049434522,-45.574440947237896],[-73.90592787994609,-45.55211019916405],[-73.87425102286679,-45.529177686376734],[-73.88130769456373,-45.50821785137422],[-73.90732148854863,-45.543168937587],[-73.98342083502995,-45.525581278519866],[-73.9219858756058,-45.51003799566204],[-73.9377441088451,-45.507827924587914],[-74.04737151293253,-45.51858311179012],[-74.03155337014861,-45.528309698518264],[-74.0514334008982,-45.53490670358769],[-74.03040520373959,-45.53596853346262],[-74.10455694070116,-45.556959965571586],[-74.07248877928072,-45.56923083564332],[-74.10247613797426,-45.593952503560324],[-74.12290085950144,-45.56324662899768],[-74.10294739057905,-45.551588847691214],[-74.12034278545732,-45.544674778771984],[-74.1008946736795,-45.51875499743847],[-74.06335788591463,-45.522883029024236],[-74.09786280120511,-45.51768316872262],[-74.07757990569499,-45.51090046885396],[-74.10028962330135,-45.497197139157294],[-74.06465442616083,-45.45687670029387],[-73.95897102142942,-45.45874878783521],[-74.06188483479994,-45.44839941314436],[-74.03074884886163,-45.425133248631866]],[[-74.09114618496233,-45.55379164048978],[-74.09064615213246,-45.55427760116875],[-74.09032205704594,-45.55402520787536],[-74.09114618496233,-45.55379164048978]],[[-73.78131452606576,-45.46534397097485],[-73.78396611742589,-45.461073348979184],[-73.78956270698589,-45.461084716749085],[-73.78131452606576,-45.46534397097485]]],[[[-73.6713456094568,-45.435008076287716],[-73.57071417088144,-45.451268093266506],[-73.54253990258711,-45.483634892520115],[-73.55277020540187,-45.51777376328041],[-73.58092486796515,-45.51432121119136],[-73.56371537045173,-45.534963862471585],[-73.56715290414213,-45.58904418123277],[-73.59298155983856,-45.600629935647476],[-73.56822411906731,-45.60560926448443],[-73.55790674884025,-45.64541751661264],[-73.67272590682343,-45.60671051750117],[-73.57918151737472,-45.684907483869345],[-73.5880439465232,-45.7350762024026],[-73.6242140428047,-45.76888191359135],[-73.68909976181516,-45.70086804205184],[-73.74085930957216,-45.67222940973028],[-73.79296678561849,-45.66917208121077],[-73.78442317575087,-45.62133226856727],[-73.8053127242336,-45.658566213705875],[-73.8145594858983,-45.645254666653095],[-73.79393732545144,-45.60310033824157],[-73.76974563735794,-45.60469986638745],[-73.77956193540432,-45.58072794879433],[-73.75279866260485,-45.518113863096985],[-73.6713456094568,-45.435008076287716]],[[-73.75588251609317,-45.61047993206027],[-73.78256782141419,-45.62184764430951],[-73.75734225058208,-45.62482076233842],[-73.75588251609317,-45.61047993206027]],[[-73.77576782893664,-45.624621991192726],[-73.77942998456719,-45.62409763690031],[-73.78001262467396,-45.62584579717347],[-73.77576782893664,-45.624621991192726]],[[-73.7678395102414,-45.61192958196837],[-73.76585573095507,-45.611463840830524],[-73.76787849173485,-45.61159677905785],[-73.7678395102414,-45.61192958196837]],[[-73.78175861271804,-45.63465801894626],[-73.77846495320355,-45.62956524054895],[-73.78314407809253,-45.63233130706645],[-73.78175861271804,-45.63465801894626]],[[-73.79088145628086,-45.64934696807858],[-73.79013662534956,-45.6498255885952],[-73.78990788014224,-45.64907913271943],[-73.79088145628086,-45.64934696807858]]],[[[-74.10467079407859,-45.40108707264087],[-74.08236260903116,-45.43671053046021],[-74.11220899870042,-45.4210148107894],[-74.10467079407859,-45.40108707264087]]],[[[-74.12635412718404,-45.39399508226367],[-74.11367593138972,-45.40456693874006],[-74.1457984148337,-45.42724917427303],[-74.16216169575621,-45.405658627333544],[-74.12635412718404,-45.39399508226367]],[[-74.13635282186065,-45.40736889528121],[-74.14177156745231,-45.4099201786907],[-74.13291670840674,-45.409931697403366],[-74.13635282186065,-45.40736889528121]]],[[[-73.79348052584128,-45.369251670362196],[-73.78839035253952,-45.414567404786176],[-73.87753254614178,-45.451797554769364],[-74.0384046106148,-45.415350425840344],[-73.97762819354905,-45.384052268015104],[-73.82448071525471,-45.37333795227531],[-73.8293779636711,-45.384915200245615],[-73.79348052584128,-45.369251670362196]],[[-73.98224639739041,-45.392648787679306],[-73.98208886702557,-45.393392439164714],[-73.98156985638701,-45.39284598757468],[-73.98224639739041,-45.392648787679306]],[[-73.99976861821716,-45.39663051565532],[-73.99976142001678,-45.397036858694975],[-73.99914254187148,-45.39669272058613],[-73.99976861821716,-45.39663051565532]],[[-74.00142073141575,-45.40108159527113],[-74.00093639484885,-45.401280501537784],[-74.00060653706979,-45.4009051030836],[-74.00142073141575,-45.40108159527113]],[[-74.02613764469297,-45.41418954386245],[-74.02238467926864,-45.413817022228024],[-74.02408061408342,-45.41201593274364],[-74.02613764469297,-45.41418954386245]]],[[[-74.05720733047173,-45.34304398702468],[-73.97244355251371,-45.38010910696493],[-74.04255147471481,-45.411036115043544],[-74.0808693161782,-45.37927078429736],[-74.07713338909986,-45.3430161900582],[-74.05720733047173,-45.34304398702468]],[[-74.06885285176152,-45.348558734956946],[-74.06833919508203,-45.35137467433327],[-74.06637221788479,-45.350955701515716],[-74.06885285176152,-45.348558734956946]],[[-74.02732047798713,-45.36427114763613],[-74.06764026267186,-45.37234748036559],[-74.02893783536736,-45.36959847279016],[-74.02732047798713,-45.36427114763613]],[[-74.02262181743565,-45.36912632343409],[-74.02526090604364,-45.369761309984774],[-74.02100257718656,-45.36981676908695],[-74.02262181743565,-45.36912632343409]]],[[[-74.59910744041765,-45.312335865674875],[-74.56875839932947,-45.345738496081886],[-74.62623678747521,-45.324249317942744],[-74.59910744041765,-45.312335865674875]]],[[[-74.30564752187864,-45.32358595035383],[-74.25886300586183,-45.33609081596188],[-74.23355753168184,-45.40012380807949],[-74.28049211935168,-45.37408712766666],[-74.30564752187864,-45.32358595035383]]],[[[-74.17267939837645,-45.3216906230161],[-74.12464386244383,-45.36304072753565],[-74.20279060420494,-45.38440440504117],[-74.21496022329274,-45.36955611689251],[-74.17267939837645,-45.3216906230161]],[[-74.17564016560284,-45.33053612429953],[-74.17809011841935,-45.332732937109334],[-74.16818845347149,-45.33444746831637],[-74.17564016560284,-45.33053612429953]],[[-74.16374319418695,-45.33362913016627],[-74.16727513452551,-45.33454797178264],[-74.15951057870657,-45.335562811001246],[-74.16374319418695,-45.33362913016627]],[[-74.15342474687988,-45.34287715387834],[-74.14875027526406,-45.34380694197218],[-74.15263183182635,-45.341692281612495],[-74.15342474687988,-45.34287715387834]]],[[[-74.39702622229768,-45.28140042307042],[-74.3271644717221,-45.31115152122228],[-74.26231478234106,-45.40992778110439],[-74.34167962615271,-45.42647783166779],[-74.46959684440914,-45.376245223639344],[-74.52036418407022,-45.32907792086065],[-74.50508412495499,-45.30298104752483],[-74.39702622229768,-45.28140042307042]]],[[[-73.49958681354649,-45.31833619519942],[-73.45686023560306,-45.34032082087405],[-73.49457908762152,-45.36464061677932],[-73.58539716384479,-45.35637053026347],[-73.58020625346708,-45.32620227079402],[-73.49958681354649,-45.31833619519942]]],[[[-74.58919932646438,-45.26752281133608],[-74.55028735454344,-45.283404679373504],[-74.56054409477703,-45.30952359220282],[-74.59141397906693,-45.29730127385105],[-74.56387160999795,-45.2981283052345],[-74.59147256988473,-45.27974876040441],[-74.55213001568518,-45.289318467975676],[-74.58919932646438,-45.26752281133608]]],[[[-73.32471899515025,-45.30011422510532],[-73.37968351175375,-45.334774319580866],[-73.42554328854234,-45.337083054849316],[-73.40354847090033,-45.314652206610674],[-73.42404957887108,-45.31789023799619],[-73.42338096370342,-45.30061414496879],[-73.32471899515025,-45.30011422510532]]],[[[-73.6053413819164,-45.243288876610066],[-73.62173105713858,-45.280161919509005],[-73.648519465698,-45.264476237276],[-73.6053413819164,-45.243288876610066]]],[[[-73.54435296244357,-45.24038063113491],[-73.48508648401301,-45.26580800900849],[-73.48744251347497,-45.28629765529775],[-73.5284426686812,-45.308172959294644],[-73.5421460658952,-45.29763140098031],[-73.53560306884401,-45.31583861745496],[-73.58988947598561,-45.30197006520803],[-73.56849066268684,-45.304752289557484],[-73.57307399572551,-45.272728942780084],[-73.54435296244357,-45.24038063113491]]],[[[-73.76519272935964,-45.357675197122084],[-73.83946840508432,-45.37196785656499],[-73.86028499778958,-45.365127880979244],[-73.8207615857739,-45.35393701847766],[-73.87146877244692,-45.35197247637696],[-73.8719499756901,-45.36855326146115],[-73.92522447737655,-45.36720943069589],[-73.88767245238783,-45.34901156006349],[-73.98184549814374,-45.37386733144721],[-74.00027614748807,-45.35481051926412],[-74.07878912161073,-45.34066306501756],[-74.0999963000049,-45.30980544861938],[-74.0783596909723,-45.35151983530786],[-74.08722193237288,-45.36754187448052],[-74.10882518695897,-45.3247182947275],[-74.13272585862967,-45.32818895341528],[-74.10618675322281,-45.312158323232325],[-74.1412335808017,-45.29136763900414],[-74.1568481698338,-45.240833569421405],[-74.12466297679647,-45.21771849044682],[-74.0213494185144,-45.20419441534672],[-73.98241459974085,-45.26401502961663],[-73.80430503996196,-45.24983290710519],[-73.7512584705075,-45.331811226118774],[-73.76519272935964,-45.357675197122084]],[[-74.0758817143122,-45.33408263166973],[-74.05750319150887,-45.33100589338519],[-74.06758926531319,-45.32713585306524],[-74.0758817143122,-45.33408263166973]],[[-74.0984693598546,-45.32673772147354],[-74.0972339562517,-45.3264999529997],[-74.10010184396593,-45.325724422442086],[-74.0984693598546,-45.32673772147354]],[[-74.09370577356599,-45.34693907175856],[-74.09744921235674,-45.34799059676467],[-74.09085718435901,-45.35116968600713],[-74.09370577356599,-45.34693907175856]],[[-74.08857019851146,-45.35454855749491],[-74.08835971425724,-45.35545828712996],[-74.08680245147455,-45.35486591790416],[-74.08857019851146,-45.35454855749491]],[[-74.09096351434593,-45.355507801242645],[-74.09335321535968,-45.35499097007086],[-74.09403178745394,-45.35692543444274],[-74.09096351434593,-45.355507801242645]],[[-73.81522171045101,-45.35672665172048],[-73.80358961538147,-45.35406886829064],[-73.81787382552895,-45.35427720886511],[-73.81522171045101,-45.35672665172048]],[[-73.81377896849402,-45.35991701713482],[-73.81174770156683,-45.359458736651035],[-73.81224604736059,-45.35909965748988],[-73.81377896849402,-45.35991701713482]],[[-73.83661745151153,-45.36215144560624],[-73.83884415591191,-45.36182432508138],[-73.83983884066309,-45.362994407411996],[-73.83661745151153,-45.36215144560624]]],[[[-74.49642752229597,-45.15370132168578],[-74.47835138679032,-45.184355256755246],[-74.49246030508314,-45.219606092977145],[-74.5211194624083,-45.235258353930014],[-74.57208740665209,-45.209288469437936],[-74.49642752229597,-45.15370132168578]]],[[[-74.36126115032665,-45.16020407615022],[-74.25188319312228,-45.20002865685725],[-74.24378307612052,-45.221670540976014],[-74.18805716095693,-45.22913340387219],[-74.19118679528707,-45.275224989857705],[-74.235187385526,-45.275783306268146],[-74.18921078642795,-45.2813318173416],[-74.19760896444097,-45.346052472575956],[-74.22206192034835,-45.36079719452136],[-74.26125492840929,-45.311812618628764],[-74.2377791140539,-45.26874082997515],[-74.26128988455194,-45.242279941085826],[-74.25504983624549,-45.21464699392508],[-74.27495776058298,-45.24355929709769],[-74.29385216070115,-45.23457295545767],[-74.27249400784707,-45.28809286454566],[-74.31828114955675,-45.25256679160465],[-74.27672751086297,-45.31262131717727],[-74.288066632979,-45.32859561464637],[-74.38111145851843,-45.270126584125535],[-74.39845257628896,-45.24690599243431],[-74.40000996932737,-45.19435904690039],[-74.38543366567706,-45.18996951027473],[-74.39941614339868,-45.1658198522305],[-74.36126115032665,-45.16020407615022]],[[-74.19798102058051,-45.28854797306094],[-74.19735979064579,-45.289109780952884],[-74.19613746741172,-45.288801478829875],[-74.19798102058051,-45.28854797306094]],[[-74.19966223560105,-45.29648587270462],[-74.19779771575352,-45.298204607293755],[-74.1995215746989,-45.29641832913527],[-74.19966223560105,-45.29648587270462]]],[[[-74.37314564234663,-45.03976754803991],[-74.27735496342768,-45.07268346433408],[-74.3007253973154,-45.09993263818276],[-74.29705749426364,-45.080342187154834],[-74.33291316492434,-45.08441564952456],[-74.31666540195748,-45.127500159178624],[-74.3439474895628,-45.07982298968307],[-74.35483181710838,-45.09378870272859],[-74.37935100131007,-45.07424554466298],[-74.32220793539528,-45.142442641559605],[-74.30623421069238,-45.14425217366707],[-74.2984071689606,-45.10135323009503],[-74.26192584236576,-45.09300166148588],[-74.24617202075282,-45.165850473463045],[-74.297322470323,-45.1677963089239],[-74.30426714186696,-45.14340601198518],[-74.36027441027586,-45.146866855642884],[-74.41306240776062,-45.121104085775556],[-74.42238211711795,-45.09617520108564],[-74.40209178715052,-45.074754900998],[-74.41730209477892,-45.05622069174397],[-74.38075453449987,-45.07075530438985],[-74.37314564234663,-45.03976754803991]],[[-74.38800275576149,-45.08416439691533],[-74.3857824886884,-45.09205420052632],[-74.37813639190936,-45.09238262036458],[-74.38800275576149,-45.08416439691533]],[[-74.30184949246808,-45.13703777744132],[-74.30243659899843,-45.14144752623733],[-74.30027861571726,-45.14072161127235],[-74.30184949246808,-45.13703777744132]],[[-74.35378115833184,-45.074564124928024],[-74.36679939341066,-45.07766085951868],[-74.35241701986051,-45.07823454526965],[-74.35378115833184,-45.074564124928024]],[[-74.35929124372328,-45.07951117460962],[-74.36082082222552,-45.07951395294308],[-74.36256685338874,-45.081227034946366],[-74.35929124372328,-45.07951117460962]],[[-74.32849047581132,-45.098814966518795],[-74.332814802994,-45.098470439177305],[-74.33359162203425,-45.1010640558231],[-74.32849047581132,-45.098814966518795]]],[[[-73.38489867035591,-45.06809087845676],[-73.39307047920553,-45.08830798324961],[-73.36756833686039,-45.08654099476608],[-73.33150858064523,-45.15639940732053],[-73.41793214161774,-45.14192229473885],[-73.42494777467927,-45.09428966171035],[-73.4422811193276,-45.11531989266018],[-73.41763036786939,-45.073122090862114],[-73.38489867035591,-45.06809087845676]]],[[[-73.43704698112012,-45.04394354791052],[-73.45775644074457,-45.103416245644254],[-73.46515692105697,-45.068336385775716],[-73.43704698112012,-45.04394354791052]],[[-73.45487054989377,-45.08594064731386],[-73.45515712953737,-45.086628974582716],[-73.4543123197082,-45.085896980360836],[-73.45487054989377,-45.08594064731386]]],[[[-73.40945012922914,-45.038554726277276],[-73.40492347539333,-45.05699115003671],[-73.43726739085993,-45.08435004648514],[-73.40945012922914,-45.038554726277276]]],[[[-73.51127330699636,-45.01405327047699],[-73.5067362650426,-45.03892670898096],[-73.55020953163334,-45.0214531384591],[-73.51127330699636,-45.01405327047699]]],[[[-73.81113117521092,-44.982104462487904],[-73.79801351010488,-45.02421917751089],[-73.7823221869812,-45.02570538084447],[-73.78912807420366,-45.01388415540593],[-73.74822900372143,-45.04157738207282],[-73.78131767016926,-45.04039664565008],[-73.74119776692343,-45.04493930114217],[-73.71651031838755,-45.0756175234008],[-73.73187451011906,-45.05232548993319],[-73.70990819242773,-45.05538289940017],[-73.68458454802447,-45.11283659759467],[-73.67538280093869,-45.15346399046278],[-73.69413466806569,-45.17247157386411],[-73.67220524687802,-45.162739565506065],[-73.6701337165615,-45.17652925499639],[-73.72339338077438,-45.192561521148036],[-73.67768311419177,-45.19411342625335],[-73.72124258311717,-45.23457305034749],[-73.68798424198017,-45.25595162577235],[-73.68819454118145,-45.28619699102548],[-73.73228238837717,-45.27683517374332],[-73.75765485262285,-45.30198090582754],[-73.75893950097132,-45.27875216782972],[-73.80926729676051,-45.23662292619686],[-73.97580153858908,-45.25592175682906],[-74.00653457173196,-45.2097533371326],[-73.9800025594226,-45.19492400638546],[-73.82339336568872,-45.206582982152966],[-73.9586399194837,-45.188936878854065],[-74.01241627937664,-45.201722160914215],[-74.07129730239687,-45.17727997435256],[-74.04009535226895,-45.134341896282635],[-74.06795729161036,-45.13843103392336],[-74.08812782853968,-45.16924638932789],[-74.12693543508924,-45.1649862367343],[-74.14403148706035,-45.15194488948519],[-74.14697146727106,-45.12633980322353],[-74.12923648585918,-45.11558339885073],[-74.14422707275557,-45.10855131750177],[-74.1496398697034,-45.05110838530451],[-74.15505074425654,-45.17279787679755],[-74.20331674567024,-45.17649987686556],[-74.225753104139,-45.145654586614775],[-74.2291589641308,-45.09460562783951],[-74.20474769634082,-45.09377175151707],[-74.23445948334623,-45.076616516067816],[-74.17936316053434,-45.05123844278459],[-74.19188735005466,-45.0515019610323],[-74.17146904699018,-45.029728944518816],[-74.0352658089772,-45.04490088615803],[-74.02262953306563,-45.02661242323713],[-73.95306832285151,-45.02864742447253],[-73.90489088993495,-44.994647536407854],[-73.83876973228728,-45.00506175040372],[-73.8502853419156,-44.989922148268505],[-73.82854817457181,-44.988317807318744],[-73.81234543247204,-45.00196542156769],[-73.81113117521092,-44.982104462487904]],[[-73.78486319303491,-45.035728134283644],[-73.78279199599334,-45.03407695549671],[-73.78404464275813,-45.03218962519075],[-73.78486319303491,-45.035728134283644]],[[-74.16199992264828,-45.045874483897755],[-74.17159711980024,-45.051327261366495],[-74.15825453092012,-45.05842257707421],[-74.16199992264828,-45.045874483897755]],[[-74.17533046152718,-45.05340266406205],[-74.17354992607389,-45.05105568938586],[-74.17583372829205,-45.05111984242257],[-74.17533046152718,-45.05340266406205]],[[-73.82648845260968,-45.19191413677239],[-73.8262734929487,-45.19237432816178],[-73.82616859128308,-45.19202981946533],[-73.82648845260968,-45.19191413677239]],[[-73.8301770726085,-45.19332582661106],[-73.82970017588879,-45.1938096650302],[-73.82939774008207,-45.19306683949171],[-73.8301770726085,-45.19332582661106]],[[-73.82768752474924,-45.1953050009566],[-73.82524362028954,-45.19808347966296],[-73.82508253169784,-45.19655747847475],[-73.82768752474924,-45.1953050009566]],[[-73.8265867139287,-45.20016595331467],[-73.82739005033784,-45.20041915054887],[-73.82715513999273,-45.20060726527208],[-73.8265867139287,-45.20016595331467]],[[-73.7100266802137,-45.282182662202665],[-73.70634100489237,-45.282639936181106],[-73.70976772107014,-45.28113198735578],[-73.7100266802137,-45.282182662202665]]],[[[-73.7597140580537,-44.98165995492833],[-73.75287140727823,-45.02060887192817],[-73.7912857206166,-44.982535579393456],[-73.7597140580537,-44.98165995492833]]],[[[-73.69567494729961,-44.97751517137482],[-73.67584971468065,-44.98592769073338],[-73.67447505603903,-45.018542982413884],[-73.64258970716878,-45.01819224587021],[-73.66345286674175,-45.024216507603825],[-73.66375371253041,-45.04389375874668],[-73.68981792985052,-45.0396834341579],[-73.70439663290094,-45.01068291731337],[-73.72322263080181,-45.01624067597013],[-73.71715651609729,-44.98073737113075],[-73.69567494729961,-44.97751517137482]]],[[[-73.43643805451153,-45.000124775739906],[-73.43325207784676,-45.016459285364036],[-73.47049011738916,-45.04269177426132],[-73.44847678097757,-44.98588373836099],[-73.43643805451153,-45.000124775739906]]],[[[-74.32974856187515,-44.86811381061588],[-74.32200847706285,-44.904055445559436],[-74.36319952696189,-44.90767522223369],[-74.32974856187515,-44.86811381061588]],[[-74.32581225030134,-44.8773977115206],[-74.32478767500741,-44.87835238389495],[-74.32479935310609,-44.87735171858169],[-74.32581225030134,-44.8773977115206]]],[[[-74.36214601693266,-44.86483509281985],[-74.37714769802282,-44.90313655897197],[-74.38616859088573,-44.8853443538815],[-74.36214601693266,-44.86483509281985]]],[[[-74.27126681035429,-44.87112213529671],[-74.25740426760457,-44.897428863259805],[-74.36482673526753,-44.95897230322299],[-74.40140181543532,-44.96353454449021],[-74.45599129259422,-44.92410295632886],[-74.45108736340705,-44.89233695375285],[-74.32917303193386,-44.91764474442737],[-74.3069874884823,-44.89318430861176],[-74.29662626070646,-44.91269090817735],[-74.29654787371476,-44.88420962863564],[-74.27126681035429,-44.87112213529671]],[[-74.443098963589,-44.912264704413786],[-74.43650374028384,-44.91061827702218],[-74.44065127452704,-44.90954342637071],[-74.443098963589,-44.912264704413786]],[[-74.42627675943899,-44.90416893650265],[-74.42321731766852,-44.9025730832349],[-74.42460404697262,-44.90110057715864],[-74.42627675943899,-44.90416893650265]],[[-74.32900447295226,-44.92550298588524],[-74.33037019156019,-44.93356824419798],[-74.31910230674448,-44.927192013656665],[-74.32900447295226,-44.92550298588524]]],[[[-74.14732667371082,-44.862311610339376],[-74.09051968012024,-44.8671431813676],[-74.0856574695932,-44.88171992631614],[-74.0868806588032,-44.86662008214777],[-74.05986028008455,-44.893454551383094],[-73.95345263560478,-44.89445877141018],[-73.89277778925157,-44.96501855084299],[-74.01457111675771,-44.992357749585864],[-74.04485639183375,-44.951498552584525],[-74.03681965546686,-44.972366088565195],[-74.08365132674788,-44.955106547596834],[-74.02129668022071,-44.99754906188474],[-74.14751851343132,-45.01081388277222],[-74.18651341153107,-44.99806804979598],[-74.20895787370202,-45.0241831861372],[-74.26573927429017,-45.037263117730475],[-74.36461427292306,-45.02283205925115],[-74.36554371932336,-45.00539627653613],[-74.3860136530588,-45.00272102461171],[-74.38445425138741,-44.98784097040239],[-74.3602874852548,-44.99230243680404],[-74.25254755297043,-44.930980067977856],[-74.20373492940128,-44.87731389844565],[-74.14732667371082,-44.862311610339376]]],[[[-73.68624082581273,-44.854563197412624],[-73.6790328284146,-44.87251033795321],[-73.73562418231953,-44.859503216617085],[-73.68624082581273,-44.854563197412624]]],[[[-75.1391458063103,-44.764622715331555],[-75.09817521555841,-44.7758124238141],[-75.06559727818053,-44.82837932651436],[-75.02376693681967,-44.8468310412908],[-75.04206395457896,-44.86926254261248],[-75.03042453554491,-44.9006823462527],[-75.10198569741543,-44.92669777208526],[-75.16265096682939,-44.91986320739789],[-75.14811469659972,-44.8726755550178],[-75.20230069275382,-44.81223691470037],[-75.1391458063103,-44.764622715331555]]],[[[-73.99627857350683,-44.770202422696585],[-73.93134883525082,-44.78809643351034],[-73.92994517989014,-44.83326675796298],[-74.01591596570492,-44.86207415942449],[-74.08533659406866,-44.83230722434494],[-74.18871748647115,-44.82043937863079],[-73.99627857350683,-44.770202422696585]]],[[[-73.86178381528157,-44.77392520832041],[-73.82747505072665,-44.77395917573314],[-73.79365699538725,-44.80340385303644],[-73.76526451373398,-44.88597992188941],[-73.72474975061513,-44.90911449854778],[-73.73406207671916,-44.92310396027716],[-73.76794006675598,-44.904177946033634],[-73.74179591015537,-44.933498649964285],[-73.76179473321983,-44.954677004459896],[-73.8249510390015,-44.95991734252061],[-73.91758545303374,-44.86465602468607],[-73.87470417172364,-44.865289497285424],[-73.84288822579396,-44.898650323297716],[-73.79529980473446,-44.89496066770989],[-73.830231297614,-44.89122648955784],[-73.86562105435762,-44.84944391472046],[-73.8315840903633,-44.84043082268586],[-73.91073768814935,-44.82018178028777],[-73.90727445815025,-44.787374511034415],[-73.86178381528157,-44.77392520832041]],[[-73.80171652380953,-44.83789829417208],[-73.7963447286662,-44.838651604114624],[-73.79971831308816,-44.83740093944725],[-73.80171652380953,-44.83789829417208]],[[-73.81238871599737,-44.84109623994807],[-73.8260984328594,-44.84191734255197],[-73.81317128066217,-44.84658177312188],[-73.81238871599737,-44.84109623994807]]],[[[-74.4554725658233,-44.71037495396949],[-74.42826620619645,-44.71209984879257],[-74.38691976482126,-44.774695276831174],[-74.39890413872104,-44.77342512202582],[-74.3273357049883,-44.803084959152],[-74.29995248953989,-44.841077383261066],[-74.38297174101278,-44.86056454144647],[-74.42258078493292,-44.83123704011483],[-74.44996893752214,-44.84164706344865],[-74.53502169901549,-44.74049492464398],[-74.49351363455101,-44.71467065143903],[-74.45920511882942,-44.72563671803059],[-74.47065593656956,-44.71563884300751],[-74.4554725658233,-44.71037495396949]],[[-74.46535267839084,-44.71703921876927],[-74.46678413121968,-44.720371808912034],[-74.46501241542586,-44.71996638720018],[-74.46535267839084,-44.71703921876927]]],[[[-73.61214856181452,-44.73478947485197],[-73.57998182107144,-44.74821780667066],[-73.58089592334836,-44.7838973310797],[-73.60998770482277,-44.79041210411486],[-73.5873931314729,-44.81355959449018],[-73.59921804722322,-44.83297816439493],[-73.67614885456858,-44.844696997978886],[-73.73072633382854,-44.805497165541546],[-73.7337922398758,-44.751675275654414],[-73.67302418522702,-44.75688275901498],[-73.61214856181452,-44.73478947485197]]],[[[-73.86219979634356,-44.71642504108761],[-73.81227809565665,-44.73790725770334],[-73.89746532326993,-44.74469248643326],[-73.93219000061488,-44.72930211963013],[-73.86219979634356,-44.71642504108761]]],[[[-74.44700946386975,-44.69268495933409],[-74.55774571420791,-44.695487702148924],[-74.60033441422995,-44.679201996809056],[-74.6112721484158,-44.693256429935495],[-74.67837090575622,-44.6686393604058],[-74.66617050230198,-44.65040949116407],[-74.63374503597728,-44.65978917066912],[-74.64273866586963,-44.62662062340877],[-74.61010466822813,-44.60685503058275],[-74.45791049738466,-44.631135319117746],[-74.44433636235016,-44.65498804329553],[-74.4635828661271,-44.6592927876905],[-74.43353858029569,-44.69075431177989],[-74.44700946386975,-44.69268495933409]],[[-74.51214665007433,-44.644783441710665],[-74.51270224550115,-44.64417845982886],[-74.51289915082153,-44.64457230706453],[-74.51214665007433,-44.644783441710665]],[[-74.46454288309482,-44.645555477028445],[-74.47151371896975,-44.640799810522914],[-74.47086824709876,-44.64385242984238],[-74.46454288309482,-44.645555477028445]],[[-74.47782577263612,-44.64473492208517],[-74.4777980191854,-44.642907765462034],[-74.47979598197176,-44.642946577914145],[-74.47782577263612,-44.64473492208517]],[[-74.46262476436756,-44.643026418673706],[-74.4540385698639,-44.64582070253538],[-74.457005108766,-44.640007178155955],[-74.46262476436756,-44.643026418673706]],[[-74.45551998429389,-44.63839357839832],[-74.45685174927901,-44.63751790978922],[-74.45657790505118,-44.63849317670612],[-74.45551998429389,-44.63839357839832]]],[[[-74.11468767514815,-44.59069024315254],[-74.01131275025408,-44.60096571402453],[-74.02601082862599,-44.60323569547342],[-74.00729642214465,-44.625573319225204],[-73.9924520980445,-44.600419729914954],[-73.92781415684728,-44.61105935920224],[-73.87161595062643,-44.646079820711975],[-73.86611652284753,-44.659483051795924],[-73.8928668931446,-44.656744348734506],[-73.8404613506971,-44.699217384083354],[-73.97233695033727,-44.708718736240314],[-73.98027017922385,-44.67992003702952],[-73.95213491218587,-44.65826341129377],[-73.98154999104281,-44.66289073211616],[-73.9839527526625,-44.72158335221168],[-74.06749491525889,-44.761918252778955],[-74.19116529950064,-44.778271857056176],[-74.24429625220131,-44.80702745909397],[-74.3378642430875,-44.776072654348276],[-74.3667116046512,-44.72126765546539],[-74.25857557551363,-44.713284966110415],[-74.14748604113042,-44.74228112819518],[-74.10832523228254,-44.7278369549069],[-74.17935905343685,-44.733257391831636],[-74.2756800653602,-44.69508376768313],[-74.38324619789164,-44.70486163060961],[-74.41161703104488,-44.65665078069172],[-74.38986435159276,-44.64324301918471],[-74.40485972830625,-44.64269264909257],[-74.3982921946714,-44.61630830182364],[-74.28373679193712,-44.63020083808225],[-74.2938534030712,-44.59913207061224],[-74.11468767514815,-44.59069024315254]],[[-74.35104107842467,-44.62662661969158],[-74.39083508905509,-44.64871175606563],[-74.33442409709626,-44.63303360111095],[-74.35104107842467,-44.62662661969158]],[[-74.38782338645376,-44.625235618286865],[-74.38873510460192,-44.622352206163576],[-74.39385250943319,-44.62386069225652],[-74.38782338645376,-44.625235618286865]],[[-74.34282808181926,-44.62569701136678],[-74.33573112876667,-44.6221308052071],[-74.3388675579536,-44.62200607798068],[-74.34282808181926,-44.62569701136678]],[[-74.37322142961389,-44.623159400909366],[-74.3685574503206,-44.62364551997828],[-74.36814629590663,-44.62190292454169],[-74.37322142961389,-44.623159400909366]],[[-74.09490440014117,-44.73465863211389],[-74.08246533048559,-44.739705534625436],[-74.08894056312333,-44.73260508063186],[-74.09490440014117,-44.73465863211389]],[[-74.11653202871585,-44.73867357641542],[-74.12030417406982,-44.74000145234063],[-74.11769208702263,-44.74012172086214],[-74.11653202871585,-44.73867357641542]],[[-74.25030163001284,-44.756666965314984],[-74.32373064358225,-44.77794287803207],[-74.21658003397202,-44.76349098050599],[-74.25030163001284,-44.756666965314984]]],[[[-74.78155247008202,-44.54007820704728],[-74.71329623978619,-44.573205174412834],[-74.72735542824319,-44.60610364012221],[-74.71449168452862,-44.62239931805543],[-74.73526327253647,-44.631555516374725],[-74.71423885369192,-44.64846721387182],[-74.72773068148683,-44.664949155380334],[-74.78117042198159,-44.67524139226972],[-74.80756057054465,-44.6403599238078],[-74.82801349108689,-44.573993588049596],[-74.80792497663124,-44.567779142698164],[-74.80632349697362,-44.54231017803226],[-74.78155247008202,-44.54007820704728]],[[-74.74306811510095,-44.55710139014824],[-74.76560252378466,-44.56300698254246],[-74.74590658658288,-44.5650628416119],[-74.74306811510095,-44.55710139014824]],[[-74.78667795346263,-44.56469751088398],[-74.7866692820252,-44.567065872058265],[-74.78412429553649,-44.565346022868404],[-74.78667795346263,-44.56469751088398]],[[-74.74299434724645,-44.647333300395935],[-74.74707183266041,-44.653635490470876],[-74.74032792919256,-44.64920078687281],[-74.74299434724645,-44.647333300395935]]],[[[-73.90753041422583,-44.56289686318575],[-73.88431124944543,-44.62543616096257],[-73.98932460978958,-44.596199883064784],[-73.90753041422583,-44.56289686318575]]],[[[-73.68678352682196,-44.529494956552],[-73.61033390744844,-44.55883322272855],[-73.6311156886398,-44.58185547979757],[-73.68480467659158,-44.553791853339156],[-73.63450963337768,-44.59621914531519],[-73.58464650644055,-44.59449250128073],[-73.59534692189801,-44.633235486775206],[-73.62065562102988,-44.63928441650431],[-73.60621563492731,-44.651701647453],[-73.71669368340166,-44.730415655404634],[-73.63367408607739,-44.697201837823535],[-73.61948256499926,-44.67185455736146],[-73.56344005747842,-44.70686771595995],[-73.5877202880179,-44.73027478321904],[-73.60501023146162,-44.71157530805706],[-73.664095373274,-44.74515160067837],[-73.74322527799443,-44.751957024504094],[-73.77099279631464,-44.69203579689528],[-73.79007170679893,-44.69678655984839],[-73.83651375628332,-44.6522656345461],[-73.81962318944187,-44.631416942182746],[-73.85356256765029,-44.62684753039945],[-73.88009626250418,-44.5931198378992],[-73.82552492772075,-44.59157123563221],[-73.78919319757019,-44.660433981499885],[-73.80243888877388,-44.56151731757523],[-73.72939821959672,-44.55127169623059],[-73.7377457128648,-44.52878346380397],[-73.71657831726131,-44.53740838709783],[-73.72697204338918,-44.54643317287209],[-73.68678352682196,-44.529494956552]],[[-73.59956095662506,-44.61193562589274],[-73.59616883367057,-44.6099519982889],[-73.59435749857947,-44.60453990938158],[-73.59956095662506,-44.61193562589274]],[[-73.59824050142936,-44.623085329338984],[-73.59737716833904,-44.623473401146065],[-73.59681559642063,-44.622246804004554],[-73.59824050142936,-44.623085329338984]],[[-73.80394084318284,-44.65548615906608],[-73.80455329657727,-44.654831879808825],[-73.80475663563169,-44.65553354503697],[-73.80394084318284,-44.65548615906608]],[[-73.7886101981373,-44.66771441557595],[-73.78265031460505,-44.68785665730364],[-73.77669845931646,-44.68570437555254],[-73.7886101981373,-44.66771441557595]],[[-73.57619675974034,-44.71159364720904],[-73.57734063040569,-44.7139105043332],[-73.57273843993258,-44.71081241793458],[-73.57619675974034,-44.71159364720904]],[[-73.57650811671613,-44.7107119109059],[-73.58924271233724,-44.706264767337494],[-73.58570591929951,-44.71041290026661],[-73.57650811671613,-44.7107119109059]],[[-73.59981970735949,-44.70687630689255],[-73.59950310601907,-44.70613275554982],[-73.60038780194516,-44.70690706211442],[-73.59981970735949,-44.70687630689255]],[[-73.5959847994116,-44.704566098149684],[-73.59636081712152,-44.70423663114383],[-73.59631981711365,-44.70454631829386],[-73.5959847994116,-44.704566098149684]],[[-73.5951982345488,-44.70388838842507],[-73.59240821190508,-44.69753126312928],[-73.59660577332646,-44.69963478815704],[-73.5951982345488,-44.70388838842507]],[[-73.60517288851182,-44.69775346826596],[-73.59572128850445,-44.69015548629909],[-73.61135485624358,-44.69501414495031],[-73.60517288851182,-44.69775346826596]]],[[[-73.33329483028204,-44.51037172921566],[-73.30969279364608,-44.51888415500421],[-73.33886528515552,-44.538822558467174],[-73.31443963354118,-44.545777856448765],[-73.32846235039766,-44.58218205060227],[-73.35764487069892,-44.57139038441087],[-73.34850163448083,-44.557220989395155],[-73.3675317673435,-44.53827887974442],[-73.33329483028204,-44.51037172921566]],[[-73.33573872755522,-44.52692366671595],[-73.33248024696557,-44.52810315890268],[-73.33349782618006,-44.52610562968553],[-73.33573872755522,-44.52692366671595]],[[-73.34055368400338,-44.552168523513764],[-73.34187397390906,-44.55437347726057],[-73.33889467354003,-44.552925043007356],[-73.34055368400338,-44.552168523513764]]],[[[-74.18382318902047,-44.47075779223353],[-74.10131183602607,-44.55481229091883],[-74.3118119994118,-44.57615932093507],[-74.35954450485299,-44.54118418139401],[-74.36572918729354,-44.50651830831691],[-74.28348827750534,-44.49012032648025],[-74.21882247236464,-44.500348504244435],[-74.18382318902047,-44.47075779223353]]],[[[-73.76807674991804,-44.50466898531542],[-73.81563824038363,-44.5151659985548],[-73.83165513452585,-44.498442959800876],[-73.79305735735869,-44.48032305426807],[-73.76807674991804,-44.50466898531542]]],[[[-73.84783478812618,-44.47691563517613],[-73.82989465396128,-44.48296712685199],[-73.83497414000608,-44.51313810811936],[-73.89414239215189,-44.51343593193188],[-73.88999591342915,-44.483477749250746],[-73.84783478812618,-44.47691563517613]]],[[[-73.7557499993174,-44.479806970320865],[-73.69577612275343,-44.50374999299741],[-73.69452410660597,-44.52217772186936],[-73.74868802666195,-44.518160746367755],[-73.7557499993174,-44.479806970320865]]],[[[-73.67367552758839,-44.47478893594014],[-73.57324940705608,-44.51266630091561],[-73.59289085424938,-44.53613403719662],[-73.66901203608029,-44.52770949263041],[-73.68887342499112,-44.50621583771652],[-73.6371936161903,-44.5113989136221],[-73.68818760349251,-44.49375031019791],[-73.69494582161441,-44.48020289712686],[-73.67367552758839,-44.47478893594014]]],[[[-74.16536231136685,-44.41554797094137],[-74.07668490699088,-44.44992843540633],[-73.97486798688794,-44.46485246347652],[-73.99240044850892,-44.44338006920318],[-73.97145349318795,-44.447147401429],[-73.91694795910077,-44.50683690952352],[-73.921651525352,-44.53935646191186],[-74.03322799512821,-44.56035402110935],[-74.09070396590751,-44.54503384503585],[-74.12323915964754,-44.512155195462675],[-74.1207007075042,-44.49057895492571],[-73.9742941583558,-44.50519787533761],[-74.11438811844192,-44.507513556770775],[-74.08380109477037,-44.51794349873788],[-73.9581960906479,-44.51574719744949],[-73.97160340134761,-44.50300606096725],[-73.94698053539246,-44.498922915041256],[-73.97434455833483,-44.479544562096585],[-74.12938163923604,-44.47073210619391],[-74.14275828774018,-44.45227768119924],[-74.07662767622246,-44.47043685214869],[-74.15966165647274,-44.442303607384545],[-74.18277599235105,-44.42039025775053],[-74.16536231136685,-44.41554797094137]]],[[[-73.62338201420538,-44.43822605919737],[-73.58791639832926,-44.4618795784652],[-73.61379859990483,-44.43070688695036],[-73.56559454990638,-44.436790650663866],[-73.5675939275393,-44.484474274167475],[-73.61562650352305,-44.49404195718366],[-73.59879373159202,-44.482117356729326],[-73.64259416011765,-44.474585807571096],[-73.65316307748887,-44.46171490910315],[-73.63874330527683,-44.44789995244779],[-73.65144753963796,-44.44839373485594],[-73.62338201420538,-44.43822605919737]],[[-73.62843428399204,-44.442822102854144],[-73.62906084902124,-44.44332512124508],[-73.62816127160414,-44.443123750351496],[-73.62843428399204,-44.442822102854144]]],[[[-74.3036135609039,-44.38783325959792],[-74.24628939822111,-44.40428358195203],[-74.20703847218054,-44.47805974363411],[-74.33011746762297,-44.50647081995738],[-74.44787486667849,-44.48286076374072],[-74.37970302861204,-44.504509070685096],[-74.38423041637144,-44.54969971709924],[-74.51712665937953,-44.51559619831431],[-74.5571630300837,-44.482363163233536],[-74.54018234604958,-44.4404873060349],[-74.48683776139795,-44.41709891487872],[-74.39897463491127,-44.43090357676134],[-74.41242928682647,-44.470974157356494],[-74.35583259243717,-44.42681231522694],[-74.35736842141716,-44.40900604603294],[-74.3036135609039,-44.38783325959792]],[[-74.52817316068166,-44.46924914693944],[-74.52824917162943,-44.473693134838236],[-74.52296647948081,-44.47014833598719],[-74.52817316068166,-44.46924914693944]],[[-74.54052533450316,-44.46965979610397],[-74.53980567256949,-44.468736134485404],[-74.54119772439164,-44.4694623303085],[-74.54052533450316,-44.46965979610397]],[[-74.54807379339398,-44.476775822452545],[-74.54756489239564,-44.47749440606091],[-74.54712075903096,-44.47709230943446],[-74.54807379339398,-44.476775822452545]],[[-74.53961826872985,-44.47823498828588],[-74.53950121555339,-44.479023480152826],[-74.5387799366522,-44.478299960096514],[-74.53961826872985,-44.47823498828588]]],[[[-73.82337385517907,-44.37288563284206],[-73.8053492928522,-44.40023447539016],[-73.86751086627199,-44.41587453068138],[-73.87754417034157,-44.43862625435079],[-73.81975654075254,-44.410769864848774],[-73.82337271431865,-44.440891802140875],[-73.79519247222768,-44.3997467665335],[-73.76014027990992,-44.41704602302859],[-73.75264607656732,-44.452193967496655],[-73.90050390975276,-44.453546516355765],[-73.88408345914726,-44.44266831033753],[-73.8896866917488,-44.403538030056666],[-73.82337385517907,-44.37288563284206]],[[-73.87457081861636,-44.41315068873368],[-73.87334751621864,-44.41221658884023],[-73.87797194897819,-44.409965035329776],[-73.87457081861636,-44.41315068873368]],[[-73.75522518196885,-44.44793860270693],[-73.75569514728782,-44.448731082254575],[-73.75466102919063,-44.44830078419363],[-73.75522518196885,-44.44793860270693]],[[-73.8211796608088,-44.451257787885915],[-73.82012091809304,-44.45337240373613],[-73.81977980801672,-44.45214591100112],[-73.8211796608088,-44.451257787885915]],[[-73.7890069354893,-44.42778431502318],[-73.7909853428502,-44.42839407170003],[-73.7883801719324,-44.43058593871693],[-73.7890069354893,-44.42778431502318]]],[[[-73.86977038792634,-44.35589294623901],[-73.83307046798521,-44.37124625031476],[-73.89237721788997,-44.396537322358704],[-73.86977038792634,-44.35589294623901]]],[[[-74.3218172976041,-44.32059656994527],[-74.30698722437761,-44.34163666022299],[-74.2538702467678,-44.349791958863435],[-74.24361301425746,-44.372619606150266],[-74.4219851578821,-44.39421601313551],[-74.41117150529152,-44.35983950947915],[-74.3713622017417,-44.388246178477814],[-74.35531816679982,-44.37930515490827],[-74.37920766073344,-44.34781843732245],[-74.3218172976041,-44.32059656994527]],[[-74.34704602511611,-44.37307019170523],[-74.34650525548474,-44.37425816879371],[-74.34377998969494,-44.37338778323092],[-74.34704602511611,-44.37307019170523]]],[[[-74.26005959865121,-44.315297480466455],[-74.26014005625963,-44.33001893716422],[-74.30008572586621,-44.33084247462935],[-74.26005959865121,-44.315297480466455]],[[-74.28453323377643,-44.32468245544272],[-74.28403131268783,-44.32517217962527],[-74.28419053727532,-44.32462549372142],[-74.28453323377643,-44.32468245544272]],[[-74.28818173591299,-44.325800644166705],[-74.28764374926237,-44.32612583656553],[-74.28753231594632,-44.325878727496864],[-74.28818173591299,-44.325800644166705]],[[-74.28005433168617,-44.32909047428833],[-74.2805465985804,-44.32939478786647],[-74.2800121557836,-44.329418752185234],[-74.28005433168617,-44.32909047428833]]],[[[-73.65346268809401,-44.34019117827518],[-73.62893363769554,-44.34697249676617],[-73.62830314433359,-44.379116102078406],[-73.71623572765971,-44.38834764510971],[-73.64084919974624,-44.415532352508684],[-73.66467139549205,-44.44232707849873],[-73.71831637587638,-44.4299528738078],[-73.7934017876083,-44.374399571491345],[-73.77034204055315,-44.365518221890795],[-73.7580461982865,-44.381608143448034],[-73.68555868650847,-44.355354663597105],[-73.647672906849,-44.37896136506873],[-73.63675999311445,-44.36241308590008],[-73.67486037849868,-44.34489976755767],[-73.65346268809401,-44.34019117827518]],[[-73.66266399051374,-44.34685181542863],[-73.662030070079,-44.34701830908649],[-73.66191609992059,-44.34670394272623],[-73.66266399051374,-44.34685181542863]],[[-73.66235992785806,-44.351247903178056],[-73.6608258586777,-44.35000695403731],[-73.66137812764302,-44.34980966263996],[-73.66235992785806,-44.351247903178056]],[[-73.65802148634563,-44.35491365807836],[-73.65746480395732,-44.354803590043424],[-73.65756404084675,-44.354615167881605],[-73.65802148634563,-44.35491365807836]],[[-73.65386672066441,-44.35518832529351],[-73.65394526486128,-44.355693896106075],[-73.65331179807573,-44.355000583295855],[-73.65386672066441,-44.35518832529351]],[[-73.65357911244979,-44.35598252015189],[-73.65374755105712,-44.35645514380641],[-73.65325169629163,-44.35604810132114],[-73.65357911244979,-44.35598252015189]],[[-73.63808483747863,-44.37448681260793],[-73.63761352019515,-44.37501985847799],[-73.63751469563242,-44.37477918767609],[-73.63808483747863,-44.37448681260793]],[[-73.73373610954359,-44.375856284878786],[-73.73397163703129,-44.37538979046902],[-73.73425638950162,-44.375781206295876],[-73.73373610954359,-44.375856284878786]],[[-73.73725582560773,-44.375798232523486],[-73.73972198313366,-44.376488686604176],[-73.7395561424541,-44.37685893228022],[-73.73725582560773,-44.375798232523486]],[[-73.77183095052588,-44.368559353628136],[-73.77189834483345,-44.368092594312984],[-73.77267680060413,-44.367742664306455],[-73.77183095052588,-44.368559353628136]],[[-73.64854460954281,-44.423655176745214],[-73.64676379920505,-44.42166253019951],[-73.64746309812786,-44.41994618298229],[-73.64854460954281,-44.423655176745214]],[[-73.6581426061954,-44.43883954440701],[-73.65942804146805,-44.439302337023385],[-73.6592820257085,-44.439615681711025],[-73.6581426061954,-44.43883954440701]]],[[[-72.97293013031684,-44.3638756211421],[-72.94097071804636,-44.42402040219919],[-72.92763500756637,-44.42892428194508],[-72.93985174059586,-44.39815583717198],[-72.89868696372395,-44.44640275066347],[-72.96272434791607,-44.516282713954844],[-72.98314272464239,-44.57574086707612],[-72.86786715062965,-44.427109103715246],[-72.77916804385475,-44.46345798661974],[-72.77750248646961,-44.44775232142024],[-72.68878172400817,-44.53868019913977],[-72.8043588867163,-44.64668147792836],[-72.90208333750634,-44.629778001593124],[-72.89773419795719,-44.61428573171319],[-72.93950517325419,-44.61296882614009],[-72.96702973322266,-44.582443887391065],[-72.9614831340099,-44.62828248108806],[-72.87629975118604,-44.6637717558855],[-72.79331941383295,-44.66906731655191],[-72.82024325240462,-44.733681297602224],[-72.95410527327637,-44.788859027207295],[-73.04205992102249,-44.87968259994538],[-73.11785858700517,-44.91187325970697],[-73.21524222955283,-44.9374694087359],[-73.26328154469783,-44.93015994885918],[-73.28749047954649,-44.89515595925504],[-73.28936540098668,-44.91893055889546],[-73.309083808647,-44.88440239356257],[-73.377218009998,-44.84782994761212],[-73.39097786902255,-44.815393677362884],[-73.3261290734652,-44.82110669935],[-73.2767079652586,-44.790503141216995],[-73.25085386298512,-44.810379391467166],[-73.16026216939996,-44.81157651490413],[-73.26238718828917,-44.77952017688973],[-73.26236762208397,-44.74420570146573],[-73.2834958412596,-44.7744060852866],[-73.36276773459215,-44.79943878157161],[-73.38976302426322,-44.76012450611145],[-73.34738019025654,-44.734659402348505],[-73.38834462485379,-44.75089476687379],[-73.42860216078091,-44.73341931964636],[-73.42771873327601,-44.642390256375435],[-73.44468604858207,-44.65897063561033],[-73.45199931505677,-44.63905156633235],[-73.38773617704723,-44.566802316767536],[-73.39524620241694,-44.5983885098966],[-73.37955219422888,-44.580197381456536],[-73.35016252601638,-44.585541167240685],[-73.37624585499414,-44.59823246719493],[-73.34773941306393,-44.604331240347356],[-73.35307402334439,-44.63528054349084],[-73.34078900218363,-44.60931962199155],[-73.30807161662926,-44.601611112827726],[-73.20981248139557,-44.63494813631414],[-73.26185415764398,-44.593530962433164],[-73.27831756029646,-44.54185344197165],[-73.18181449759427,-44.55206232761632],[-73.13952275096077,-44.58355431586854],[-73.11448153418789,-44.56722399262781],[-73.13039589911514,-44.55929185714906],[-73.11930794685088,-44.54669996450954],[-73.21462854726312,-44.526245092964444],[-73.24737770802571,-44.50119415682271],[-73.2465028558385,-44.43552553294382],[-73.16359007718467,-44.398900878080305],[-73.1308503460376,-44.45356001817853],[-73.11792594178685,-44.41695115469326],[-73.11888374081414,-44.446146150710476],[-73.09808441013537,-44.45897383015648],[-73.11745785754006,-44.41703878153879],[-73.09350099535003,-44.430170842481324],[-73.09102095346307,-44.41343172353208],[-73.0721006046096,-44.41478124540869],[-73.03481515917304,-44.48212685388503],[-73.00388383640589,-44.49642980495267],[-73.0368463722013,-44.41658629957636],[-73.07921133153047,-44.41583006192166],[-73.09767728017388,-44.39160475572283],[-73.0908405753473,-44.374030659973236],[-73.03759346149724,-44.38630031282636],[-72.97293013031684,-44.3638756211421]],[[-73.08091010412323,-44.40656890998445],[-73.07806439671168,-44.40823600874707],[-73.08072337132512,-44.40618465726003],[-73.08091010412323,-44.40656890998445]],[[-73.02214266857911,-44.46035135351534],[-73.02160712893932,-44.458484081736515],[-73.02281654697599,-44.45812393952723],[-73.02214266857911,-44.46035135351534]],[[-73.11285392972519,-44.45888548714872],[-73.11643317893986,-44.45927801214669],[-73.11410987510371,-44.46119285817877],[-73.11285392972519,-44.45888548714872]],[[-73.08100818128763,-44.43810790700965],[-73.07753277642148,-44.43662026926582],[-73.08847018721383,-44.43561291322191],[-73.08100818128763,-44.43810790700965]],[[-73.07988235867467,-44.42984734104674],[-73.08272091639486,-44.430466771002315],[-73.08028983628417,-44.431616857474175],[-73.07988235867467,-44.42984734104674]],[[-73.07734816634239,-44.42501697028527],[-73.07389954205149,-44.424768250232084],[-73.07627013050927,-44.419377329963986],[-73.07734816634239,-44.42501697028527]],[[-72.97746950429706,-44.57476249319769],[-72.9779226387809,-44.57875127099872],[-72.97623718371221,-44.5761849739704],[-72.97746950429706,-44.57476249319769]],[[-73.25520942548853,-44.5479838717595],[-73.2560315187208,-44.54737737228167],[-73.25610566746099,-44.54799753994779],[-73.25520942548853,-44.5479838717595]],[[-73.24034761208813,-44.54563333929335],[-73.24089349403177,-44.54495639587899],[-73.24117923554722,-44.54573455831948],[-73.24034761208813,-44.54563333929335]],[[-73.37124665408123,-44.59056318888046],[-73.36592001814554,-44.590844613396314],[-73.36635812291635,-44.58930800131664],[-73.37124665408123,-44.59056318888046]],[[-73.40306485208734,-44.591884583362244],[-73.40407283639628,-44.591263786990744],[-73.40360875773736,-44.591989825046646],[-73.40306485208734,-44.591884583362244]],[[-73.40251272056426,-44.588335942331646],[-73.40089456368341,-44.58753191338709],[-73.40244971273022,-44.586894283010245],[-73.40251272056426,-44.588335942331646]],[[-73.39494943767463,-44.577737074810585],[-73.39297898579385,-44.577247029774284],[-73.39303650042991,-44.5767237977169],[-73.39494943767463,-44.577737074810585]],[[-72.8375667937383,-44.70104694921501],[-72.83672644045126,-44.70337122822099],[-72.83395597862287,-44.702749439601575],[-72.8375667937383,-44.70104694921501]],[[-73.2938010429078,-44.803243132187156],[-73.29457878361954,-44.80266391885195],[-73.29481970010063,-44.803094287268365],[-73.2938010429078,-44.803243132187156]],[[-73.30588269357307,-44.81095530579782],[-73.31029034668487,-44.812399238108114],[-73.30626391073187,-44.812109760025535],[-73.30588269357307,-44.81095530579782]],[[-73.28091714728647,-44.8953429799505],[-73.26951747063544,-44.900029619019975],[-73.27975373467044,-44.891657487429356],[-73.28091714728647,-44.8953429799505]]],[[[-74.142061395404,-44.30162322591222],[-74.11582390923526,-44.31770610329988],[-74.07345386095002,-44.41740069772985],[-74.18752822752776,-44.38082755971547],[-74.142061395404,-44.30162322591222]]],[[[-73.59752804757753,-44.32358886054831],[-73.5755295737923,-44.340512376293766],[-73.59370906945455,-44.35332520678611],[-73.58647182111413,-44.34222483410184],[-73.61051739104015,-44.33723265617523],[-73.59752804757753,-44.32358886054831]]],[[[-74.07854951666995,-44.29759798137343],[-74.00784046793186,-44.35643750498265],[-74.01247428089961,-44.34147092287859],[-73.96008427212,-44.33845705841224],[-73.94570157607467,-44.34463761481847],[-73.96097164502564,-44.35961759144001],[-73.9288845875432,-44.34214670764532],[-73.8878940308358,-44.35433201418519],[-73.9156658440014,-44.37139234273683],[-73.90264856922164,-44.44244224305615],[-73.92425284968375,-44.45372399107758],[-73.96675098335548,-44.4199110641962],[-74.04816572605162,-44.39578224976886],[-74.07854951666995,-44.29759798137343]]],[[[-73.66091175109358,-44.31352122757794],[-73.65136079741582,-44.33556293811562],[-73.68149415659752,-44.34285460447533],[-73.69627412898399,-44.32823711704745],[-73.66091175109358,-44.31352122757794]]],[[[-73.23824750456576,-44.30895026835933],[-73.2183164944238,-44.33249704826351],[-73.18931065028104,-44.32337995603769],[-73.15195475626494,-44.38393855486843],[-73.27970809037254,-44.38910214215528],[-73.28685385069114,-44.33897271160118],[-73.23824750456576,-44.30895026835933]]],[[[-73.05102441585524,-44.30990576515028],[-72.99750234206975,-44.313646991751746],[-72.98001213989468,-44.354234365027445],[-73.04649318959463,-44.365976196587205],[-73.08642407921982,-44.34689930644482],[-73.11069295685077,-44.38322567606824],[-73.13156183150555,-44.33975661968509],[-73.07610007044283,-44.34294739641885],[-73.08153060552426,-44.32125745876628],[-73.05102441585524,-44.30990576515028]]],[[[-73.14687954889582,-44.29958297576973],[-73.08651658054126,-44.31813273088523],[-73.14632304167898,-44.31964334563557],[-73.14521002814365,-44.3381096454088],[-73.16615307848808,-44.3040277504076],[-73.14669819790457,-44.31763858319701],[-73.14687954889582,-44.29958297576973]],[[-73.14687113707151,-44.30510546155836],[-73.14612850611432,-44.3054067341169],[-73.14626949400323,-44.30425585888075],[-73.14687113707151,-44.30510546155836]],[[-73.14433884557438,-44.30680670512308],[-73.14305224788174,-44.307199484207665],[-73.14420437316623,-44.30664152954917],[-73.14433884557438,-44.30680670512308]],[[-73.14623151233471,-44.30879289045644],[-73.14559546199442,-44.309033277537836],[-73.14554783152141,-44.30888212943087],[-73.14623151233471,-44.30879289045644]],[[-73.13065242112935,-44.30930836348387],[-73.13050419102264,-44.30974803497772],[-73.13007191811465,-44.30961236120921],[-73.13065242112935,-44.30930836348387]],[[-73.13106488528702,-44.31372693214385],[-73.13242144287567,-44.31419762881666],[-73.13070884790564,-44.31381859198776],[-73.13106488528702,-44.31372693214385]],[[-73.10324035179403,-44.316217635708014],[-73.1037116924337,-44.31527550483339],[-73.10445731927236,-44.31577722210439],[-73.10324035179403,-44.316217635708014]],[[-73.09849494471179,-44.316052292509944],[-73.10107761283174,-44.31615280697646],[-73.10196359065374,-44.31789458111063],[-73.09849494471179,-44.316052292509944]],[[-73.09596078831214,-44.31755001440228],[-73.09578797580768,-44.31793573007028],[-73.09559925324122,-44.317572735387614],[-73.09596078831214,-44.31755001440228]],[[-73.12877351027099,-44.315756276328734],[-73.12727344771402,-44.315526945048994],[-73.12883188639141,-44.31477257681987],[-73.12877351027099,-44.315756276328734]],[[-73.09624412593591,-44.31870608882454],[-73.0960326849759,-44.32028569764603],[-73.09557378510459,-44.320220467224964],[-73.09624412593591,-44.31870608882454]],[[-73.13776322620366,-44.32657927179504],[-73.13229643511737,-44.32519613667227],[-73.13507558545118,-44.32480474918473],[-73.13776322620366,-44.32657927179504]]],[[[-73.80547573791496,-44.261701098092935],[-73.78071953053059,-44.26789487984236],[-73.76276038981091,-44.32434676247934],[-73.801903189234,-44.357540781286176],[-73.87429875035782,-44.34252789677266],[-73.8720774223744,-44.316858460167225],[-73.88523539758218,-44.34191780846516],[-73.94380007707848,-44.325307736448515],[-73.9742425312781,-44.26980383246188],[-73.93811164556044,-44.25678154998251],[-73.89255030797385,-44.30503793531465],[-73.84576372313695,-44.29484473279227],[-73.83946257950971,-44.31838693924884],[-73.83811248260459,-44.28423853027565],[-73.80547573791496,-44.261701098092935]],[[-73.80568709173836,-44.283999361295436],[-73.80427246165986,-44.28508032171358],[-73.80408131543875,-44.28469715346865],[-73.80568709173836,-44.283999361295436]],[[-73.81048414925449,-44.30261583575159],[-73.8071154831087,-44.308440445835714],[-73.8076176395559,-44.303300517626376],[-73.81048414925449,-44.30261583575159]],[[-73.93026824550735,-44.31254754240214],[-73.93072767448635,-44.3153338517601],[-73.92886142717855,-44.3147446831338],[-73.93026824550735,-44.31254754240214]]],[[[-73.90005018866904,-44.24559969789087],[-73.83964232431322,-44.26062829112022],[-73.86058787916068,-44.27451218978163],[-73.85277669269367,-44.28746384691944],[-73.91499948899501,-44.27637466446117],[-73.93195767382451,-44.25133368404245],[-73.90005018866904,-44.24559969789087]]],[[[-74.3198863060188,-44.224499052694426],[-74.24566534308481,-44.26221773528573],[-74.23205800362246,-44.304241809573654],[-74.34351852604833,-44.30372200213431],[-74.41712034493568,-44.25383593217314],[-74.3198863060188,-44.224499052694426]]],[[[-74.14003733206707,-44.2272305221903],[-74.100070004079,-44.258103923862876],[-74.11374544302642,-44.30680179315814],[-74.16096926306493,-44.294467168144394],[-74.19924783826892,-44.251017312145905],[-74.16301448621837,-44.266466477491626],[-74.14003733206707,-44.2272305221903]]],[[[-73.67231006949191,-44.2352537092435],[-73.63165367978199,-44.262339468882175],[-73.68334488910207,-44.304901740224814],[-73.71548500018687,-44.30776710498083],[-73.74417071350847,-44.25246996013078],[-73.69620580042854,-44.25358255293045],[-73.67231006949191,-44.2352537092435]]],[[[-74.29288101091211,-44.19273702423728],[-74.25491193137464,-44.19985489638724],[-74.21841648955176,-44.235113334181776],[-74.32111026508501,-44.201096457951756],[-74.29288101091211,-44.19273702423728]],[[-74.2705810957552,-44.20088608410292],[-74.27436583009955,-44.20394281022089],[-74.26841384814851,-44.20341957112751],[-74.2705810957552,-44.20088608410292]],[[-74.29580243911559,-44.20225733209427],[-74.29626318861808,-44.201330242284875],[-74.29681561478857,-44.20214237900006],[-74.29580243911559,-44.20225733209427]]],[[[-73.8317923171512,-44.210068863018634],[-73.80143810446194,-44.23202597196451],[-73.84133542494327,-44.25032772375558],[-73.84867026445954,-44.21409912213459],[-73.8317923171512,-44.210068863018634]]],[[[-74.16412089893299,-44.18744821772116],[-74.12725991645132,-44.21311357132202],[-74.18745213573162,-44.19045130978994],[-74.16412089893299,-44.18744821772116]]],[[[-73.61352041591584,-44.18108985360834],[-73.62401260728032,-44.204751682751045],[-73.652428610421,-44.21099804188352],[-73.61352041591584,-44.18108985360834]]],[[[-74.27888188201838,-44.12946163751615],[-74.23148450746697,-44.16338980436266],[-74.35548902996011,-44.18576284363267],[-74.34049446352701,-44.165734506142485],[-74.30372489899854,-44.168929600756286],[-74.35798799036694,-44.13298303165026],[-74.27888188201838,-44.12946163751615]]],[[[-74.01723330194996,-44.13669308326065],[-73.97285980756186,-44.19503452661619],[-73.93215370867739,-44.1972314296685],[-73.92481584812684,-44.21882959812181],[-73.92840569746186,-44.1977008120617],[-73.88668138964388,-44.19703750636581],[-73.85426114073435,-44.22285172696314],[-73.85710994284206,-44.23789332172601],[-73.93553225988454,-44.23951585157351],[-73.98614580347741,-44.26112790973424],[-73.94564365719673,-44.32179935018037],[-73.95398709996118,-44.3340244722384],[-74.02037142895279,-44.33117018046606],[-74.06960594988837,-44.27906793464873],[-74.07296280139153,-44.255369814622675],[-74.05716207963592,-44.24859454073389],[-74.1044537287666,-44.204811324347084],[-74.06271519612608,-44.168066177255746],[-73.98120841294424,-44.22829019405913],[-74.01360342188923,-44.19182261576706],[-74.04403210940713,-44.18909186965059],[-74.04469341857657,-44.15474983927955],[-74.06626970933108,-44.166026038618334],[-74.01723330194996,-44.13669308326065]]],[[[-73.66646271522033,-44.14726392814731],[-73.65107592097796,-44.15485800729448],[-73.65512124939971,-44.20216572035275],[-73.71986459621742,-44.197947880838534],[-73.72169217195056,-44.16845921729301],[-73.7017375235402,-44.15858989345417],[-73.69432775554611,-44.18754288499389],[-73.66646271522033,-44.14726392814731]],[[-73.7179758901292,-44.17865578254524],[-73.718730483951,-44.17744127090216],[-73.71811766314565,-44.178832069622274],[-73.7179758901292,-44.17865578254524]]],[[[-74.05708889209309,-44.11218678460065],[-74.05418690073742,-44.12876320134073],[-74.12109490891213,-44.17872218419734],[-74.15539338057052,-44.17021472604884],[-74.1236395872787,-44.13136086157578],[-74.05708889209309,-44.11218678460065]]],[[[-74.33932314483816,-44.091887462204994],[-74.177679911728,-44.121829756004686],[-74.19684496076657,-44.137569064850176],[-74.34369735457024,-44.120736461386606],[-74.35594023486271,-44.101772921953824],[-74.33932314483816,-44.091887462204994]]],[[[-73.55324668889655,-44.12013630048251],[-73.54014018535793,-44.147459006556836],[-73.57980499669094,-44.15855937097622],[-73.58611911827907,-44.14217741658622],[-73.55324668889655,-44.12013630048251]]],[[[-73.93132047274234,-44.094995888807965],[-73.87135977356529,-44.11167546046672],[-73.87085141784432,-44.132996502281934],[-73.86318578899603,-44.116714034988746],[-73.83968167411592,-44.12121078818925],[-73.84423356162807,-44.14473770761555],[-73.89611013381545,-44.17442214839158],[-73.85076095943434,-44.158947303851704],[-73.8501019777998,-44.18759621912793],[-73.83886164700881,-44.16565938290923],[-73.81329815511965,-44.182468397265815],[-73.84112829410002,-44.15966027179529],[-73.82789108209428,-44.14860440633862],[-73.80211976586244,-44.18609365162937],[-73.83275697840895,-44.20317673561703],[-73.89859590785223,-44.182836760612815],[-73.95716872967827,-44.190391264610575],[-73.99529419602524,-44.144085254494264],[-73.93132047274234,-44.094995888807965]]],[[[-73.51102527046832,-44.100155679482455],[-73.48129008863798,-44.11374719292002],[-73.50564394958974,-44.13005232348764],[-73.46030790857809,-44.110679206003056],[-73.44420956957896,-44.12694519593439],[-73.4814731967339,-44.1375706134046],[-73.493856049819,-44.18001669900079],[-73.5401139177207,-44.12973584022051],[-73.53922693648052,-44.10802352594909],[-73.51102527046832,-44.100155679482455]],[[-73.49398684811761,-44.137164558734725],[-73.4851652689584,-44.14324142584018],[-73.48698334410908,-44.139406450921186],[-73.49398684811761,-44.137164558734725]],[[-73.49707392206625,-44.16931584168944],[-73.49525031868328,-44.16814842533254],[-73.49710416834185,-44.1681251678049],[-73.49707392206625,-44.16931584168944]]],[[[-74.22299219589364,-44.07074055319067],[-74.16747037796262,-44.085880976584],[-74.20241020630968,-44.09763592395993],[-74.3404350013434,-44.07512364688221],[-74.22299219589364,-44.07074055319067]]],[[[-74.07742696122965,-44.065129636151354],[-74.05905016139504,-44.07839883985898],[-74.07909019377482,-44.09439414196618],[-74.11836415980581,-44.09541805897515],[-74.08154232859914,-44.08606703252409],[-74.08793830557431,-44.0744226891179],[-74.13288888039585,-44.08341514131857],[-74.07742696122965,-44.065129636151354]]],[[[-73.88254055413775,-44.06852023063438],[-73.84230957241043,-44.08796624417742],[-73.9085165524054,-44.0769809171858],[-73.88254055413775,-44.06852023063438]]],[[[-74.11055884293086,-44.04342145195425],[-74.15440837606485,-44.0690185841322],[-74.20044379864433,-44.06080946076837],[-74.11055884293086,-44.04342145195425]]],[[[-74.24141213372653,-44.01247773797011],[-74.17150009186808,-44.02678533635304],[-74.22543824732688,-44.042743042134454],[-74.28508726164307,-44.02574212545835],[-74.24141213372653,-44.01247773797011]],[[-74.25766263924996,-44.032785196803275],[-74.23387468907943,-44.039012395767834],[-74.2208630602112,-44.03401711309754],[-74.25766263924996,-44.032785196803275]]],[[[-73.57718911695662,-44.01843203502508],[-73.53588587017354,-44.03954914804621],[-73.5480826363492,-44.06758183203175],[-73.52679510275456,-44.07623925386585],[-73.5548313440072,-44.086769700981776],[-73.54997440299762,-44.06214441022045],[-73.58290780103847,-44.04864509934047],[-73.57269333282721,-44.037620702899645],[-73.61228819594231,-44.03223292436245],[-73.57718911695662,-44.01843203502508]]],[[[-74.22149348080961,-43.98653104856918],[-74.14937092398881,-44.00538107346267],[-74.2417397636837,-44.00281823152295],[-74.22149348080961,-43.98653104856918]],[[-74.1777198247744,-43.99837782282107],[-74.17790290861582,-43.99787068347989],[-74.17882919564126,-43.99775012379763],[-74.1777198247744,-43.99837782282107]],[[-74.20294116454153,-43.998778997383404],[-74.20293048716606,-43.99957351032163],[-74.20258428723533,-43.99912611756996],[-74.20294116454153,-43.998778997383404]],[[-74.18733016697392,-44.0006711925294],[-74.18528724081267,-44.00195974898202],[-74.18471711244116,-44.00179667999624],[-74.18733016697392,-44.0006711925294]]],[[[-73.2705286825912,-44.00581070667028],[-73.237333394204,-44.02041867423638],[-73.23199144109442,-44.04900487185712],[-73.25710160895524,-44.01855546803888],[-73.25654102159041,-44.03450205856364],[-73.27931705552598,-44.02456888882432],[-73.2705286825912,-44.00581070667028]]],[[[-73.90681713482226,-43.93268822422051],[-73.77940198497811,-43.97400231606279],[-73.80142884193305,-43.99509520906305],[-73.86567960385293,-43.98890465663326],[-73.92689406011246,-43.95747954233835],[-73.90681713482226,-43.93268822422051]]],[[[-73.69417601931484,-43.93461157770831],[-73.59820230147021,-44.00284908322509],[-73.61215886369422,-44.02210050180888],[-73.65108782185887,-44.0239961012288],[-73.57611953067706,-44.065865546796374],[-73.60470704915492,-44.084706722092754],[-73.57596080914614,-44.09647775011336],[-73.6146965190319,-44.13079545005139],[-73.65803480207308,-44.13497822547989],[-73.63457250556608,-44.09050810103411],[-73.64832028494502,-44.090763874883265],[-73.64406685370287,-44.06973529769785],[-73.6641703879901,-44.087146587299465],[-73.6571924132036,-44.052047407594394],[-73.68938376509054,-44.05189108241427],[-73.70182973650243,-44.04110609715899],[-73.68543517624175,-44.0454370720656],[-73.68762217780154,-44.03033938642261],[-73.71134813343768,-44.03545062012757],[-73.7345551314359,-43.999055589590576],[-73.69417601931484,-43.93461157770831]],[[-73.64385390716645,-44.02276299932311],[-73.64372716655795,-44.024045848347896],[-73.64333322386484,-44.023143876910375],[-73.64385390716645,-44.02276299932311]],[[-73.70473318312888,-44.02984182278631],[-73.70310514567822,-44.02888065882752],[-73.70641124416444,-44.02564090491198],[-73.70473318312888,-44.02984182278631]],[[-73.64354061252457,-44.0682813327147],[-73.64290787247612,-44.06843394977094],[-73.64291025480824,-44.068327286786975],[-73.64354061252457,-44.0682813327147]]],[[[-73.76973846610701,-43.90278138402014],[-73.75429981302163,-43.91510204661407],[-73.78645679895905,-43.94813431395966],[-73.85251251343993,-43.92293005112576],[-73.84114272463675,-43.90683876784388],[-73.76973846610701,-43.90278138402014]]],[[[-73.14504828288348,-43.87814692266137],[-73.11466638860874,-43.90233555204856],[-73.14388444805927,-44.030054007111374],[-73.17352377785218,-44.01557970508897],[-73.20986800626328,-44.034660766845185],[-73.18334961241364,-44.01786506802321],[-73.21689602529595,-44.02247937475085],[-73.25055605080718,-43.995910845168076],[-73.26069330971808,-43.955775243397014],[-73.2411223694948,-43.91513348682754],[-73.14504828288348,-43.87814692266137]],[[-73.15651420399851,-43.9333954000655],[-73.1546762338592,-43.9306488573041],[-73.1558566417021,-43.930902113276616],[-73.15651420399851,-43.9333954000655]],[[-73.17924481462175,-43.93896166066986],[-73.17838545118667,-43.94015906040147],[-73.17795143824199,-43.93940345616861],[-73.17924481462175,-43.93896166066986]],[[-73.23497979737982,-43.995121929446384],[-73.23707989052915,-43.999686322916645],[-73.21663983565837,-44.01277617403241],[-73.23497979737982,-43.995121929446384]],[[-73.21528760525445,-44.01186239939738],[-73.21146105613026,-44.015716609739904],[-73.20800005754633,-44.01531903632296],[-73.21528760525445,-44.01186239939738]]],[[[-73.77422104769667,-43.825340609420145],[-73.73320066153195,-43.87666128501559],[-73.73816458201041,-43.8999112267243],[-73.84814770367899,-43.90339138338962],[-73.89393832725871,-43.868134513522975],[-73.8646262420457,-43.85457803529962],[-73.83011004930515,-43.86547391117685],[-73.79584997343864,-43.84339214494541],[-73.78304777959241,-43.85788340436036],[-73.77422104769667,-43.825340609420145]]],[[[-73.84859283956354,-43.77039896532369],[-73.80544090304487,-43.79511300473543],[-73.78473726630007,-43.836294588454194],[-73.80912836152206,-43.85096380583],[-73.94158011722924,-43.852136572551416],[-73.93815953564656,-43.88494039975841],[-73.86280845166095,-43.91481845494363],[-73.90764386785295,-43.9227796785859],[-73.91642523482682,-43.90699430395371],[-73.90987119837911,-43.928573466328515],[-73.93868234076888,-43.95359950813374],[-74.0022416415668,-43.918175080206844],[-74.0048421690929,-43.88775670029186],[-74.02142042674436,-43.90863358954118],[-74.07512193541457,-43.90523255393734],[-74.15820255529609,-43.86205077820843],[-74.13657599751322,-43.85324130605262],[-74.12930319924375,-43.82324034937052],[-74.07069203911801,-43.80479285196799],[-73.97031682521455,-43.846026553312086],[-73.89944559912664,-43.84083972339545],[-73.87922356627364,-43.81693996008697],[-73.90390519731976,-43.79783810224201],[-73.83767508840118,-43.80408029307356],[-73.86041207616462,-43.78634796548566],[-73.82803520420522,-43.80084182126313],[-73.86663357785372,-43.77385002949266],[-73.84859283956354,-43.77039896532369]]],[[[-72.96380322008072,-43.76122099566132],[-72.94839459498033,-43.79946562430324],[-72.91766039851915,-43.80274487146781],[-72.95303600410212,-43.82341852202369],[-72.96380322008072,-43.76122099566132]],[[-72.95564210836949,-43.8052812220503],[-72.95525557587915,-43.805674664450756],[-72.95498310427706,-43.805559689098715],[-72.95564210836949,-43.8052812220503]]],[[[-74.43683059319827,-47.721996385494],[-74.40365897991038,-47.69790415674287],[-74.44604747509997,-47.69121190223794],[-74.49915322376873,-47.742211230440994],[-74.43416522078337,-47.694463073365405],[-74.40817127058311,-47.698117165962024],[-74.52404989891743,-47.765543510168754],[-74.6374575879936,-47.738712175495145],[-74.6218673549838,-47.72778241757821],[-74.58007642720602,-47.74715824160418],[-74.61979496497953,-47.72500002610929],[-74.5576253848756,-47.68361595815835],[-74.64529704174767,-47.73122368639723],[-74.6876208214059,-47.70304807880973],[-74.63044385217397,-47.6613804462947],[-74.63991268276676,-47.64017413674569],[-74.62041162428609,-47.61685275809948],[-74.55558466767162,-47.62210132278343],[-74.61476733148953,-47.64768845647822],[-74.52576193423705,-47.626739556780834],[-74.53821237925906,-47.62055293014079],[-74.52515294744134,-47.60842953131507],[-74.55366203760501,-47.61740015763251],[-74.60564183250675,-47.58633024210693],[-74.56721647528028,-47.549414665837986],[-74.55399161151644,-47.55807736840771],[-74.56068415650287,-47.54000982057407],[-74.49955086572419,-47.513500055606244],[-74.46335067857562,-47.520954690305494],[-74.4750936428192,-47.59093038581558],[-74.45396590424225,-47.60566338281317],[-74.45607012425198,-47.55208391345035],[-74.42538343249966,-47.521913439054075],[-74.36546651181963,-47.544666712741346],[-74.34770670007498,-47.60444172858973],[-74.40418351159467,-47.658956950973646],[-74.47017729352494,-47.676992814650646],[-74.52086977208181,-47.6612415656152],[-74.50254480503908,-47.62419172259992],[-74.56673912041975,-47.637141178071985],[-74.5179386744126,-47.642779149706904],[-74.54359316653837,-47.6773128760384],[-74.5161489626687,-47.664202038472105],[-74.47779573476964,-47.6860731343266],[-74.41606429716579,-47.676443417880044],[-74.29776752985074,-47.65483310658174],[-74.28523223984845,-47.63230441706716],[-74.26493827350077,-47.708119373102505],[-74.15218838567287,-47.753790216743376],[-74.14211625192513,-47.73060935839166],[-74.06383636816082,-47.724047543735594],[-74.16385898612876,-47.735692668849815],[-74.21447183352726,-47.722676052083145],[-74.2108214036061,-47.707414765114805],[-74.25683896138952,-47.69691939209565],[-74.2504411994619,-47.63929892530534],[-74.09650520785894,-47.656201444109826],[-74.02321673751234,-47.63338907654013],[-74.1151215569388,-47.62213611245367],[-74.19172473702193,-47.637176053370624],[-74.25285840239808,-47.62825824100486],[-74.20209513569851,-47.622321770396795],[-74.24790544855261,-47.614979634867204],[-74.1106844354924,-47.592976197446845],[-73.96748539742275,-47.605298994988644],[-73.93934819990523,-47.58533452578887],[-74.03229093909916,-47.60345947138316],[-74.09646894646419,-47.57646203470268],[-74.00403768823008,-47.51555924336472],[-73.89702325872534,-47.49410538540258],[-73.93323418972471,-47.46490274829622],[-73.90241117683138,-47.4917763297647],[-74.02493705799384,-47.513430840830765],[-74.1128027527639,-47.579233350241445],[-74.17681105938857,-47.56392527520353],[-74.25615822884701,-47.58915520966446],[-74.28772441617825,-47.58138031683791],[-74.30106410978823,-47.54668020424574],[-74.2821654938764,-47.51439983452607],[-74.19905311944792,-47.48925645730401],[-74.12644645602894,-47.49167842978255],[-74.05846370434662,-47.42759774643032],[-74.13925847474944,-47.48577587539172],[-74.17250886399955,-47.47523579271208],[-74.29573681359082,-47.50862744965516],[-74.33883471195355,-47.48697508116207],[-74.37413662334389,-47.50143378898404],[-74.31262920041902,-47.51419940567248],[-74.32822585728144,-47.531171200205165],[-74.42461603948166,-47.47675434723267],[-74.41811596842632,-47.452916994082265],[-74.30693408723191,-47.45182262469965],[-74.20636764895391,-47.38929428420079],[-74.2396131935897,-47.39828091141101],[-74.22965766116585,-47.37885866673158],[-74.3175751716598,-47.44322046271475],[-74.39327737475062,-47.438985091490245],[-74.3989226619822,-47.4178022314789],[-74.41146510437078,-47.43172332751725],[-74.41926489211515,-47.39084581590757],[-74.45612776914376,-47.46251284219504],[-74.48806230975896,-47.41311637633749],[-74.48274293670235,-47.397593693555066],[-74.45770303057148,-47.40768334391625],[-74.44540789348231,-47.35284278913868],[-74.3874010246583,-47.32183516372223],[-74.38046960146816,-47.27980032405755],[-74.35895137332204,-47.28868147928467],[-74.3310358593554,-47.271451463647935],[-74.26233973664134,-47.1905571661672],[-74.2342505450926,-47.2251095264148],[-74.20271379824817,-47.207299942733094],[-74.22917724484684,-47.20862384824374],[-74.24067348859428,-47.186487185430586],[-74.18058562121065,-47.21492916456593],[-74.19499217022171,-47.35261932644098],[-74.142971181276,-47.36321764545756],[-74.18883675309648,-47.33364854558843],[-74.18241892100878,-47.27748706470898],[-74.1466904922165,-47.252614195263895],[-74.1071111151586,-47.278645662741404],[-74.12780947789436,-47.25047979329312],[-74.15960700117421,-47.248804088925816],[-74.1545300420903,-47.219495402612345],[-74.19426037833674,-47.188741502843165],[-74.10401383994163,-47.196999481763115],[-74.10710402026447,-47.23349838814975],[-74.08315227667494,-47.27242644982173],[-74.0989192765731,-47.266789905207965],[-74.08051344857839,-47.287452170788455],[-74.12137557225128,-47.30474811137239],[-74.08251845774981,-47.30503871365051],[-74.06644828812136,-47.33851431287079],[-74.03238722142963,-47.351974060639144],[-74.038011232962,-47.37748006686539],[-74.02768776317419,-47.35288891491949],[-74.06686048637769,-47.31563639814997],[-74.06028689180961,-47.290966497157974],[-74.04115245286437,-47.28866524425099],[-74.08021777798407,-47.27220710974618],[-74.0520948412217,-47.275384669873674],[-74.08888223820688,-47.236078815302704],[-74.09331014204012,-47.192249581615926],[-74.02266807438458,-47.15897921712758],[-74.02274957493704,-47.223025478929635],[-74.0087913705927,-47.2219056177979],[-74.01746844765366,-47.15578845521309],[-73.97076267795467,-47.14479769797713],[-73.93227643471488,-47.22407747544684],[-73.90771220539156,-47.23427900114465],[-73.91894068740396,-47.24305590431691],[-73.89751977914246,-47.23411587980978],[-73.9263368225653,-47.21682949268171],[-73.8668366833462,-47.18640286689095],[-73.92608398454206,-47.216420019579026],[-73.96451344617107,-47.14783546489646],[-74.00829784515876,-47.14538922811416],[-73.95162269191255,-47.0494338989221],[-73.90874241761391,-47.03141920856761],[-74.0033867851449,-47.09706358268243],[-74.01450085502773,-47.13715900194493],[-74.01731484651987,-47.11699306475552],[-74.09093640319064,-47.16857600875074],[-74.07680940989601,-47.15374912345629],[-74.09991086123823,-47.14571895797335],[-74.14493075815192,-47.16296810216991],[-74.1318940608974,-47.1403707203112],[-74.1949727980526,-47.117855863464015],[-74.18364203296365,-47.10613296071051],[-74.19624714182645,-47.09807950744036],[-74.13377163865589,-46.996100164822906],[-74.06786710434909,-47.003749238168155],[-74.05132815338122,-47.04932747787046],[-74.03249546752305,-47.03128900572526],[-74.04853955726216,-47.00490088258931],[-74.01430511482228,-46.98142076811451],[-73.91910147955161,-47.00587764457022],[-73.88807775068446,-46.984092225031276],[-73.88559526807488,-46.95278293539313],[-73.84151039070949,-46.964326684507895],[-73.8540355207659,-46.943928929761],[-73.88905854478638,-46.94956153950952],[-73.88878383458261,-46.982528872810015],[-73.92008827529796,-47.00511361255835],[-74.01893576482189,-46.98312725728634],[-74.00577388823083,-46.96171325658334],[-73.96680460559142,-46.963521507055546],[-73.99794189049364,-46.9462832349914],[-74.06193954220075,-46.984611365924685],[-74.18025364250919,-46.864804249223766],[-74.12430859411182,-46.82481084477412],[-74.06281451027063,-46.82214914722329],[-74.12321861787194,-46.82353880446427],[-74.18223336051213,-46.862461215466766],[-74.25300369411552,-46.805586474499854],[-74.36574767552041,-46.77812309252981],[-74.21406220355433,-46.7923324284878],[-74.2351158742395,-46.78930706866548],[-74.2204897491252,-46.7573447107041],[-74.11166576768518,-46.71530465422839],[-74.0364204199001,-46.72730283340208],[-74.09999734923714,-46.70590497636294],[-74.0391280050485,-46.67854535703497],[-74.22714190495816,-46.76030012851026],[-74.27715821800741,-46.71801792124748],[-74.23585804975082,-46.75645375104974],[-74.2844856949316,-46.76798281845993],[-74.29779359536704,-46.735873562256906],[-74.28887252150186,-46.76641480969628],[-74.30268060209086,-46.77047618504335],[-74.32030418342437,-46.74689082960291],[-74.39498037122185,-46.75973907758739],[-74.46992865602397,-46.73432415487149],[-74.48424419401866,-46.722055789187856],[-74.46631501121539,-46.71447324432433],[-74.5648264032623,-46.717868708576056],[-74.4252040982262,-46.76665913478021],[-74.50073220062846,-46.79046664974912],[-74.58644958966791,-46.77656793473101],[-74.61287973302406,-46.802661101854596],[-74.60220584122368,-46.830077492319035],[-74.63566126644581,-46.8385462098417],[-74.6637235543501,-46.81203628070058],[-74.7743627704679,-46.78516439493779],[-74.72285805948565,-46.74366898292381],[-74.77094587557114,-46.76502384023013],[-74.79100950489685,-46.809863274828494],[-74.83481394709517,-46.76915840913736],[-74.96733085042338,-46.743778340454696],[-74.96747803399279,-46.722321155580644],[-75.02476274087168,-46.682823274427875],[-75.04035862697957,-46.64057099472674],[-75.02839301080125,-46.63281229630153],[-75.04567024937191,-46.62602069389737],[-75.01745623242286,-46.58914531404995],[-74.97863900850989,-46.57990591651128],[-74.99148470327377,-46.58186016512779],[-74.98637991797561,-46.557477148521045],[-74.91831914042436,-46.50565929121426],[-74.91674310195391,-46.45379684383029],[-74.88646770744766,-46.43322137038879],[-74.9401082609343,-46.447858560344145],[-74.93820998239839,-46.48157469713341],[-74.99894501048574,-46.53509540161873],[-75.02129192639664,-46.50573415927628],[-75.0307776749612,-46.57087949860366],[-75.05487393053052,-46.56777492334227],[-75.07127321952287,-46.59424380070324],[-75.15394905853735,-46.637355415616575],[-75.16657856654159,-46.62995636649504],[-75.15603628062527,-46.59375483576079],[-75.18315873131638,-46.56528429471613],[-75.16517378110026,-46.59993288802898],[-75.19288327813462,-46.60115152850547],[-75.1757230100954,-46.61460850960109],[-75.19091620571594,-46.63622776715533],[-75.3118305703441,-46.63541452939899],[-75.28312706768496,-46.65953802959494],[-75.33035645368497,-46.65774464068838],[-75.32180771443707,-46.67405557613343],[-75.35120655355031,-46.65199184851997],[-75.33444332290038,-46.6475418545783],[-75.3610309741635,-46.64222258074185],[-75.35765846053337,-46.62098206908085],[-75.39717142244739,-46.65578215935701],[-75.48211859057231,-46.67331381854738],[-75.50520044247166,-46.722265039605354],[-75.58128095487471,-46.697973276748705],[-75.51235415916875,-46.73575661591489],[-75.52342932481328,-46.74934983489589],[-75.5402683085945,-46.735866361976434],[-75.57692369096215,-46.8086660039262],[-75.52945720182943,-46.77770401730462],[-75.49580184845597,-46.78754742078869],[-75.52570143905129,-46.76743998199639],[-75.47988678643605,-46.71425360825212],[-75.44022095371858,-46.73205663416947],[-75.41516439102571,-46.71595916727275],[-75.34352024638251,-46.718649088925446],[-75.31913506297343,-46.72831538418303],[-75.33968779532691,-46.72582752987232],[-75.34278933304991,-46.74536656015971],[-75.38419221287947,-46.72249617376633],[-75.3675521717977,-46.75000423649827],[-75.41806581015454,-46.80324010170241],[-75.35238355857493,-46.763626632071926],[-75.37849262338727,-46.798612913265835],[-75.32663220380702,-46.777129129064726],[-75.29550218897039,-46.81385760313942],[-75.30311723548165,-46.83588572461243],[-75.39203382079357,-46.87757756827539],[-75.31243447716689,-46.85110773711634],[-75.26187022233705,-46.87290149981663],[-75.29447881741895,-46.84240838235786],[-75.28192711070484,-46.817725245118794],[-75.2542066757836,-46.85283843138157],[-75.2536095153086,-46.90293551807346],[-75.44172703678458,-46.97013313301501],[-75.50995578671755,-46.94238233842891],[-75.50017836057013,-46.903999766559366],[-75.57549192731621,-46.88428856223086],[-75.5830420759381,-46.82467785098382],[-75.64399649597404,-46.80746304418457],[-75.62463459551401,-46.76563987387938],[-75.65478275623666,-46.71742926116772],[-75.61945552493175,-46.71231802024923],[-75.64001632415648,-46.70861137776199],[-75.63591423927676,-46.68313497291497],[-75.60636724192204,-46.6930696986175],[-75.63910367625199,-46.67731019443764],[-75.5882924952118,-46.68298732035704],[-75.63401340952547,-46.65275899822663],[-75.59237062022625,-46.64414667806938],[-75.60048399636159,-46.614696126989244],[-75.58347759715414,-46.61488870666306],[-75.60409070348125,-46.59761997336212],[-75.58179720768536,-46.58017335632666],[-75.55087167456023,-46.596856341068644],[-75.56152361333167,-46.57801774660871],[-75.51174363894884,-46.60151455119145],[-75.50162558871367,-46.59070151992867],[-75.45435279881407,-46.62097230410347],[-75.49128682510813,-46.587598173291234],[-75.48577761377749,-46.56886657857214],[-75.42316713783718,-46.58243173913132],[-75.50390615969178,-46.52449983068788],[-75.45681641320942,-46.51458736818818],[-75.42764733889135,-46.52992897164541],[-75.42784836119067,-46.511924513507246],[-75.3974089379068,-46.54647755859075],[-75.38589916193794,-46.49648966949925],[-75.31790810982241,-46.49688932778571],[-75.35965558878483,-46.45870633939823],[-75.34311066761356,-46.457709445800326],[-75.35000025895587,-46.435972379910964],[-75.28282525351243,-46.48251390556629],[-75.27887068457879,-46.45455047988371],[-75.31538686850159,-46.45388413744665],[-75.33620387892344,-46.43275157135707],[-75.3106094903784,-46.43772913231585],[-75.30152533096665,-46.40182160091079],[-75.25401990525626,-46.41529526205064],[-75.26106929880277,-46.391872490124534],[-75.21983073790669,-46.371933419680744],[-75.1697073825065,-46.38266264836401],[-75.18899902482983,-46.3894187547661],[-75.18296030155496,-46.4153358078143],[-75.14083994539283,-46.44980321394637],[-75.17173179888132,-46.421045846275035],[-75.17129988529946,-46.39302001522857],[-75.1319047751642,-46.382571216363104],[-75.16612897052165,-46.39014645223819],[-75.18601047001675,-46.36730396198727],[-75.15487061952608,-46.35168221219773],[-75.14626863533466,-46.324047712928184],[-75.17545253275325,-46.303480518251526],[-75.01495094607982,-46.37340724460633],[-74.8702836017968,-46.3705330024384],[-74.9949179376272,-46.36055932739123],[-75.09975500988506,-46.32558485245636],[-75.09616391099345,-46.284808565789156],[-74.99496738000214,-46.290939575750215],[-75.06965108400361,-46.27583799098043],[-75.07450864574905,-46.25192530425265],[-75.03960156818061,-46.22437436951942],[-75.00103841388115,-46.21454667880008],[-74.85735831989201,-46.30113470498842],[-74.91887316469773,-46.23134803513207],[-74.87649944948949,-46.18252338430838],[-74.90118483459518,-46.18140435023992],[-74.87200418099309,-46.17998459164758],[-74.8736391812855,-46.15988143719927],[-74.84659385096154,-46.15025179485371],[-74.78656369494502,-46.16853894514994],[-74.74038156310661,-46.22273619569554],[-74.73924653276197,-46.189129478257485],[-74.6282210177158,-46.17017444543333],[-74.74681742258544,-46.172700911824414],[-74.77385482078543,-46.12631285289218],[-74.73551687143275,-46.07823530436132],[-74.75516163879932,-46.069682579476535],[-74.74201340492249,-46.04991247544675],[-74.54363834461066,-46.0483750544808],[-74.57518409257423,-46.02618548062612],[-74.59041578190302,-46.051364167100274],[-74.62458478926098,-46.03174172369489],[-74.70613040571422,-46.03232545528479],[-74.68160892362202,-46.001598940533064],[-74.66612612103536,-46.006023670331174],[-74.69121207301107,-45.95752638078517],[-74.66877636582086,-45.904709966716055],[-74.70238485228931,-45.92464871594146],[-74.70695233185984,-45.96447700847819],[-74.73806013225781,-45.96007911817983],[-74.69972359595505,-45.97115342992824],[-74.72412303113612,-46.00941185238426],[-74.80721624000803,-46.05492278985223],[-74.85002857023015,-46.033555041107604],[-74.82919189299179,-46.07162699067531],[-74.87685801293347,-46.114932800046596],[-75.01439805727695,-46.11244984654194],[-75.04225861141619,-46.09934579936776],[-75.05820341396021,-46.06021386717528],[-75.0563355146506,-46.03987826101367],[-74.93795436229273,-46.01358577827505],[-74.85746620396438,-46.02642056214886],[-74.80868341075087,-45.99653490724488],[-74.86696674867999,-46.0190904749784],[-75.00292486789297,-46.00661248662299],[-75.03541240331221,-45.99014500425272],[-74.98680763552679,-45.992700413152825],[-74.96653553686805,-45.956309128617086],[-74.9109469552468,-45.969245582190666],[-74.97195335270338,-45.952041761448626],[-75.00067838259001,-45.964886922386945],[-74.98035900829281,-45.96848111824723],[-74.99254826095947,-45.98646172464875],[-75.06002936104777,-45.972502725192065],[-75.03292704878868,-45.94334982385204],[-75.07316201095105,-45.93426439456092],[-75.08967861542791,-45.890464592896535],[-75.07697425889592,-45.87628858311293],[-75.00650516095,-45.85930869472017],[-74.9617661016486,-45.9200271980269],[-74.94708272330803,-45.887520386058725],[-74.91226863574452,-45.920180754659796],[-74.77403983330977,-45.95185205451625],[-74.91789988949473,-45.89419129144923],[-74.94066407016014,-45.86809223326789],[-74.91101765984618,-45.861309735575155],[-74.84173828976424,-45.90292272827686],[-74.86065341581265,-45.882062629127375],[-74.84128262113299,-45.871344856111065],[-74.82260142177445,-45.87117447924697],[-74.83475684837907,-45.887719591711935],[-74.81474113519064,-45.86675647060041],[-74.78088462477056,-45.885914439701146],[-74.75109855787095,-45.8720726526678],[-74.78097198054205,-45.88297247428396],[-74.79622014048155,-45.83250403722379],[-74.72141124995703,-45.818391021440654],[-74.6736444351602,-45.82709960974268],[-74.70424449338653,-45.90219716804841],[-74.65224837250283,-45.882754416271844],[-74.62750012598852,-45.83071413950554],[-74.56135223896956,-45.83833799714132],[-74.57058679522447,-45.8779996937456],[-74.54687273507933,-45.84247271313167],[-74.5198655696802,-45.86870082945695],[-74.54387638558453,-45.83805520049981],[-74.50582453707341,-45.84904197316519],[-74.4870286183615,-45.89191965064786],[-74.52933437242525,-45.91405811569551],[-74.45922898437156,-45.906532228744574],[-74.48866568298246,-45.932767640409146],[-74.46963799443569,-45.93825338536612],[-74.47985195240386,-45.95923252833168],[-74.43134636042241,-45.92027474969964],[-74.41853579787099,-45.93993200853346],[-74.4439635462359,-46.016044668923186],[-74.47640938545292,-46.02230955980627],[-74.43372788137721,-46.028469506160455],[-74.43008988413958,-46.05051327911188],[-74.4109492261576,-46.03653300227307],[-74.40394007444088,-45.97605805541163],[-74.3856096267766,-45.99898625376625],[-74.39067197027084,-45.95448302910625],[-74.32424541237603,-45.97585132815551],[-74.45299261286958,-45.86250581540277],[-74.45095592550796,-45.83972749457748],[-74.37335653084273,-45.86926573192312],[-74.42615425169213,-45.83978250540238],[-74.43548944081844,-45.80341068686525],[-74.41038755632285,-45.82384659275187],[-74.34977080132411,-45.79929858051032],[-74.33083493856567,-45.82252728142241],[-74.33995270844376,-45.79459846128486],[-74.3145723282438,-45.82102578845123],[-74.28342382787527,-45.81176152869016],[-74.29804957030724,-45.84485010452826],[-74.26728407564323,-45.87503798716865],[-74.26608401445854,-45.834202971383334],[-74.21266794367322,-45.81515695425841],[-74.1064929080548,-45.80682769682067],[-74.0604420092996,-45.84667830212657],[-74.07287687663629,-45.81318566699619],[-74.049453166364,-45.84746117643476],[-74.05993360506963,-45.86036420085917],[-74.25592084813486,-45.903655169588426],[-74.14061159268887,-45.89129122267131],[-74.07694480577226,-45.91370362165661],[-74.16346882983456,-45.945232588987],[-74.03491678025166,-45.909546143708845],[-74.00447159158031,-45.93709955871671],[-74.00869229809497,-45.97221387710965],[-74.1049993385207,-46.01482543636],[-74.24474422227057,-46.03333724434754],[-74.3050945297695,-46.008430343206136],[-74.246400805486,-46.04225439274944],[-74.05885200472146,-46.01516910516177],[-74.05708848874954,-46.10609660785167],[-74.1261295609394,-46.13931682165818],[-74.30396985610179,-46.14060954496617],[-74.33228591448058,-46.12194244006965],[-74.30265513485256,-46.14705483512857],[-74.17547143234809,-46.13623975731092],[-74.13661881840618,-46.149931061039375],[-74.0505474060082,-46.12226844758573],[-74.00934845273132,-46.09370015933088],[-74.04442616438966,-46.09997592849696],[-74.01977271618897,-46.03078003831238],[-74.04420104747777,-46.01786575943776],[-74.00690332296958,-45.985756511124436],[-73.98955561156488,-46.0061529528854],[-73.99887007296432,-46.02023730086266],[-73.944263014877,-46.03374812210203],[-73.93928208839189,-46.079614275073915],[-73.98232891753074,-46.14661091210026],[-74.15403839952519,-46.22285438477497],[-74.28720033005835,-46.250979923749576],[-74.40377986709647,-46.2056177795503],[-74.43347155609403,-46.15314258151825],[-74.42826940958875,-46.17902502428449],[-74.4450003152615,-46.17201127203529],[-74.44787264604312,-46.194351013685946],[-74.29271128951054,-46.26105259487783],[-73.99953590155798,-46.182592904524746],[-74.00316696739486,-46.22189426749487],[-74.04134415065104,-46.23526685174165],[-74.00541947500349,-46.23314615027514],[-73.99347777197802,-46.27383779837808],[-73.9875927944657,-46.231637665160875],[-73.94151617963888,-46.22595769646048],[-73.92435093583131,-46.28266185606439],[-73.96709926198777,-46.27779351451197],[-73.97120414152633,-46.26030455442151],[-73.97768103784395,-46.281246194518815],[-73.90136857504464,-46.30182653879248],[-73.86421522237903,-46.340658639011224],[-73.85638085129284,-46.327245656514044],[-73.82856351779685,-46.348609325875955],[-73.83829230286658,-46.32113394724341],[-73.90875047011211,-46.280676249818654],[-73.93759807332262,-46.223869269867265],[-73.9899525878687,-46.227629975048124],[-73.95139800349706,-46.14375401931006],[-73.86135576355711,-46.13462264979951],[-73.81198710887824,-46.20034401628427],[-73.72614587989037,-46.23163830023643],[-73.72272493359169,-46.26667617586102],[-73.7613168070308,-46.364183888731986],[-73.86259139892537,-46.45475719587778],[-73.87040844869624,-46.479932215894785],[-73.84480437541411,-46.52740961448907],[-73.87455109610428,-46.48887890051228],[-73.86794858207227,-46.50281674999123],[-73.90849414303231,-46.505693985594505],[-73.88624910236287,-46.51106648442181],[-73.92255980115598,-46.534059063228355],[-73.96390571881336,-46.60791906350285],[-73.91170337438483,-46.53925713478087],[-73.91642925568604,-46.5618751652521],[-73.87704444653217,-46.561862605228505],[-73.86244471481925,-46.59310164330537],[-73.80732807121734,-46.57595626064307],[-73.76648388510401,-46.516327757835676],[-73.76982842699283,-46.4934570218959],[-73.7226451946355,-46.48880504582351],[-73.71840283153597,-46.51601593466309],[-73.65664992689175,-46.54142241448166],[-73.59160402389308,-46.49820569631007],[-73.61064512698199,-46.49342902291482],[-73.65675060108563,-46.5363915106771],[-73.69783647173962,-46.527271707489774],[-73.71881490133319,-46.510454430980246],[-73.71211871098335,-46.49099682219489],[-73.76240286571772,-46.471978880410724],[-73.73687679405003,-46.45805552614889],[-73.72123049269176,-46.41404391298016],[-73.75969883430457,-46.39982330306435],[-73.70701909189638,-46.40645476936979],[-73.62244616551207,-46.32555320145152],[-73.59430725311067,-46.31032791884511],[-73.59688136118427,-46.33867250858164],[-73.56888622863566,-46.302130534835875],[-73.42189493911937,-46.31679316857769],[-73.38639402843575,-46.36859163414403],[-73.32250804091171,-46.35081115916737],[-73.23885758910276,-46.42794010200653],[-73.30046015439598,-46.35875689642877],[-73.38878334407225,-46.365892609709284],[-73.41079836033343,-46.332771688557685],[-73.38616028410388,-46.3377644777072],[-73.41933631440801,-46.32708558112061],[-73.42122708572309,-46.29519674179688],[-73.51144744631252,-46.281584973092755],[-73.53450308986343,-46.295360794716935],[-73.55641633778271,-46.27199372118698],[-73.51765526037161,-46.23477843479693],[-73.52396382767638,-46.199482142261026],[-73.4853410405134,-46.154489646677135],[-73.43353191383754,-46.15495483704137],[-73.46784039991473,-46.14328924153169],[-73.46522741455227,-46.129662869215636],[-73.3896267417498,-46.04556374208197],[-73.26865419683392,-46.03757728609991],[-73.3471326774463,-46.03483385632897],[-73.2322547669486,-45.994624130825116],[-73.19399592593477,-45.998538459749376],[-73.34173187929574,-46.02645105164997],[-73.36143948112148,-45.997403033996115],[-73.37058516165547,-46.00756893893827],[-73.35264837281667,-46.01545597736863],[-73.38711166826171,-46.01275667013548],[-73.36970934557596,-45.95361809580822],[-73.31289953756358,-45.92655024986725],[-73.33267179024202,-45.92267305884856],[-73.3162433976311,-45.89949907386796],[-73.22586113457633,-45.888629271690476],[-73.1576548910345,-45.82887089341532],[-73.07677193841013,-45.87559538893773],[-73.00931554558541,-45.878293789546575],[-73.15460167548726,-45.817734050694746],[-73.23531439736527,-45.88421013498933],[-73.37088985762341,-45.89233750577045],[-73.51993335199954,-45.84822416586077],[-73.53124580223648,-45.82496065689322],[-73.3748912009356,-45.696254000933074],[-73.21435347503825,-45.666521252030236],[-73.2348341822689,-45.67844724991815],[-73.19026284382095,-45.68905575331793],[-73.12995091863915,-45.65074871719716],[-73.27790625676217,-45.64606564547817],[-73.28922580818141,-45.62724146207244],[-73.27527775210486,-45.603313616240065],[-73.23689536040011,-45.58682381318429],[-73.27613796085461,-45.591593231119795],[-73.29987806405818,-45.62312922402418],[-73.3680869037312,-45.63927455104131],[-73.46911716824152,-45.743407962107796],[-73.56216990883694,-45.78087152692137],[-73.4916047306815,-45.467433103780664],[-73.44497656194834,-45.41783785558773],[-73.39312990455822,-45.406818507187175],[-73.3873122243354,-45.48834450898644],[-73.37001100613656,-45.44912910329531],[-73.38154800644845,-45.387710038899],[-73.32958458693601,-45.36505194988723],[-73.32849042275029,-45.34895526615658],[-73.30150336793542,-45.41287474075039],[-73.30111224146071,-45.375536480934954],[-73.32807011180863,-45.346285769160374],[-73.1975762585177,-45.291692925084185],[-73.1488928126864,-45.315349735606816],[-73.1471448196026,-45.35859568987037],[-73.10568388345287,-45.39433026152169],[-73.01449190684878,-45.424956461502845],[-73.00790113649246,-45.4450138754031],[-72.97581111277296,-45.443568315684175],[-72.99138304081221,-45.45284567444684],[-72.87501249862157,-45.47719860601071],[-72.8438710320617,-45.45937205087417],[-72.83398951812231,-45.48409646590914],[-72.81735261844909,-45.469537736631544],[-72.82735829303547,-45.44874669102707],[-72.79269168009557,-45.452702050297766],[-72.80657465053486,-45.424533266666735],[-72.77695257198866,-45.40618511112952],[-72.81973051290508,-45.37798648376827],[-72.92378860747102,-45.4229620990518],[-73.00684590798609,-45.39604694953035],[-73.0555069857668,-45.33754237277919],[-73.10267844749897,-45.324522560670076],[-73.10632260987438,-45.29824204108993],[-73.2090952817441,-45.23873928532132],[-73.27251974901112,-45.24602798090047],[-73.32878546362558,-45.29328386591416],[-73.42493263537177,-45.2745018952764],[-73.46570550962457,-45.24102312546919],[-73.49872497165953,-45.24427234847836],[-73.50992041543239,-45.19773816425873],[-73.46524963438081,-45.20536327724063],[-73.44073515555458,-45.261595899936744],[-73.4262239932371,-45.188684251607725],[-73.31262467105294,-45.20328121345329],[-73.29743561936081,-45.19069471754163],[-73.33575386776101,-45.16320162435793],[-73.30284771113115,-45.169362170019234],[-73.27396773982434,-45.14901812682321],[-73.32056153452316,-45.09839619854003],[-73.26816415865993,-45.06965192139598],[-73.33829920818596,-45.09258186980115],[-73.36311380247054,-45.066693648782206],[-73.37598538129099,-45.01566991224294],[-73.35594020785281,-44.95457652069351],[-73.21813604893435,-44.96239330295106],[-73.1234970721934,-44.93048537311583],[-73.09734433847845,-44.95077399758784],[-72.98894508409803,-44.88815643266511],[-73.00434630079225,-44.88266272746087],[-72.97287835142386,-44.8591000197154],[-72.9282783836678,-44.86639749711935],[-72.74608874144546,-44.74683121947092],[-72.71291521384768,-44.743051131722076],[-72.67774653159715,-44.78718084554372],[-72.68335827932928,-44.76599663642283],[-72.64584886323112,-44.778471200154755],[-72.59688440820928,-44.756169873815594],[-72.54486987725215,-44.69647241937238],[-72.39768974389683,-44.658134705450934],[-72.5453481331229,-44.69488609862305],[-72.59772762173219,-44.75530538155342],[-72.64647349418752,-44.77769216924572],[-72.68167335426661,-44.763750992298576],[-72.67773152703697,-44.7849867640568],[-72.71296145732188,-44.75825935445755],[-72.68302122155319,-44.73006258274526],[-72.71751868801334,-44.66256478686489],[-72.66398880427477,-44.623443142530625],[-72.678425672325,-44.58758039574428],[-72.65254214303945,-44.53669731950764],[-72.5830000390931,-44.50225634098002],[-72.46185922355485,-44.561402153095806],[-72.59802079411169,-44.48823416619676],[-72.6042796360722,-44.4727163577618],[-72.57799322226319,-44.462376710590334],[-72.60668511060403,-44.472304255738344],[-72.58157325211386,-44.39503836881769],[-72.60300927902159,-44.38508119531974],[-72.56018977126035,-44.3635938152609],[-72.57223698051762,-44.354894434838556],[-72.55538578414013,-44.32695309228387],[-72.57420969345797,-44.32575477670861],[-72.61726564049694,-44.40700801142609],[-72.64592700049117,-44.413176393043415],[-72.65609532494122,-44.429821263659214],[-72.6378427333643,-44.447214305463596],[-72.67398908357956,-44.51076847544647],[-72.71703099174727,-44.49866452181311],[-72.71211814678092,-44.47877226977066],[-72.74600661566554,-44.46355872782069],[-72.70250676882388,-44.444779353911976],[-72.74556658311015,-44.44216014772261],[-72.80809946976272,-44.40023420710975],[-72.75850522475983,-44.38159180073888],[-72.85558449652967,-44.387681880593284],[-72.91321936850294,-44.37055776873674],[-72.89105461835527,-44.30614303392676],[-72.83954288703904,-44.29355301498468],[-72.89400746783073,-44.294875834730576],[-72.91293357129192,-44.321925302912156],[-72.97878137429359,-44.28162262640695],[-73.04847981474376,-44.2716660247554],[-73.06689019360371,-44.23317516895899],[-73.08186120082017,-44.23432096570876],[-73.06730688882635,-44.259908768109824],[-73.08609818301116,-44.27299891872436],[-73.18392239620509,-44.24858479651],[-73.16716177605937,-44.21124624802352],[-73.12132375646695,-44.19751322442708],[-73.10073804426445,-44.23379678002091],[-73.11447324453445,-44.209488181887004],[-73.09602280889767,-44.184688505053686],[-73.03402314333312,-44.17880379120932],[-73.046642415933,-44.166619875156975],[-73.09279629485741,-44.18353991544983],[-73.09066602370444,-44.16108315104944],[-73.1104744937602,-44.18485175784761],[-73.09725018246027,-44.11845746988693],[-73.16206908118663,-44.19703185745443],[-73.27204205368912,-44.184122824840614],[-73.27036077758315,-44.14991455402266],[-73.24326205589026,-44.16450805443855],[-73.2700199540694,-44.14459735338128],[-73.26137161680933,-44.10675747572825],[-73.17781276261664,-44.15245346167515],[-73.2109397763473,-44.11931837672939],[-73.2074700515287,-44.06454704444018],[-73.15317651266206,-44.062895836627085],[-73.1283836297596,-44.105322558550654],[-73.08393171154887,-44.09105306132797],[-73.10786086340735,-44.07194463820407],[-73.12373919690856,-44.011724578125424],[-73.13809639607116,-44.01808156590642],[-73.11736003639552,-44.002615109760015],[-73.12179998663673,-43.97276850896912],[-73.10152513464166,-43.97138519918494],[-73.07274161724354,-44.028433790042115],[-73.11048764150267,-43.95607366006776],[-73.02996250851724,-43.916074654885314],[-73.05655460913597,-43.87562827717188],[-72.99969625347072,-43.882079109539625],[-73.0287777492351,-43.87310367762724],[-73.0202061694228,-43.85947229598076],[-73.0422935907942,-43.86461733807432],[-73.04385385035667,-43.84711119074754],[-72.99910863849391,-43.840701112661684],[-72.97900588574097,-43.76706400823794],[-72.95008176852615,-43.85247203209037],[-72.9295003152364,-43.86099766104392],[-72.95214532090463,-43.814826689268536],[-72.91812638879298,-43.806374358282724],[-72.91706454329625,-43.82412860193122],[-72.92234697583172,-43.80797573405406],[-72.87088064447165,-43.78816109249456],[-72.8480073409571,-43.791448726022516],[-72.8285312852857,-43.823602633444274],[-72.70185756714783,-43.84379362992439],[-72.8169220550351,-43.80630108553231],[-72.83255960949745,-43.759411927463184],[-72.80430893858987,-43.68818963448014],[-72.81693644335101,-43.652974049238544],[-72.83839792671728,-43.7699164721069],[-72.92141712968112,-43.76097546099139],[-72.93305631335657,-43.78948721593037],[-72.93953969191729,-43.753109468465325],[-73.04595571228877,-43.73911020439534],[-73.03348561123003,-43.72464627133657],[-72.93378534921024,-43.69711921786256],[-72.89386331966867,-43.7381834278063],[-72.85476007935577,-43.740309862760824],[-72.82371629021002,-43.644715310430804],[-72.80731169576758,-43.638121807202104],[-72.76662546761722,-43.6854969803321],[-72.79999327925137,-43.74044309708592],[-72.76733621916158,-43.75021721224677],[-72.76360400931189,-43.770090768311825],[-72.66188093261341,-43.77738111640609],[-72.65381995161535,-43.75963268610659],[-72.61216700686184,-43.75507372279117],[-72.50144260350564,-43.79676195100395],[-72.47581710270904,-43.73535096311777],[-72.42257070391797,-43.729741298627495],[-72.40326495984128,-43.69007279942318],[-72.33441718713424,-43.67403666096809],[-72.29830910065849,-43.7134745140899],[-72.30913259069976,-43.73219536877317],[-72.27104535215972,-43.761483397115015],[-72.3040287576158,-43.779917243822574],[-72.24037430277141,-43.80740896526577],[-72.28151323421429,-43.831920574737325],[-72.19332706187335,-43.84243169314573],[-72.20341161662652,-43.85408353878526],[-72.18111204732101,-43.8948697651945],[-72.1198618408081,-43.877554597919946],[-72.08123906711985,-43.89718574802958],[-72.1079517207514,-43.93389480125121],[-72.07757667972395,-43.95572275725776],[-72.04385159732152,-43.93633574653293],[-72.01352576420871,-43.965935195417295],[-71.9626011780504,-43.964695186217895],[-71.96853207744005,-43.925254367958104],[-71.9101571490812,-43.94068197368569],[-71.85818369448873,-43.92882919932338],[-71.80758762761974,-43.95492411675795],[-71.82740235803469,-43.97867184477408],[-71.82210058656776,-44.010420731723386],[-71.79026068077283,-44.055132318727615],[-71.73639892613063,-44.07202850851075],[-71.76825471952971,-44.1076351610167],[-71.84951473909626,-44.114872197726626],[-71.84518185725712,-44.16080917576027],[-71.78017873472724,-44.217113005651],[-71.83135200779385,-44.26600506421313],[-71.8031211573147,-44.271938431784626],[-71.78611702006513,-44.331013463606006],[-71.84010005625382,-44.35084309077167],[-71.80616902608935,-44.39804306735683],[-71.81340258774384,-44.417982950416196],[-71.71453393211517,-44.38102341253614],[-71.66936835720847,-44.4094119780125],[-71.3871951476819,-44.38543927375764],[-71.3526404127241,-44.40306041005213],[-71.34858361730775,-44.4245272553393],[-71.24169690577854,-44.41808915905307],[-71.12888381338557,-44.47112239315729],[-71.16195686711374,-44.498334627715664],[-71.09206660311273,-44.532008632631964],[-71.09593249934468,-44.58607440092088],[-71.20084819485115,-44.59163725051603],[-71.21403237122081,-44.633466092847925],[-71.23548941690954,-44.64091927787826],[-71.19417934562526,-44.68547664109614],[-71.21416777787684,-44.710793375014966],[-71.20543238488257,-44.75077650546288],[-71.26631524961455,-44.807395876473045],[-71.39476483376289,-44.790684777650995],[-71.47096628545434,-44.737707290927915],[-71.58230734003226,-44.75255693566005],[-71.59499019808288,-44.78029381615435],[-71.66279596368791,-44.78760909927746],[-71.6901333273276,-44.7640339987238],[-71.78462435243958,-44.751498533366075],[-71.82456692465504,-44.77378027154041],[-71.81571342745545,-44.79406041839647],[-71.85618385152851,-44.80197192908184],[-71.91430698570646,-44.77687748443171],[-71.93018992756507,-44.80333901672997],[-72.00570589282951,-44.784677809113894],[-72.01638845606732,-44.75820433479844],[-72.06614159507768,-44.758940939676776],[-72.06810993322259,-44.78781525426786],[-72.02696191352398,-44.80605443128469],[-72.06721761958289,-44.850335842258254],[-72.03609230113857,-44.862727576554846],[-72.06582101509886,-44.876102457570994],[-72.04035178163583,-44.90196923570671],[-71.97805654878323,-44.903932811843994],[-71.97760225726933,-44.919545308409404],[-71.87936107306996,-44.95952112838888],[-71.81534949208609,-44.91970263258425],[-71.78069859157878,-44.943199811775095],[-71.75431044895373,-44.92697876687451],[-71.74153857773992,-44.95891485419413],[-71.55985311227585,-44.9778695089936],[-71.54060627702056,-44.99995219515021],[-71.55797082285369,-45.03043494800289],[-71.50531104999426,-45.07162245848861],[-71.52672371890799,-45.10337518408006],[-71.49176895606932,-45.10794160889008],[-71.4854115500575,-45.143291668170846],[-71.41747336110151,-45.157918861481356],[-71.42517900001421,-45.17174511103041],[-71.3331783563981,-45.241321030420224],[-71.35038329675807,-45.26877269820314],[-71.31985000222197,-45.293567998442036],[-71.34934453706579,-45.331833190858646],[-71.44719575900704,-45.366291629116816],[-71.43825197123992,-45.39582066698634],[-71.52780958984701,-45.39168534519796],[-71.52053737817744,-45.42580400612965],[-71.53447801237313,-45.43294778256421],[-71.46995229231445,-45.49519813176506],[-71.55982075316267,-45.523357322674556],[-71.68224580472268,-45.5130622499935],[-71.69301078928613,-45.53333943692262],[-71.745148930223,-45.54125628268171],[-71.76467730108158,-45.573796277423675],[-71.72777432505532,-45.572681078165516],[-71.72998400278783,-45.59118958002097],[-71.77713394897064,-45.61888152188189],[-71.77317177489978,-45.641147188841394],[-71.79608862694269,-45.664834882300156],[-71.77232622755378,-45.69535761597162],[-71.80193126416071,-45.71978384580983],[-71.74225926195639,-45.806136589862604],[-71.76776097850009,-45.84707213225445],[-71.65774959852762,-45.88357304520587],[-71.61613282533736,-45.97701447903298],[-71.64779155441423,-45.986187301727995],[-71.64618894108273,-46.01081921195038],[-71.71529446110607,-46.08931691381035],[-71.78289604863016,-46.119013359202214],[-71.8252822405394,-46.109579387697266],[-71.915655402762,-46.1395203839376],[-71.90089057866616,-46.16484774181375],[-71.86661676576233,-46.15708602003685],[-71.87721117552468,-46.168382969812676],[-71.86008958624666,-46.193898461264226],[-71.77821471119063,-46.19823380999746],[-71.72747027497606,-46.272411018745494],[-71.75696149952806,-46.345572020066655],[-71.66871462802338,-46.529088168862785],[-71.66862044056415,-46.61330183344974],[-71.64593703730739,-46.637981601948006],[-71.64474730854512,-46.679910085586556],[-71.833798608996,-46.7962663759204],[-71.95581618114987,-46.81521399642883],[-71.93079681859125,-46.84528852081684],[-71.9316364675991,-46.86833605695834],[-71.97006482340198,-46.90376056943943],[-71.95770858021226,-46.97363570697196],[-71.88020353110973,-47.011024380449804],[-71.90447799087185,-47.050673701044026],[-71.95519730929277,-47.07685741996481],[-71.859886058546,-47.132075321525015],[-71.84992305483392,-47.162960183427515],[-71.88792638174327,-47.18026210346973],[-71.8925798776972,-47.21378752179839],[-71.86484203701903,-47.23104173346735],[-72.01936430061745,-47.197802242056504],[-72.00061414747601,-47.21512471798144],[-72.01450537972099,-47.25140103852077],[-71.9967583330365,-47.29495555609561],[-72.04839867076204,-47.33997173499991],[-72.13004273628223,-47.329483070734234],[-72.16108460482991,-47.394973786136276],[-72.19760039349399,-47.41645712986324],[-72.24458047184984,-47.4045788599987],[-72.29347671419889,-47.44557911756702],[-72.34150297682281,-47.45523912062184],[-72.29210614379012,-47.51224209707989],[-72.32637030339791,-47.57023090525254],[-72.31266468734518,-47.59571358957365],[-72.35342866198845,-47.637183787359604],[-72.4200297760177,-47.660692862161284],[-72.41579433533575,-47.69100719550982],[-72.4503673285517,-47.70704857016915],[-72.4432295210183,-47.746020334426255],[-72.46628344070218,-47.738384835362844],[-72.48273102492085,-47.75886797888845],[-72.52215857052605,-47.74128917049568],[-72.49555380815339,-47.79741663422195],[-72.46872064911975,-47.81236676612054],[-72.47864731597858,-47.87082916365431],[-72.49907353050577,-47.87514195252237],[-72.52780029773413,-47.936883497398625],[-72.49904888522595,-47.961651555692335],[-72.42501731679822,-47.96637327546215],[-72.4183112836078,-48.00001231943293],[-72.44350052926478,-48.06349208345501],[-72.36080405864314,-48.0721077599521],[-72.35792331963047,-48.10248506004212],[-72.30004297042942,-48.155569915714736],[-72.32539159787903,-48.214601975133334],[-72.31514436182117,-48.235097709756324],[-72.22804395531638,-48.31847951711173],[-72.24548302448716,-48.34897290502312],[-72.28004849521092,-48.36100114791732],[-72.38042500179009,-48.34959471066087],[-72.34721242802019,-48.38904636046852],[-72.40507621767729,-48.41426846002696],[-72.4096447824127,-48.43287584553735],[-72.37452393904431,-48.44972242904323],[-72.44219346705167,-48.51292398885097],[-72.5040244954812,-48.517515013990696],[-72.53550102915045,-48.48197207708981],[-72.588433752414,-48.49162583164564],[-72.54103595116285,-48.63495243662084],[-72.53004154226574,-48.796240413484384],[-72.63956733521641,-48.86616258406464],[-72.68841597583855,-48.86477597204954],[-72.69669722194767,-48.89675000012633],[-72.74432091266186,-48.906069261541326],[-72.79595158181999,-48.96838039764936],[-72.92066665283825,-48.935638838719704],[-72.94605938217843,-48.94543410852401],[-72.95939984025472,-48.98196833570587],[-72.99359720652788,-48.99835119248997],[-72.98135168429016,-49.029573927714985],[-73.01066664411208,-49.03324424718209],[-73.0045276329189,-49.06346340197243],[-73.0296785366829,-49.06724674535221],[-73.06139675219788,-49.12628117181004],[-73.14181420502854,-49.179972520705995],[-73.14276630514365,-49.21166945170228],[-73.98474227388087,-48.70362244718816],[-74.02094895674726,-48.720645268334415],[-74.1289789083245,-48.68960841862736],[-74.2369041693402,-48.71915309124062],[-74.26871183100636,-48.70561255403383],[-74.25762688630165,-48.67700971897049],[-74.19589900782293,-48.66616158710131],[-74.17535309997065,-48.63970932845664],[-74.23690009727702,-48.674945794882305],[-74.25389815023718,-48.66226206829183],[-74.25305606589657,-48.624553210832644],[-74.2675056298367,-48.668109631547],[-74.30118805663619,-48.675851668061895],[-74.31226751353282,-48.65091425155263],[-74.32196823702971,-48.66625093205039],[-74.33427050584392,-48.650648367899784],[-74.30135863952212,-48.64792889031586],[-74.30555372069499,-48.62832846643655],[-74.36006699646327,-48.58764145339941],[-74.2352379319304,-48.51576498164485],[-74.17376141374629,-48.536408479269426],[-74.22687617880553,-48.51630674979043],[-74.20088393181105,-48.48267316501007],[-74.14583674504857,-48.46613571187226],[-74.03895217240805,-48.51949323925178],[-74.058352830681,-48.50508588033713],[-74.04599401022472,-48.507031232247584],[-73.89771209317341,-48.61227328958387],[-73.88823954265702,-48.59601372637643],[-73.91387675389166,-48.60165584679804],[-73.92118930800234,-48.58110226690646],[-73.90495828783575,-48.57518875070195],[-73.91216974644269,-48.560070512144264],[-74.00187087810295,-48.51342143518286],[-73.97734374740422,-48.49228139621864],[-73.98032207849107,-48.42895720030404],[-73.95134456900901,-48.41534279352324],[-73.88243642412498,-48.423620565686356],[-73.83204709104386,-48.39464007027674],[-73.78683274480376,-48.41545428997176],[-73.79736849367974,-48.394980287013006],[-73.773722665072,-48.398068705380545],[-73.83980887735679,-48.38846139015091],[-73.90466146380463,-48.41290784379338],[-73.94404234462579,-48.39738532334094],[-73.9740776859319,-48.407049421067434],[-74.05405869856996,-48.38909233545708],[-74.10277279312211,-48.34655512973244],[-74.20476662294553,-48.35252845243458],[-74.14702666874527,-48.3172374025979],[-73.90884755553645,-48.31008246067978],[-74.09839958590986,-48.30301072662327],[-74.22621577962946,-48.332756241098444],[-74.18571401782773,-48.28408397283759],[-74.2645036559899,-48.23308024721514],[-74.25764457323126,-48.19219090361983],[-74.27382599920765,-48.21304562947178],[-74.36875246019572,-48.18710142744218],[-74.47000028588809,-48.08567366731799],[-74.3773439565562,-48.05421758953106],[-74.4182253113627,-48.05691207670952],[-74.40637916033738,-48.02860161254282],[-74.35719689260524,-48.001482353907754],[-74.39850630542442,-48.00322162482199],[-74.38827083999172,-48.01388139996644],[-74.46908052422488,-48.079300769806274],[-74.49013739650572,-48.08287315914465],[-74.43995685884609,-48.04970687855859],[-74.53609097896953,-48.0907300801753],[-74.59894493248783,-48.056667096569406],[-74.59588622643757,-47.98235893516299],[-74.53443698739369,-47.970253333661766],[-74.48906021946199,-47.92800524299473],[-74.28877429521711,-47.998941461484335],[-74.27383039376603,-48.02755712056069],[-74.29519452760326,-48.00707622117551],[-74.30175888749022,-48.01931347015114],[-74.27732498754497,-48.03148274720347],[-74.20504352234366,-48.155928137940755],[-74.20756725918433,-48.20139411269911],[-74.22841191705571,-48.19499734926753],[-74.21522842879553,-48.25527532835367],[-74.19438612990012,-48.178713099978744],[-74.13615597403246,-48.23471269242052],[-74.05479333092785,-48.19148364119162],[-74.146518560061,-48.2229419674571],[-74.14238998655853,-48.190459841995484],[-74.1867395183864,-48.16805563542691],[-74.19095137380057,-48.14451006802425],[-74.16460613381518,-48.14061680914747],[-74.19315004178095,-48.137384786233135],[-74.2592543829665,-48.000122073561045],[-74.21505188828264,-47.992150769888575],[-74.19740026873248,-48.02020976154268],[-74.20628001200974,-47.992949940985945],[-74.14889832121615,-47.98176275719034],[-74.11436301502131,-48.076799815516786],[-74.09859548781208,-48.058535243859126],[-74.13096186744897,-48.02810927847609],[-74.14261472977124,-47.98194391374527],[-74.11322717349798,-47.97977414828994],[-74.07614570851295,-48.00751586011205],[-74.10735047575763,-47.97944183409757],[-74.07064455057883,-47.96631160427834],[-74.0082104911839,-47.98644618713955],[-74.0110216655593,-47.97244043378189],[-73.97650553300588,-47.97733951123886],[-73.997855007236,-47.988021264923525],[-73.975337633305,-48.00231903770399],[-73.98418800077415,-48.01151153832016],[-74.01908720101586,-48.00113585460817],[-73.9856953792108,-48.02511076617004],[-73.97089814210288,-48.00610979038008],[-73.91083778652315,-48.03960103196981],[-73.8651116062853,-48.01498277295392],[-73.82232113836224,-48.0201832211811],[-73.8307127658602,-48.0396502042166],[-73.8074640501002,-48.05340999504804],[-73.83554433125963,-48.10813781654428],[-73.80764702883874,-48.09619776737977],[-73.79557831481188,-48.05364522412407],[-73.71120436256804,-48.024182239509734],[-73.70862090752391,-48.06869820637774],[-73.75620266577894,-48.10762351140062],[-73.74584477434607,-48.146342092081866],[-73.74618047476775,-48.11012030805014],[-73.68609710974033,-48.08457581126633],[-73.54484451338053,-48.13510506938363],[-73.53691341260286,-48.183536227190594],[-73.59208860480173,-48.251285295309934],[-73.53747259859587,-48.188231837057266],[-73.51548483362714,-48.24222551100481],[-73.4466976055736,-48.24802732359519],[-73.49024702055434,-48.21211398335405],[-73.43802995453494,-48.16535297337279],[-73.3825549505083,-48.176251553565244],[-73.33291257197584,-48.225253880806235],[-73.26657135852459,-48.243573018765275],[-73.16920652130909,-48.23075685469967],[-73.13520870858977,-48.16272109709088],[-73.09881162510396,-48.15236189708444],[-73.08085224812736,-48.170371030849466],[-73.08561372427339,-48.14609074431893],[-73.11339193524043,-48.13184000588963],[-73.10683064040522,-48.099791958002896],[-73.1299750949984,-48.08445050336275],[-73.11119716954164,-48.14944453999285],[-73.1666641462229,-48.191756848677095],[-73.17175843470696,-48.227247832295106],[-73.26657600550955,-48.237612993869384],[-73.33063490075946,-48.22432811777689],[-73.3123496096079,-48.186905317349556],[-73.22833265414617,-48.14627199117232],[-73.22491021484748,-48.08189002236181],[-73.24336488873578,-48.0448935440228],[-73.22335832129527,-48.013188143162125],[-73.2509630702759,-48.03540724949216],[-73.24944154966173,-48.12950643984453],[-73.2998420775479,-48.17112844062759],[-73.4457800241216,-48.12545659782285],[-73.55859243469328,-48.02021152204703],[-73.47485749004362,-47.97704029394571],[-73.58226001959889,-48.0038411315429],[-73.60410122892057,-47.98318333273495],[-73.59578396486013,-47.96822700354172],[-73.61986595967433,-47.945141509862204],[-73.5969687133625,-47.88612465142559],[-73.61944840835721,-47.888127080433925],[-73.60178605483773,-47.862374756952875],[-73.50361064258853,-47.8829081188651],[-73.50261952594568,-47.925323055367514],[-73.46261536882758,-47.95034434824585],[-73.39598515656967,-47.95637835520736],[-73.41018980203408,-47.96793489988333],[-73.30211152558614,-47.95172549311786],[-73.20250686497384,-47.97484762739786],[-73.17786032391936,-47.957984862479705],[-73.10103282642494,-48.00945752257035],[-73.05578867677865,-48.00860448203031],[-73.0003979131661,-48.03751376952501],[-73.05673778191061,-48.007377540362924],[-73.09553821541259,-48.01101763296231],[-73.17655161509431,-47.95742563283761],[-73.28634029013143,-47.93210086618329],[-73.43045561877405,-47.94371720635381],[-73.47961828796161,-47.91877541462893],[-73.49489784222368,-47.90492389657504],[-73.45838556776899,-47.89547000254705],[-73.47522869098702,-47.87720159600947],[-73.44328910722983,-47.86033493089997],[-73.44431406879933,-47.84180012271108],[-73.47692272317003,-47.86180417259487],[-73.4788821383492,-47.83904012744383],[-73.54042460185835,-47.81752007082972],[-73.53248695056564,-47.79758317865507],[-73.57097652475849,-47.80730543783423],[-73.57776823387081,-47.784619396018975],[-73.64379095412966,-47.77973460742237],[-73.68268650125393,-47.75638255143619],[-73.70251941446855,-47.69279351862786],[-73.68613497193292,-47.65997133281227],[-73.63280331134325,-47.61966339251913],[-73.59001095965306,-47.61425533267095],[-73.63101800493749,-47.60256633035488],[-73.6556588345034,-47.63317012239167],[-73.67806250866887,-47.623309180086686],[-73.67178439874382,-47.57506372933909],[-73.6286011891752,-47.54720750453596],[-73.64237050386642,-47.538256820596395],[-73.71582062964166,-47.53425199386095],[-73.70965170095624,-47.55518116889882],[-73.67195146203049,-47.539232961141],[-73.63367444181024,-47.54929203654917],[-73.67617364807042,-47.579398752487535],[-73.67968379348355,-47.62341020747692],[-73.66262966139516,-47.63643188779755],[-73.69022096529093,-47.63455994548603],[-73.7328891248931,-47.68784328151367],[-73.73778231651767,-47.72467878167459],[-73.7116311153286,-47.76863152142301],[-73.87918276748839,-47.8296442929091],[-73.99547225289432,-47.8057976150298],[-73.98283134347251,-47.774684110539596],[-74.0091005707135,-47.78243676579829],[-74.00606108591539,-47.74917676198904],[-74.02027247952424,-47.76684428230298],[-74.148565066907,-47.781461170161506],[-74.23870572537115,-47.74542463110685],[-74.2513723445764,-47.751825141789986],[-74.23764964616021,-47.76018663999771],[-74.31430937339384,-47.77821542622352],[-74.36590296638526,-47.75258717720694],[-74.2583378965608,-47.752168524680485],[-74.31299661586182,-47.72588410868599],[-74.42748642091912,-47.74406626876531],[-74.47464646416572,-47.77854894670965],[-74.50553201327754,-47.76928279249049],[-74.43683059319827,-47.721996385494]],[[-73.67581920430034,-47.596599250562036],[-73.67629131210128,-47.59662862703153],[-73.675694712175,-47.597785825942864],[-73.67581920430034,-47.596599250562036]],[[-73.6751167999016,-47.59425759169849],[-73.68485723432393,-47.593804971580916],[-73.68265864719191,-47.595315843666285],[-73.6751167999016,-47.59425759169849]],[[-73.68527850915788,-47.59362699038039],[-73.68708221665392,-47.58826894465122],[-73.69384467931555,-47.587352837041045],[-73.68527850915788,-47.59362699038039]],[[-72.42942158056648,-47.67824818811568],[-72.43125316817569,-47.677519626431334],[-72.43242437098186,-47.68039109478419],[-72.42942158056648,-47.67824818811568]],[[-72.54505394474882,-47.75067363574633],[-72.54666024027463,-47.75272943608688],[-72.54399309997527,-47.75294802047893],[-72.54505394474882,-47.75067363574633]],[[-73.4565954463933,-47.89725810482577],[-73.45605266723064,-47.900784059498264],[-73.45272625693751,-47.89853095337434],[-73.4565954463933,-47.89725810482577]],[[-73.47218257572379,-47.90597671445238],[-73.46875308105687,-47.9071823656054],[-73.46815728961435,-47.90511331675434],[-73.47218257572379,-47.90597671445238]],[[-73.44661599991827,-47.91823412300902],[-73.45462801554682,-47.92018417842142],[-73.44546778410188,-47.9236658689142],[-73.44661599991827,-47.91823412300902]],[[-72.44656549926749,-48.05894837508409],[-72.44477502665055,-48.05613271976615],[-72.44701029828381,-48.05775861876622],[-72.44656549926749,-48.05894837508409]],[[-73.59667933007687,-47.87931767410011],[-73.60207026023406,-47.88238588924305],[-73.6010665240581,-47.88526275701949],[-73.59667933007687,-47.87931767410011]],[[-73.06988508603114,-48.16051178346286],[-73.06779229169348,-48.15993250385711],[-73.06859116886555,-48.158150303832514],[-73.06988508603114,-48.16051178346286]],[[-73.0744464669392,-48.1646693702831],[-73.07265235973858,-48.162625969896766],[-73.07453808072512,-48.16222226082246],[-73.0744464669392,-48.1646693702831]],[[-72.29232784440897,-48.25707157774279],[-72.29195595445776,-48.25747882565683],[-72.2916389569603,-48.25684732319866],[-72.29232784440897,-48.25707157774279]],[[-73.40754608261082,-48.18436723483537],[-73.40822773682481,-48.183500929334166],[-73.40886751786849,-48.18398741925681],[-73.40754608261082,-48.18436723483537]],[[-73.47430680390985,-48.25189565369721],[-73.51550800746652,-48.27998644058271],[-73.48467490020435,-48.27119057492146],[-73.47430680390985,-48.25189565369721]],[[-73.51317768868631,-48.27037747284687],[-73.51476293488841,-48.270688254302804],[-73.51485736309614,-48.27243107290499],[-73.51317768868631,-48.27037747284687]],[[-73.50765987059692,-48.26575847525482],[-73.50881456775808,-48.26591851853845],[-73.5089882588149,-48.26742052888925],[-73.50765987059692,-48.26575847525482]],[[-73.53703394854767,-48.22552173632329],[-73.5377785755614,-48.22351062436127],[-73.53870977367652,-48.22380792754338],[-73.53703394854767,-48.22552173632329]],[[-73.53332121507167,-48.22398896322338],[-73.53296983455672,-48.22426000983342],[-73.53297902971195,-48.22393870798294],[-73.53332121507167,-48.22398896322338]],[[-73.53900696781353,-48.22217968123823],[-73.53963445002265,-48.221866136664225],[-73.53982092320763,-48.222557332664685],[-73.53900696781353,-48.22217968123823]],[[-73.54366490054666,-48.22107526037064],[-73.54415360921404,-48.220805967298084],[-73.54421452217682,-48.22108224677667],[-73.54366490054666,-48.22107526037064]],[[-73.5413374186461,-48.21997411832391],[-73.53958009476143,-48.218941500443336],[-73.54069223513432,-48.218496483632705],[-73.5413374186461,-48.21997411832391]],[[-73.53676222164897,-48.21977822203136],[-73.5310486040653,-48.213648424751845],[-73.53341115799117,-48.21440872020463],[-73.53676222164897,-48.21977822203136]],[[-73.53440974322731,-48.208253141123436],[-73.53233806019718,-48.20381834166314],[-73.53686173252456,-48.20658535183031],[-73.53440974322731,-48.208253141123436]],[[-73.55879378577599,-48.191091758014544],[-73.56069318540936,-48.19048622810406],[-73.56291413879532,-48.193110163526455],[-73.55879378577599,-48.191091758014544]],[[-73.57079394397363,-48.19158113003843],[-73.56616213155404,-48.18046991818798],[-73.57357680973948,-48.18669864170424],[-73.57079394397363,-48.19158113003843]],[[-73.56953458320041,-48.18028563906568],[-73.56810009406593,-48.17882064403733],[-73.57010282690642,-48.179306002545765],[-73.56953458320041,-48.18028563906568]],[[-73.554312530998,-48.17989919535544],[-73.55038862515828,-48.179299049374926],[-73.55286576279191,-48.17697003149853],[-73.554312530998,-48.17989919535544]],[[-73.55100846090768,-48.176474620696915],[-73.55081552164927,-48.17706222382557],[-73.5497750389883,-48.176419738625306],[-73.55100846090768,-48.176474620696915]],[[-73.56883964200505,-48.174752995836265],[-73.5692957355394,-48.175270026049084],[-73.56876986716198,-48.17514550474894],[-73.56883964200505,-48.174752995836265]],[[-73.55073504966781,-48.17497639297402],[-73.54918642957647,-48.17358005728105],[-73.54919089600007,-48.17342276532536],[-73.55073504966781,-48.17497639297402]],[[-73.57149065125684,-48.16294912744798],[-73.57410305810426,-48.16449149283588],[-73.57175328720488,-48.16543924531588],[-73.57149065125684,-48.16294912744798]],[[-73.56718251171559,-48.160444170689004],[-73.56307712642553,-48.15533020738241],[-73.56642253159532,-48.15674869251316],[-73.56718251171559,-48.160444170689004]],[[-73.56749156451266,-48.15684355854183],[-73.5688750104744,-48.15663038614072],[-73.56857000189274,-48.15727940428013],[-73.56749156451266,-48.15684355854183]],[[-73.55646120144463,-48.158842287245854],[-73.5551528986581,-48.158159691608276],[-73.55685399788744,-48.15667115099264],[-73.55646120144463,-48.158842287245854]],[[-73.71404719537068,-48.03361087682737],[-73.7163670344048,-48.035827067957335],[-73.70869574078033,-48.03987241091722],[-73.71404719537068,-48.03361087682737]],[[-73.85033456150832,-48.02224121980573],[-73.85242101463837,-48.02093697691451],[-73.85181811842027,-48.02214561487744],[-73.85033456150832,-48.02224121980573]],[[-74.25049672432961,-48.17673630502016],[-74.2506511887444,-48.18246635467493],[-74.2488827374283,-48.178635510194944],[-74.25049672432961,-48.17673630502016]],[[-74.37969481082382,-48.04475672206843],[-74.3692689043475,-48.04059845215746],[-74.38224101452975,-48.044526733814514],[-74.37969481082382,-48.04475672206843]],[[-74.57457369272856,-47.98858537171951],[-74.56615693486053,-47.988468372944],[-74.5454061886656,-47.975469883922266],[-74.57457369272856,-47.98858537171951]],[[-74.58174627225,-48.04128694151022],[-74.58183053781691,-48.043113625488445],[-74.57920825489126,-48.04283832373877],[-74.58174627225,-48.04128694151022]],[[-74.59084625638378,-48.048957280608334],[-74.58901627226737,-48.04865192929412],[-74.5899150537771,-48.04772530049674],[-74.59084625638378,-48.048957280608334]],[[-74.56581290705618,-48.06397816963325],[-74.55626742771175,-48.05910972235693],[-74.56516041485125,-48.05585795354461],[-74.56581290705618,-48.06397816963325]],[[-74.17501458153394,-48.29638984540676],[-74.17027415650828,-48.296457780224024],[-74.1782665744906,-48.293811776774255],[-74.17501458153394,-48.29638984540676]],[[-74.19631391449983,-48.30279427932169],[-74.19613845286358,-48.307589918715735],[-74.19277232625512,-48.301800113865646],[-74.19631391449983,-48.30279427932169]],[[-74.08173140330521,-48.318325762143765],[-74.08932190604627,-48.31844944906928],[-74.0924186081381,-48.320436250031065],[-74.08173140330521,-48.318325762143765]],[[-74.06947825886232,-48.36442318877558],[-74.05767348873054,-48.364968680813476],[-74.06508841934259,-48.36315785207502],[-74.06947825886232,-48.36442318877558]],[[-73.91138884006789,-48.39351717809218],[-73.91295491801846,-48.3951204062969],[-73.91114953157114,-48.396028558243145],[-73.91138884006789,-48.39351717809218]],[[-73.91341497671648,-48.394780125481674],[-73.92368753089231,-48.396878507170584],[-73.91051677984457,-48.400109566321724],[-73.91341497671648,-48.394780125481674]],[[-73.99634593188178,-48.70147573769986],[-73.99702681264633,-48.70333950486615],[-73.99500020797545,-48.703494628637735],[-73.99634593188178,-48.70147573769986]],[[-72.2703860022159,-47.416064731700594],[-72.27077327671466,-47.4153597212476],[-72.27096990355732,-47.41607865053665],[-72.2703860022159,-47.416064731700594]],[[-74.16662975068941,-46.86582492063854],[-74.16301972429477,-46.86579858431935],[-74.15433608504068,-46.86168705067103],[-74.16662975068941,-46.86582492063854]],[[-74.02511045530154,-46.724907293991514],[-74.02792248577141,-46.719768860717544],[-74.03383955290228,-46.72201768165131],[-74.02511045530154,-46.724907293991514]],[[-74.03251991517351,-46.72416916712954],[-74.03453404763496,-46.722263792555644],[-74.03871924823801,-46.72269947733005],[-74.03251991517351,-46.72416916712954]],[[-74.06383544559104,-46.67783638410462],[-74.0764142104598,-46.68879627631103],[-74.06896731329837,-46.69023608660712],[-74.06383544559104,-46.67783638410462]],[[-74.06519430107018,-46.689312337121706],[-74.07081542182397,-46.691429674665685],[-74.07091125409848,-46.69189476633993],[-74.06519430107018,-46.689312337121706]],[[-74.09620380691143,-46.69043146611004],[-74.10721915733446,-46.690926121068244],[-74.10530106645496,-46.70230629580511],[-74.09620380691143,-46.69043146611004]],[[-74.08946395754047,-46.69056174521548],[-74.08956604747924,-46.67831183682069],[-74.10192586326886,-46.665212464280124],[-74.08946395754047,-46.69056174521548]],[[-74.08412552313186,-46.67475042772795],[-74.08954812968258,-46.67629380268698],[-74.08225103288298,-46.67819989295282],[-74.08460343225289,-46.686397699404914],[-74.08412552313186,-46.67475042772795]],[[-74.07327486983303,-46.67812756228659],[-74.07734645960377,-46.67976770107806],[-74.07574480746965,-46.682397694606145],[-74.07327486983303,-46.67812756228659]],[[-74.08557793185962,-46.68401247025697],[-74.08699880433105,-46.682845269352185],[-74.08797423728736,-46.68963910614516],[-74.08557793185962,-46.68401247025697]],[[-73.5937628390142,-46.48991590284784],[-73.57431175381276,-46.46829838878552],[-73.59657002307311,-46.47878969111232],[-73.5937628390142,-46.48991590284784]],[[-71.7704355559517,-46.22241904178804],[-71.77378036913174,-46.223435665177185],[-71.77148726036722,-46.22360140216151],[-71.7704355559517,-46.22241904178804]],[[-71.90528758943681,-46.17095951537562],[-71.909813859692,-46.17357947276105],[-71.90463585990156,-46.174563171192936],[-71.90528758943681,-46.17095951537562]],[[-71.89156842409464,-46.17121135727992],[-71.89040183413744,-46.169587436000064],[-71.89167119944797,-46.168591845745304],[-71.89156842409464,-46.17121135727992]],[[-71.77589377351694,-46.106058383848165],[-71.77882766404834,-46.10687087551299],[-71.77767384274459,-46.10772150271957],[-71.77589377351694,-46.106058383848165]],[[-73.26587247103018,-46.033363696915934],[-73.2663551933245,-46.032215025377845],[-73.26722624024818,-46.03293958618051],[-73.26587247103018,-46.033363696915934]],[[-73.20855037447254,-46.006226515003696],[-73.20823794850156,-46.00480634894425],[-73.20915816022072,-46.0059030217738],[-73.20855037447254,-46.006226515003696]],[[-71.62241037471367,-45.95559359677662],[-71.6259086003813,-45.955374889060906],[-71.62242335896278,-45.958141836302424],[-71.62241037471367,-45.95559359677662]],[[-71.77013585551504,-45.833837961438206],[-71.77280997033428,-45.83271723318275],[-71.77309205840147,-45.833176242745516],[-71.77013585551504,-45.833837961438206]],[[-73.27468747092827,-45.63775919648506],[-73.27859523673732,-45.63653212503707],[-73.27881127437662,-45.63834525017239],[-73.27468747092827,-45.63775919648506]],[[-71.75072486481967,-45.54488476504987],[-71.75672397867874,-45.538411007683884],[-71.76286332584183,-45.54263842376371],[-71.75072486481967,-45.54488476504987]],[[-71.76925626651133,-45.538334545038815],[-71.76153430790484,-45.538614019333934],[-71.76173017746773,-45.536028217014554],[-71.76925626651133,-45.538334545038815]],[[-73.13816067142807,-45.273272908881275],[-73.13669824019667,-45.271466572605476],[-73.13854315431311,-45.27320585731073],[-73.13816067142807,-45.273272908881275]],[[-72.65947129349192,-44.78215072615999],[-72.66049623170522,-44.78119896829923],[-72.66103476273491,-44.78164236974197],[-72.65947129349192,-44.78215072615999]],[[-72.54119900886165,-44.710109334938814],[-72.53794495247476,-44.708528462034444],[-72.53804795959346,-44.70744857467068],[-72.54119900886165,-44.710109334938814]],[[-72.2969127557876,-44.67460729212284],[-72.35201014489972,-44.641330760175975],[-72.38895447756504,-44.650671063944074],[-72.35236558579976,-44.641750111500826],[-72.2969127557876,-44.67460729212284]],[[-72.39210100112082,-44.65776061131878],[-72.38888039709681,-44.651057264183514],[-72.39745154481946,-44.658144676149554],[-72.39210100112082,-44.65776061131878]],[[-73.09596080178689,-44.22304297286959],[-73.10077747222059,-44.20697142579293],[-73.10322953697631,-44.21708370711431],[-73.09596080178689,-44.22304297286959]],[[-73.07796637793777,-44.079843278468466],[-73.07838271024103,-44.080053623941545],[-73.07782145003803,-44.07996284586198],[-73.07796637793777,-44.079843278468466]],[[-73.07816162766309,-44.0759719645488],[-73.07922205112675,-44.07526262762125],[-73.07957408381861,-44.07507119399025],[-73.07816162766309,-44.0759719645488]],[[-73.08931485600749,-44.0734850069019],[-73.08915617669739,-44.07315697916006],[-73.08949186993254,-44.07324391595983],[-73.08931485600749,-44.0734850069019]],[[-73.09037867510293,-44.06914298063931],[-73.09220921168324,-44.066166789104834],[-73.09480634896748,-44.067364715242526],[-73.09037867510293,-44.06914298063931]],[[-73.07056763047558,-44.01545210870583],[-73.0722114585123,-44.01363951141469],[-73.07258576403332,-44.016978309090184],[-73.07056763047558,-44.01545210870583]],[[-73.07091995242496,-44.000685606366574],[-73.07394576576276,-43.998747176191976],[-73.07968848965994,-44.00441457895075],[-73.07091995242496,-44.000685606366574]],[[-73.07648062913655,-44.00150477194556],[-73.0762244296175,-44.00090357177054],[-73.07703645543039,-44.00136498936134],[-73.07648062913655,-44.00150477194556]],[[-73.18955313611895,-44.144347711369235],[-73.18893843244474,-44.1452976843813],[-73.18844725520697,-44.144184712591134],[-73.18955313611895,-44.144347711369235]],[[-73.15504795313052,-44.23170302739043],[-73.15444691912002,-44.230961111761296],[-73.15532753669471,-44.23116428429426],[-73.15504795313052,-44.23170302739043]],[[-72.67822931228199,-44.75856608423774],[-72.67837252260288,-44.75970260383451],[-72.67737160713692,-44.75910590645309],[-72.67822931228199,-44.75856608423774]],[[-72.67374211514839,-44.760838123888725],[-72.67478776042732,-44.760321403800035],[-72.6747553150759,-44.76112782476087],[-72.67374211514839,-44.760838123888725]],[[-73.47921976386056,-45.22773043757108],[-73.48077241738751,-45.22813531592924],[-73.47900506830428,-45.22813575753331],[-73.47921976386056,-45.22773043757108]],[[-73.48606108333276,-45.21967953928967],[-73.48662945549785,-45.218750427459554],[-73.48655670902784,-45.220214501999976],[-73.48606108333276,-45.21967953928967]],[[-73.33415373018646,-45.37260461541697],[-73.33238602447204,-45.37067355475533],[-73.33588810031898,-45.368771645097496],[-73.33415373018646,-45.37260461541697]],[[-73.24763539425653,-45.645206327986905],[-73.24418420707212,-45.64481982879735],[-73.2461113889023,-45.64399217733655],[-73.24763539425653,-45.645206327986905]],[[-73.37702164456509,-46.35655313144999],[-73.37164748685257,-46.35339510941666],[-73.37448415451743,-46.352070799928654],[-73.37702164456509,-46.35655313144999]],[[-73.37076517864851,-46.35954570240896],[-73.37641286438189,-46.35993421066906],[-73.37516746342817,-46.36119322641817],[-73.37076517864851,-46.35954570240896]],[[-73.31671358932554,-46.37398257989425],[-73.30472705407918,-46.37456180694621],[-73.30778526156446,-46.37158156418572],[-73.31671358932554,-46.37398257989425]],[[-74.94966136248391,-46.553181191653444],[-74.94854947184267,-46.55113843046192],[-74.95180326861643,-46.55071518196344],[-74.94966136248391,-46.553181191653444]],[[-75.09311711031567,-46.389484983611155],[-75.0935848738639,-46.389253180133224],[-75.09290107357468,-46.38969484190317],[-75.09311711031567,-46.389484983611155]],[[-73.90169776896872,-46.27613193920951],[-73.90063703738291,-46.27078776184272],[-73.90272964397265,-46.27604658888801],[-73.90169776896872,-46.27613193920951]],[[-73.93144891206504,-46.296072415352135],[-73.93417891017978,-46.292496039574296],[-73.93428542791459,-46.295580230479054],[-73.93144891206504,-46.296072415352135]],[[-74.42748031956171,-46.148859857244126],[-74.42732911333646,-46.15469071726961],[-74.42424718673442,-46.15445456638863],[-74.42748031956171,-46.148859857244126]],[[-73.94969474202281,-46.04057536308376],[-73.94957573950218,-46.039935596588464],[-73.95010670312391,-46.03957540357691],[-73.94969474202281,-46.04057536308376]],[[-73.98112161412823,-46.016863161927155],[-73.98865577273803,-46.02142058789972],[-73.98296255319954,-46.02031547653683],[-73.98112161412823,-46.016863161927155]],[[-73.99213017238938,-46.01065906215254],[-73.9907713851822,-46.010330089500876],[-73.99168527725335,-46.010107716578425],[-73.99213017238938,-46.01065906215254]],[[-74.04102443664817,-46.097038354415695],[-74.03912594880482,-46.09740537239038],[-74.04106969826375,-46.09641648981932],[-74.04102443664817,-46.097038354415695]],[[-74.69181431166238,-46.08190751775294],[-74.68147530012183,-46.08087711306832],[-74.671706554395,-46.073202341425414],[-74.69181431166238,-46.08190751775294]],[[-74.72610927989118,-46.054229964628774],[-74.73326082266529,-46.06140299479873],[-74.72964386127664,-46.061758346865105],[-74.72610927989118,-46.054229964628774]],[[-74.58200004452114,-46.05981540383744],[-74.57043479219357,-46.05735566493858],[-74.57588470213906,-46.05343009095912],[-74.58200004452114,-46.05981540383744]],[[-74.63342893589679,-46.05534174966292],[-74.63300444689074,-46.046601413267695],[-74.65066294124777,-46.048850929540926],[-74.63342893589679,-46.05534174966292]],[[-74.4088535230751,-46.02093183305309],[-74.40843989649748,-46.019708093997835],[-74.41038897296606,-46.01915681680137],[-74.4088535230751,-46.02093183305309]],[[-74.41155198852674,-46.01675244847658],[-74.41240993711526,-46.016294614098896],[-74.41249692727241,-46.0170213442904],[-74.41155198852674,-46.01675244847658]],[[-74.01696223171972,-45.966884936318074],[-74.01703756533776,-45.965792983768964],[-74.0180335481545,-45.966425863156516],[-74.01696223171972,-45.966884936318074]],[[-74.17551867115563,-45.94927673629978],[-74.17273913544453,-45.94983652589435],[-74.16541496611721,-45.94456390761126],[-74.17551867115563,-45.94927673629978]],[[-74.07217495732777,-45.84402294715624],[-74.07450875438478,-45.84418592731881],[-74.07234272758858,-45.84632963608836],[-74.07217495732777,-45.84402294715624]],[[-74.50242695595527,-45.940225449031054],[-74.50061883862949,-45.93771228862731],[-74.50584322831953,-45.93611389270621],[-74.50242695595527,-45.940225449031054]],[[-74.49730005682976,-45.93877848294161],[-74.49414375062052,-45.93743817951807],[-74.49632808508224,-45.93725133446964],[-74.49730005682976,-45.93877848294161]],[[-74.474604410434,-45.9247858850683],[-74.47678366492279,-45.92437961061978],[-74.47820143730816,-45.92658995595266],[-74.474604410434,-45.9247858850683]],[[-74.47226548489505,-45.92352633973383],[-74.46902051317063,-45.921625835733984],[-74.47086793717999,-45.91921025317223],[-74.47226548489505,-45.92352633973383]],[[-74.52306490519155,-45.916904684533364],[-74.52301883149894,-45.91515706676219],[-74.52687291308827,-45.91427814577035],[-74.52306490519155,-45.916904684533364]],[[-74.83699691971088,-46.18762867135581],[-74.85157848748877,-46.177604197208595],[-74.8683272310081,-46.175189723091805],[-74.83699691971088,-46.18762867135581]],[[-74.99194453829129,-46.29160620222862],[-74.99217746066468,-46.2912460921888],[-74.99282913360608,-46.29121380369558],[-74.99194453829129,-46.29160620222862]],[[-75.13687204186711,-46.349858877462545],[-75.13625536010265,-46.34727121060628],[-75.1476159941748,-46.34540827885953],[-75.13687204186711,-46.349858877462545]],[[-75.10896500081022,-46.34711395821277],[-75.10169545983197,-46.350797681051134],[-75.10172781894514,-46.3469571431559],[-75.10896500081022,-46.34711395821277]],[[-75.33657792572964,-46.47111084716124],[-75.33920542247724,-46.472436601248255],[-75.3323242294845,-46.47436172054771],[-75.33657792572964,-46.47111084716124]],[[-75.35845612497981,-46.50884426767779],[-75.34775754747542,-46.53536594885808],[-75.35262967899648,-46.50608088458467],[-75.35845612497981,-46.50884426767779]],[[-75.04562767910889,-46.52185357466313],[-75.04550744948958,-46.52387411551211],[-75.04420562265794,-46.52278018601472],[-75.04562767910889,-46.52185357466313]],[[-75.37216855026242,-46.56099574101189],[-75.36985815162362,-46.56051894941213],[-75.36984367347617,-46.556444307386386],[-75.37216855026242,-46.56099574101189]],[[-75.46692883819428,-46.585208031408406],[-75.47558331813426,-46.57964820149752],[-75.4662611680543,-46.58787755687258],[-75.46692883819428,-46.585208031408406]],[[-75.42724952805261,-46.58986334926715],[-75.4265326338283,-46.59534254151796],[-75.42195584321986,-46.593121313559664],[-75.42724952805261,-46.58986334926715]],[[-75.47511898884538,-46.57393550870783],[-75.47794782320095,-46.5736379389033],[-75.476574092519,-46.574500902214176],[-75.47511898884538,-46.57393550870783]],[[-75.40206333487096,-46.617781712145245],[-75.40020507807762,-46.61830840593284],[-75.40216037537952,-46.6172957800359],[-75.40206333487096,-46.617781712145245]],[[-75.34273005502094,-46.84737840235136],[-75.32719137363036,-46.837912660061264],[-75.34122986130994,-46.843858448435846],[-75.34273005502094,-46.84737840235136]],[[-75.26561102457242,-46.89040713161638],[-75.26433591543396,-46.891611748427565],[-75.26419454576106,-46.890271750026955],[-75.26561102457242,-46.89040713161638]],[[-75.4031631638329,-46.804245929470184],[-75.39888268970742,-46.801118000744566],[-75.4059704431132,-46.8086646832497],[-75.39519249945349,-46.80489284890495],[-75.4031631638329,-46.804245929470184]],[[-75.36207039052427,-46.724673455716214],[-75.36424137152927,-46.72533936919817],[-75.36036291774796,-46.725375647950855],[-75.36207039052427,-46.724673455716214]],[[-75.37939707326647,-46.72803729116954],[-75.37859769842775,-46.72829709062721],[-75.37971545416947,-46.727742464556584],[-75.37939707326647,-46.72803729116954]],[[-75.3316438742344,-46.653205761575386],[-75.32763003176336,-46.65424733240903],[-75.32902336278649,-46.65276267389795],[-75.3316438742344,-46.653205761575386]],[[-74.77863686385989,-46.76537232882678],[-74.7757122313658,-46.768747742928774],[-74.76956122047704,-46.76794359336963],[-74.77863686385989,-46.76537232882678]],[[-74.77490906024669,-46.7698891200982],[-74.77626105259705,-46.770082083634655],[-74.77603428368337,-46.77075660395209],[-74.77490906024669,-46.7698891200982]],[[-74.7650386899084,-46.777097768596235],[-74.76439914422333,-46.777316296101326],[-74.76439943437917,-46.77724482231124],[-74.7650386899084,-46.777097768596235]],[[-74.76320986372038,-46.77588513442703],[-74.76587327331637,-46.776480377800645],[-74.765316875694,-46.77690790128938],[-74.76320986372038,-46.77588513442703]],[[-74.17897548718358,-47.06395958745341],[-74.17799951883137,-47.064530922192986],[-74.17794156402081,-47.06436527688768],[-74.17897548718358,-47.06395958745341]],[[-74.1867772934424,-47.09230160128854],[-74.18589740350309,-47.092708402741046],[-74.1857678879987,-47.092386145028236],[-74.1867772934424,-47.09230160128854]],[[-74.18261202106562,-47.09658648975709],[-74.18145897680459,-47.09726668430386],[-74.18133081236638,-47.09685270335678],[-74.18261202106562,-47.09658648975709]],[[-74.17642605403421,-47.10544671795618],[-74.17564283180262,-47.103926391918606],[-74.17832092705687,-47.10463413936201],[-74.17642605403421,-47.10544671795618]],[[-74.16807286634557,-47.112851725135876],[-74.17036753189049,-47.115458967703965],[-74.16717075657769,-47.114539045536695],[-74.16807286634557,-47.112851725135876]],[[-74.15827631416742,-47.11860892511977],[-74.15924297687164,-47.122103399519766],[-74.15507374472108,-47.12267055706125],[-74.15827631416742,-47.11860892511977]],[[-74.18583302214498,-47.20022501118752],[-74.17704113500083,-47.19703182188901],[-74.18387570902355,-47.1930896519632],[-74.18583302214498,-47.20022501118752]],[[-74.1793276573177,-47.2013915229339],[-74.17918315611772,-47.203307828971106],[-74.17764166236152,-47.20274899525931],[-74.1793276573177,-47.2013915229339]],[[-74.18666721209087,-47.19447903438636],[-74.18854711558762,-47.19543140728808],[-74.18762447751887,-47.19569872008309],[-74.18666721209087,-47.19447903438636]],[[-74.21858040334502,-47.32596012563458],[-74.21668104323753,-47.32630779231617],[-74.21756526036155,-47.325438019416126],[-74.21858040334502,-47.32596012563458]],[[-74.31725071904381,-47.27145563039532],[-74.32150748213735,-47.27124618510378],[-74.32262170300841,-47.27403083878116],[-74.31725071904381,-47.27145563039532]],[[-74.3096064530313,-47.258067184842226],[-74.31876966239142,-47.256126474474414],[-74.31651443109085,-47.270590411916025],[-74.3096064530313,-47.258067184842226]],[[-74.33043072184066,-47.41613679862578],[-74.3320737099526,-47.42046781675907],[-74.32440285380767,-47.411780012300525],[-74.33043072184066,-47.41613679862578]],[[-74.30758283346212,-47.41942364960023],[-74.32485012049605,-47.430297016370005],[-74.28118044535331,-47.422801568954306],[-74.30758283346212,-47.41942364960023]],[[-74.33514710974595,-47.42639076427112],[-74.33756548857683,-47.42607700608691],[-74.33891752674128,-47.42828512771147],[-74.33514710974595,-47.42639076427112]],[[-74.18774801204012,-47.45725691692951],[-74.1735920390944,-47.47354214283161],[-74.18022058091346,-47.455803763715124],[-74.18774801204012,-47.45725691692951]],[[-74.07587454755287,-47.53791546964217],[-74.09332749299985,-47.55289827981907],[-74.07406292230591,-47.54851910060183],[-74.07587454755287,-47.53791546964217]],[[-74.10288829490808,-47.54875222683114],[-74.1102072396337,-47.54937102521796],[-74.10656603810546,-47.55205794601334],[-74.10288829490808,-47.54875222683114]],[[-73.88081938474834,-47.598431866888426],[-73.9638147787639,-47.60556814950908],[-73.949719832867,-47.61681980212601],[-73.88081938474834,-47.598431866888426]],[[-74.06475832440827,-47.71173264328892],[-74.08961422682287,-47.717270001442905],[-74.00380129027485,-47.71572884174655],[-74.06475832440827,-47.71173264328892]],[[-74.14275801105906,-47.73636289925158],[-74.13721102646903,-47.73192919416711],[-74.1495546636004,-47.739303875998196],[-74.14275801105906,-47.73636289925158]],[[-73.99941847288571,-47.74264336222749],[-74.00486326333241,-47.747907357080734],[-74.00135950224599,-47.74797539343266],[-73.99941847288571,-47.74264336222749]],[[-74.43686431685236,-47.68756421109271],[-74.4379078178527,-47.68690131466564],[-74.43747359919381,-47.68785344380518],[-74.43686431685236,-47.68756421109271]],[[-74.45573287962634,-47.68059375056306],[-74.44626722188309,-47.680421238245906],[-74.45409564791875,-47.67950450633795],[-74.45573287962634,-47.68059375056306]],[[-74.53547844742168,-47.66838101796043],[-74.53428064549995,-47.66826575966769],[-74.53526613509587,-47.66775438658607],[-74.53547844742168,-47.66838101796043]],[[-74.6240613283685,-47.65147751277378],[-74.62183332769914,-47.64970971733353],[-74.62443169387866,-47.65070409892804],[-74.6240613283685,-47.65147751277378]],[[-74.56295826320418,-47.635641471599456],[-74.56165605099528,-47.63563652126472],[-74.56159278085318,-47.635416234525415],[-74.56295826320418,-47.635641471599456]],[[-74.53756270506918,-47.63125879383518],[-74.54218931893824,-47.630930041348066],[-74.53943978605932,-47.63201879619122],[-74.53756270506918,-47.63125879383518]],[[-74.53898442644852,-47.63025158261427],[-74.53637270771063,-47.63027001176573],[-74.53594698262273,-47.630007894886795],[-74.53898442644852,-47.63025158261427]],[[-74.54571711894164,-47.62894726746251],[-74.54361650566777,-47.62928626363221],[-74.5424681901384,-47.62841343795025],[-74.54571711894164,-47.62894726746251]],[[-74.52589506096889,-47.62904071827493],[-74.52370184216902,-47.63013133772018],[-74.52216836677508,-47.62928568729429],[-74.52589506096889,-47.62904071827493]],[[-74.53226897621899,-47.6295877522788],[-74.53428046493858,-47.629653843650324],[-74.53371977696241,-47.63011457575672],[-74.53226897621899,-47.6295877522788]],[[-74.58519706776895,-47.5954467959955],[-74.58669811667609,-47.596519717628674],[-74.58545857004309,-47.5970722076566],[-74.58519706776895,-47.5954467959955]],[[-74.62682856434671,-47.64338831363539],[-74.62016602848067,-47.64252145090561],[-74.62386793276593,-47.642111155219574],[-74.62682856434671,-47.64338831363539]],[[-74.58656853379803,-47.63079968817902],[-74.5880691955313,-47.630408983292234],[-74.58773497104166,-47.63150799853223],[-74.58656853379803,-47.63079968817902]],[[-74.59282923167794,-47.62950161984825],[-74.59048845201625,-47.6290972232377],[-74.59035960845166,-47.62892071517703],[-74.59282923167794,-47.62950161984825]],[[-74.57852272085353,-47.62733742715264],[-74.57734801371944,-47.62768512087206],[-74.57715525861566,-47.627376397389874],[-74.57852272085353,-47.62733742715264]],[[-74.57344969100068,-47.6267024550217],[-74.57189612658202,-47.625596294437216],[-74.57267951769688,-47.62533520092932],[-74.57344969100068,-47.6267024550217]],[[-74.587010115049,-47.62433134541006],[-74.58797461460999,-47.625875283346865],[-74.58415279511577,-47.62344080040595],[-74.587010115049,-47.62433134541006]],[[-74.58363092244473,-47.62357099634442],[-74.58056740591613,-47.624043967515],[-74.5796658513071,-47.62280831060124],[-74.58363092244473,-47.62357099634442]],[[-74.5815051204103,-47.620746468181096],[-74.57681462644308,-47.62116931937702],[-74.5760385476146,-47.620550342241664],[-74.5815051204103,-47.620746468181096]],[[-74.58367849452723,-47.617585450303196],[-74.58224319421403,-47.617659799953984],[-74.58185768310817,-47.61735872390728],[-74.58367849452723,-47.617585450303196]],[[-74.58447595146282,-47.61551977764428],[-74.58388658566953,-47.6159577535828],[-74.58395626888444,-47.615385871384575],[-74.58447595146282,-47.61551977764428]],[[-74.60395985840978,-47.69869650426557],[-74.60926627326842,-47.700730018276296],[-74.59757235075114,-47.70226683350315],[-74.60395985840978,-47.69869650426557]],[[-74.61325949221715,-47.70526920735358],[-74.616963723139,-47.7135182098409],[-74.60911977421524,-47.709139863851505],[-74.61325949221715,-47.70526920735358]],[[-74.46132758272425,-47.75009948493383],[-74.458653883825,-47.74911225642456],[-74.46141263791029,-47.74852187361906],[-74.46132758272425,-47.75009948493383]],[[-74.29763017474886,-47.74952793103956],[-74.30825583240835,-47.74748572590162],[-74.31114425740662,-47.74840602954266],[-74.29763017474886,-47.74952793103956]],[[-74.3312709403804,-47.75356626188881],[-74.32085918236983,-47.756289094221145],[-74.32683063081308,-47.751809727711176],[-74.3312709403804,-47.75356626188881]]]]}},{"type":"Feature","properties":{"objectid":1089,"cir_sena":4,"codregion":3,"area_km":75661.24863472,"st_area_sh":96439063561.8,"st_length_":2401740.67158,"Region":"Región de Atacama"},"geometry":{"type":"MultiPolygon","coordinates":[[[[-68.55608481153003,-25.3016844782992],[-68.52129353488655,-25.329633373508415],[-68.5233755629155,-25.377103619680728],[-68.59032259839772,-25.415647436664173],[-68.5894888405415,-25.448364052044415],[-68.57110496827063,-25.49861859546981],[-68.53890154572125,-25.509223191633605],[-68.54298327118336,-25.549214738328512],[-68.51861170892892,-25.572377249416558],[-68.54459299378199,-25.63412586397747],[-68.47685710003809,-25.70249491209673],[-68.38106511946027,-26.177901456228017],[-68.55744096397848,-26.286499994594873],[-68.58801415089972,-26.49206042552947],[-68.26323268862066,-26.91833533415279],[-68.28987773055235,-26.924302210505655],[-68.31924723877324,-26.98170987608204],[-68.29392768170453,-27.037972907838377],[-68.34686671293802,-27.03300561613664],[-68.40371175197751,-27.067624987322517],[-68.42855325080485,-27.063669186950882],[-68.45073539592968,-27.094877712098537],[-68.48414747474442,-27.05738653347474],[-68.48169241949708,-27.12865555987623],[-68.55793970143772,-27.115457523765834],[-68.57576504438404,-27.175790557595196],[-68.63331505071578,-27.16178909690782],[-68.67033946459541,-27.098733381614256],[-68.75128192521746,-27.11139045694254],[-68.77822020420733,-27.098107412452347],[-68.80725338318585,-27.152489449714082],[-68.84347359108716,-27.159699732392372],[-68.86836997697834,-27.26256693078548],[-68.80859130881718,-27.301056110279745],[-68.87141714866036,-27.319198221642747],[-68.89343717302924,-27.355791987368466],[-68.8868105006043,-27.398298544380083],[-68.93079493554114,-27.40934176405979],[-68.93565265269513,-27.445020251521203],[-68.980969205655,-27.431561705185807],[-68.98876080974713,-27.45301385072757],[-68.96034185564076,-27.471491175644022],[-68.9414373890015,-27.518053474619528],[-68.98757845525502,-27.524541972946643],[-68.975558374221,-27.56004632962172],[-69.05169516338168,-27.61672027664642],[-69.06013678931171,-27.66354448124547],[-69.04379401423222,-27.695791781107722],[-69.09006675913334,-27.72202958394518],[-69.08962981947744,-27.78633756802655],[-69.13229899058264,-27.872517916583245],[-69.12334890562538,-27.90146747373887],[-69.17351162340466,-27.9718965445198],[-69.23794006579953,-27.96699454170722],[-69.26879085909304,-28.01183279335298],[-69.26330723627326,-28.047000072418324],[-69.30156583833522,-28.071980422836184],[-69.30769380833524,-28.129346187568107],[-69.38328447749873,-28.184197612889758],[-69.39118648094603,-28.22701053725086],[-69.45669270315415,-28.18389349504386],[-69.5240725729914,-28.330504055688905],[-69.5822244622416,-28.352875804888313],[-69.59698921267558,-28.39241497070491],[-69.62613800842443,-28.378371617482692],[-69.64968437286899,-28.396522370128952],[-69.65608891168712,-28.414868753603326],[-69.63296125379314,-28.430281067052693],[-69.68079573994541,-28.471156509297415],[-69.6557750250555,-28.502906516250974],[-69.6614436127889,-28.58285821847285],[-69.69390257100234,-28.594939253706695],[-69.7316389563385,-28.684204357534394],[-69.72957615944314,-28.73822548695475],[-69.69322186451095,-28.77213647740458],[-69.76611139932807,-28.89954042612694],[-69.75450208463582,-28.984186319054686],[-69.79379259763434,-29.04998208531316],[-69.78720112479546,-29.12978763476485],[-69.87588381935014,-29.13877089459299],[-69.9238348831033,-29.186154582759077],[-69.9526604865725,-29.188791305466477],[-69.93724883055634,-29.24811584997623],[-69.99503931678797,-29.282962363027504],[-70.0209305796698,-29.328661516099487],[-70.02121078396986,-29.38441442898323],[-69.96705871898067,-29.41243190937184],[-69.98142971806269,-29.451637636384245],[-69.95489274076472,-29.463447879354494],[-69.95163572263237,-29.500959463549787],[-69.99122450325464,-29.495781480573804],[-70.08590264923694,-29.53515117248751],[-70.17233063441222,-29.525746407254513],[-70.29889966648014,-29.376198658035207],[-70.36541474975294,-29.36999313731851],[-70.39383348467041,-29.398753759052152],[-70.4592042544084,-29.381884267937355],[-70.47426703531094,-29.360357892932086],[-70.44465438817693,-29.326814110613395],[-70.4804913379471,-29.28694900972139],[-70.46791250839964,-29.23961419155397],[-70.4941366366201,-29.21759525307062],[-70.49766614521917,-29.1554403581708],[-70.53228117959043,-29.12850728589302],[-70.53437973392566,-29.06163386649809],[-70.5503920277953,-29.044720676418507],[-70.64583751199835,-29.039432168906682],[-70.6521468850919,-29.057015907137544],[-70.7236549439527,-29.057154447215673],[-70.71536890533154,-29.083745225999156],[-70.73169909052235,-29.104903426555612],[-70.80210757464448,-29.138953950294106],[-70.90713824193088,-29.130489840074528],[-70.97421818854926,-29.177489116916707],[-71.00836390888011,-29.31893166777391],[-71.0597673240343,-29.35664232310214],[-71.09411683078062,-29.35548113862901],[-71.08575199733264,-29.30634273300862],[-71.18344128267258,-29.28393892681427],[-71.20008978498599,-29.185569286380243],[-71.2822460474233,-29.186875057932934],[-71.35164541266425,-29.141487918085495],[-71.41466069462442,-29.184150595607807],[-71.49750067560427,-29.183154827539592],[-71.4870869377068,-29.16992705802554],[-71.50356682803802,-29.144178673210547],[-71.46166125546706,-29.104304889931175],[-71.50215210992462,-29.07810642868276],[-71.47889841120974,-29.055505067084766],[-71.50198893993641,-29.023089667671435],[-71.49179036561748,-28.983882088138696],[-71.52561942801404,-28.986861324591516],[-71.50421454300228,-28.952350943212647],[-71.52226173928106,-28.916769573057515],[-71.48481973545677,-28.850158396940387],[-71.37891305266484,-28.794893221677302],[-71.36501701802638,-28.742222218294497],[-71.29591896569802,-28.680402022909252],[-71.27983275395523,-28.63266628346416],[-71.31572533010274,-28.567647340955883],[-71.25812895363435,-28.541533955834943],[-71.25486536971557,-28.509873881924907],[-71.27442581492137,-28.502573809146803],[-71.25102352228208,-28.485156884620558],[-71.26616405596572,-28.479915478970494],[-71.25868400288547,-28.462819301060264],[-71.21248641104103,-28.45981934775795],[-71.19268963076206,-28.382130877625794],[-71.16124628894421,-28.361591124476792],[-71.19830415518672,-28.30280440251566],[-71.18128352486853,-28.298474289598378],[-71.1537645856588,-28.229194935930888],[-71.1825847237778,-28.1036338602064],[-71.14390320745649,-28.081767930863208],[-71.14902133453326,-27.98241227884319],[-71.10429544992382,-27.893429399851865],[-71.11204791801231,-27.85739691267241],[-71.0842901625826,-27.827381799906703],[-71.0799066382193,-27.777329951247495],[-71.03556792120912,-27.73276517154983],[-71.05100469591727,-27.688384712926208],[-71.03181668953331,-27.658813526118625],[-70.99647294809179,-27.689205075288246],[-70.8981608212395,-27.62087803591249],[-70.90800711852481,-27.5538603148274],[-70.88589324086999,-27.48584866539503],[-70.96735686179906,-27.370623924544777],[-70.93091420138899,-27.31106949272567],[-70.9603083998055,-27.270354645142955],[-70.94662123155541,-27.220446419702313],[-70.97446531688057,-27.17239935486259],[-70.93544542046308,-27.109409590958375],[-70.89763110358108,-27.143146111813238],[-70.86193570224853,-27.128956464792882],[-70.86564370429794,-27.08190088091013],[-70.84116833003434,-27.07926995882665],[-70.85596532819038,-27.050956376506953],[-70.81264302258482,-27.061142709753284],[-70.82450108527082,-27.03504217922384],[-70.78896077627545,-26.99545106432999],[-70.81219318581641,-26.959598423038255],[-70.79853774516387,-26.94246905956262],[-70.81318207733233,-26.897262385034704],[-70.83398822532577,-26.878347576102485],[-70.81152904875044,-26.86719628151472],[-70.8227702122797,-26.8575722373864],[-70.79784889544442,-26.836827805333066],[-70.78115102801121,-26.776453281194623],[-70.7381346221161,-26.75661725533026],[-70.75809382049337,-26.709951497370678],[-70.72657918657796,-26.68748148613709],[-70.70359801246579,-26.574842780150124],[-70.68251728452428,-26.57011480891267],[-70.71139746873182,-26.52769219738582],[-70.68672482533015,-26.464215921487327],[-70.69913855620646,-26.391327302686342],[-70.6718617947125,-26.39034896525601],[-70.62772254142463,-26.347371423575602],[-70.64063013280654,-26.308321326237618],[-70.67555459277571,-26.290664165826023],[-70.64685452527421,-26.25424017863242],[-70.67342457674428,-26.204382747040363],[-70.65627704501918,-26.18567813629218],[-70.67356492054112,-26.16818557092584],[-70.65340296791264,-26.130668617785172],[-70.65729549649782,-26.06100769052729],[-70.61464132007137,-26.05816626747106],[-70.6051592150736,-26.004130050497633],[-70.52605616818352,-26.00961222979393],[-70.48320561284942,-25.967898686673355],[-70.39319044004732,-25.928793474882898],[-70.32432581764047,-25.93110054232365],[-70.30103142075164,-25.89617463164944],[-70.26478054526486,-25.930775116737692],[-70.2404700181441,-25.916069769165258],[-70.19964789465415,-25.941776967447613],[-70.0759405411452,-25.965017522662357],[-70.02297004372396,-25.91988085315052],[-69.90843493303362,-25.89447789391082],[-69.8543020857033,-25.945271739482976],[-69.75655000004016,-25.917360000255588],[-69.67295829355923,-25.943312988666882],[-69.51210797729922,-25.95120559800843],[-69.50265291877803,-25.91479145547433],[-69.45176032971183,-25.893936394424635],[-69.43906910565096,-25.859638944406388],[-69.3802749497187,-25.880226461229014],[-69.24815782633631,-25.860587386911472],[-69.22974657521222,-25.839123053180938],[-69.09504751404022,-25.79745479200328],[-69.05822045733356,-25.727646127210086],[-69.09471528740373,-25.719960703645537],[-69.05067003652216,-25.634818583640183],[-69.08481999510452,-25.584110002703333],[-69.02266906133096,-25.50881140356557],[-68.99583453326481,-25.505499047491085],[-69.00280992359824,-25.46179251340088],[-69.0358610413655,-25.442261695115743],[-68.99078557197336,-25.40568370718531],[-68.98742269996117,-25.376849476574872],[-68.96013005176138,-25.39053740549125],[-68.82175262845277,-25.370169497443083],[-68.78227856359057,-25.40292485671925],[-68.6822359590059,-25.36925372042816],[-68.65740925902455,-25.303520120629106],[-68.6362320556148,-25.31327590996523],[-68.57871655177648,-25.28583968279671],[-68.55608481153003,-25.3016844782992]],[[-70.62960873223007,-26.34912119931718],[-70.62954348040445,-26.349137925313727],[-70.6295804640447,-26.349080950818408],[-70.62960873223007,-26.34912119931718]]]]}},{"type":"Feature","properties":{"objectid":1090,"cir_sena":5,"codregion":4,"area_km":40575.90168192,"st_area_sh":54980818748.6,"st_length_":2065933.11049,"Region":"Región de Coquimbo"},"geometry":{"type":"MultiPolygon","coordinates":[[[[-71.65865180800851,-31.08159292862214],[-71.64934459960668,-30.976312323320517],[-71.6835042779604,-30.921518510085434],[-71.70780835248249,-30.790403883314305],[-71.69857297786234,-30.73177058694943],[-71.71504804963037,-30.71588689248362],[-71.69763517263834,-30.699422329496926],[-71.71745471083669,-30.60170154836718],[-71.69418912561397,-30.54439321107624],[-71.69052196097739,-30.404908815682123],[-71.66921508036648,-30.365240912502394],[-71.6801144627779,-30.347574212050294],[-71.62730649125278,-30.237338157376268],[-71.60735474619743,-30.298371247977354],[-71.5397905429622,-30.297534126989433],[-71.49820100579302,-30.27198840090157],[-71.50946092614541,-30.253711095806104],[-71.47860237589944,-30.243257227765117],[-71.48003200155497,-30.199720290567413],[-71.4485563428448,-30.16552458427757],[-71.43010125932474,-30.195602207263804],[-71.39368375803085,-30.183109129783215],[-71.37434805513945,-30.156568346523116],[-71.38631362909697,-30.10185974719952],[-71.37135185656162,-30.078427269813115],[-71.38857753812317,-30.022110368184293],[-71.41692784117893,-29.99904654466607],[-71.3876844447458,-29.99390049810691],[-71.37282393210592,-29.96699174168294],[-71.35076409620027,-29.980215591689436],[-71.36495233303772,-29.952417239129574],[-71.34287429995935,-29.93373599468186],[-71.33474861600631,-29.958698592244044],[-71.29750967006379,-29.950849256004926],[-71.274189755631,-29.90689437772948],[-71.28348661903402,-29.83067403580853],[-71.31190868041298,-29.81989268560163],[-71.3190903517834,-29.778676403606447],[-71.3453346876062,-29.755507855003707],[-71.3260739976343,-29.733457297586444],[-71.32026942293318,-29.64697031686719],[-71.28686481540666,-29.619537236768593],[-71.33463370441349,-29.554673106918134],[-71.3363638830069,-29.491170193584303],[-71.31699045446683,-29.488823466833637],[-71.31665197286104,-29.44822518913184],[-71.30345080126452,-29.448813185279818],[-71.30767166678098,-29.41836024016785],[-71.34044000747322,-29.401110429808682],[-71.32668737539512,-29.34656267558853],[-71.4083350494478,-29.27181134212299],[-71.46913561233009,-29.24916187946673],[-71.46479099400177,-29.22471336756961],[-71.49846365431749,-29.18377680843533],[-71.41466069462442,-29.184150595607807],[-71.35164541266425,-29.141487918085495],[-71.2822460474233,-29.186875057932934],[-71.20008978498599,-29.185569286380243],[-71.18344128267258,-29.28393892681427],[-71.08575199733264,-29.30634273300862],[-71.09411683078062,-29.35548113862901],[-71.0597673240343,-29.35664232310214],[-71.00836390888011,-29.31893166777391],[-70.97421818854926,-29.177489116916707],[-70.90713824193088,-29.130489840074528],[-70.80210757464448,-29.138953950294106],[-70.73169909052235,-29.104903426555612],[-70.71536890533154,-29.083745225999156],[-70.7236549439527,-29.057154447215673],[-70.5517898243437,-29.044433804747225],[-70.53437973392566,-29.06163386649809],[-70.53228117959043,-29.12850728589302],[-70.49421093448062,-29.161720743196184],[-70.4941366366201,-29.21759525307062],[-70.46791250839964,-29.23961419155397],[-70.4804913379471,-29.28694900972139],[-70.44465438817693,-29.326814110613395],[-70.47426703531094,-29.360357892932086],[-70.4592042544084,-29.381884267937355],[-70.39383348467041,-29.398753759052152],[-70.36541474975294,-29.36999313731851],[-70.29889966648014,-29.376198658035207],[-70.17233063441222,-29.525746407254513],[-70.08590264923694,-29.53515117248751],[-69.99122450325464,-29.495781480573804],[-69.9527118199011,-29.499560083272893],[-69.9564558399018,-29.534641026185597],[-69.93190333179633,-29.583988605616852],[-69.9398232889729,-29.65463292696617],[-69.87749388330859,-29.72648895085443],[-69.91365594865144,-29.80084265803653],[-69.87674871371242,-29.86244575396596],[-69.89648854709057,-29.878741780424104],[-69.89890689627704,-29.95903134925513],[-69.9268213520283,-30.00291591036129],[-69.91405224043903,-30.025524587887496],[-69.96546493069852,-30.085657179785258],[-69.93703302019081,-30.120154703937818],[-69.90523152276415,-30.10602070588538],[-69.8182168766229,-30.127382045330588],[-69.81925261348422,-30.18689368579238],[-69.83559195520273,-30.219225505983367],[-69.88538940810605,-30.218482512251867],[-69.87916288752946,-30.25782412459219],[-69.90767360544042,-30.31629485556623],[-69.89189279753805,-30.350926243073058],[-69.92420997285356,-30.352682483960606],[-69.9550626786603,-30.385712257803743],[-70.0632781026993,-30.394612487221305],[-70.10662556382773,-30.352023537827673],[-70.15428256586928,-30.34651778111849],[-70.1172151128061,-30.431816062021944],[-70.19516688152298,-30.492360209254837],[-70.18101660928606,-30.513002926291964],[-70.19091097003233,-30.549234675018027],[-70.24666773064784,-30.63352177698453],[-70.23928108439084,-30.668582893489823],[-70.25902224368235,-30.70081137407062],[-70.24558428336346,-30.72846436873189],[-70.28834864444771,-30.788240262519828],[-70.27979100109872,-30.831177058281376],[-70.32310550034444,-30.929738402013573],[-70.29301295072776,-30.970580027211774],[-70.29772104358973,-31.020902969353802],[-70.27717000006896,-31.021140000529673],[-70.26953213365455,-31.043849270837406],[-70.32179806533047,-31.04321142638601],[-70.3681903921656,-31.110155335644915],[-70.36079355542,-31.135215212492998],[-70.39989827885144,-31.16781571246991],[-70.45188795701793,-31.085965581591246],[-70.49699157332286,-31.122494912678206],[-70.54699799771747,-31.31427161534691],[-70.52700390518132,-31.36495791058598],[-70.5327376962313,-31.407866492490545],[-70.55990944287194,-31.420294536241236],[-70.54822696399306,-31.44794604983167],[-70.56922047270699,-31.472800586715184],[-70.55194280743657,-31.511490380341876],[-70.56650109357723,-31.60055221688012],[-70.50657680311862,-31.65210611046626],[-70.51332376714664,-31.689988335863735],[-70.47132283032343,-31.6960465479535],[-70.45723784584473,-31.73353359677662],[-70.47202268081183,-31.759086618135978],[-70.45056567554728,-31.809962176801083],[-70.46062426988705,-31.843688487786984],[-70.37479835807308,-31.885951594972628],[-70.27996372826323,-31.883942473045977],[-70.20943670694781,-31.959593416103118],[-70.20819484266137,-31.977980941722894],[-70.25030745893902,-31.99234071992187],[-70.24829623432413,-32.02359395656606],[-70.28816205987161,-32.05116485379135],[-70.32896683330017,-32.04873652843559],[-70.35380128843735,-32.02575971495555],[-70.3879496821545,-32.04345872432567],[-70.33527417350624,-32.069981521365555],[-70.34089141623296,-32.110280401668824],[-70.30409176532898,-32.13596195438488],[-70.3169199195886,-32.177505180594586],[-70.30085667327606,-32.20678960138662],[-70.32216802749709,-32.27352057918582],[-70.35815671978673,-32.25387372012697],[-70.41532607849159,-32.28215550224896],[-70.43788319568736,-32.27032551992499],[-70.43302526922591,-32.22702268852931],[-70.45399673148616,-32.22337353173398],[-70.45596829458295,-32.17252469598536],[-70.50304039635648,-32.171522452571836],[-70.53243142012676,-32.14816384341973],[-70.54542697993115,-32.17518898099275],[-70.64481288190719,-32.13906822805342],[-70.6570353066623,-32.054854396691994],[-70.69118093716162,-32.063209602273325],[-70.70146455049691,-32.032834445029785],[-70.73953461594368,-32.02079079059406],[-70.93051720083065,-32.079500749077326],[-70.95241126073545,-32.04802278050921],[-71.04119346077582,-32.0324727760058],[-71.03058933124208,-32.07315511869891],[-71.13517835709041,-32.151764947731415],[-71.18171428411527,-32.171149242151614],[-71.22182231971789,-32.127311814057116],[-71.25574675534985,-32.172216645921544],[-71.33857945997589,-32.203072096403474],[-71.47770371027235,-32.15503963127219],[-71.50320577626071,-32.180926259409134],[-71.54151626860674,-32.17735693697753],[-71.53779731339907,-32.1355373737276],[-71.51268935449555,-32.121422217613535],[-71.53138349498407,-32.10661096652395],[-71.5275892088533,-32.03771267849089],[-71.51004621179068,-32.02370285347245],[-71.5238231783315,-32.00425958914652],[-71.49067122197864,-31.968357326065423],[-71.52720987456334,-31.94928493373891],[-71.51759060670314,-31.909481611789595],[-71.49617401843985,-31.89812633809534],[-71.50059308464735,-31.870884525725938],[-71.51967254759552,-31.84921829253227],[-71.55968110466188,-31.84863645540671],[-71.50513440707343,-31.769610967536877],[-71.5460973208229,-31.73902559640265],[-71.5522077278608,-31.64143817754188],[-71.58171831200552,-31.59450572626806],[-71.56955457778115,-31.500273332549984],[-71.61972539117782,-31.39114834372241],[-71.61479173494128,-31.32631542978188],[-71.63823578217328,-31.301301445553158],[-71.63208140529716,-31.255695791262383],[-71.66785334848178,-31.165010045529147],[-71.65865180800851,-31.08159292862214]]]]}},{"type":"Feature","properties":{"objectid":1091,"cir_sena":6,"codregion":5,"area_km":16322.97039271,"st_area_sh":23014748570.7,"st_length_":1679609.19263,"Region":"Región de Valparaíso"},"geometry":{"type":"MultiPolygon","coordinates":[[[[-71.57544519222186,-33.02675916984363],[-71.5467073640374,-32.98883096707737],[-71.55174699632462,-32.92884720181933],[-71.50712821155834,-32.911666148179584],[-71.52034236650564,-32.8349800389483],[-71.54772853741136,-32.80894519936411],[-71.53816491658976,-32.76691484487151],[-71.51835438400212,-32.7844443054304],[-71.4905238596445,-32.77018004999974],[-71.485315088064,-32.74574931834634],[-71.50950465523512,-32.71147051239672],[-71.47071814472173,-32.7116739077396],[-71.431025283494,-32.64093751034851],[-71.47661556569734,-32.52232111914379],[-71.46506842430422,-32.497945814028185],[-71.43405294556463,-32.494761766916085],[-71.42728141441022,-32.41443793380398],[-71.40673071494423,-32.39715368791323],[-71.45014402527796,-32.344804806049616],[-71.47087077747165,-32.34501253039526],[-71.47122836624352,-32.27335836701503],[-71.49881739470669,-32.239171233898965],[-71.52578361938674,-32.240899256660775],[-71.54190965075112,-32.17768990102967],[-71.50320577626071,-32.180926259409134],[-71.47770371027235,-32.15503963127219],[-71.33857945997589,-32.203072096403474],[-71.25574675534985,-32.172216645921544],[-71.22182231971789,-32.127311814057116],[-71.16888526298139,-32.1679905124047],[-71.03115342832476,-32.07380151212046],[-71.04006583614238,-32.03215689131017],[-70.95241126073545,-32.04802278050921],[-70.93051720083065,-32.079500749077326],[-70.74020948608066,-32.02092480593687],[-70.70357465447177,-32.03180376268097],[-70.69118093716162,-32.063209602273325],[-70.6570353066623,-32.054854396691994],[-70.64656921405175,-32.072866158299696],[-70.64481288190719,-32.13906822805342],[-70.54542697993115,-32.17518898099275],[-70.53243142012676,-32.14816384341973],[-70.50304039635648,-32.171522452571836],[-70.45596829458295,-32.17252469598536],[-70.45399673148616,-32.22337353173398],[-70.43302526922591,-32.22702268852931],[-70.43788319568736,-32.27032551992499],[-70.41532607849159,-32.28215550224896],[-70.3567692233214,-32.25415553871152],[-70.22507179463638,-32.32245336039259],[-70.21736876532957,-32.38194312368942],[-70.23656954755349,-32.428717266646515],[-70.14872901369623,-32.46592095757339],[-70.12319518417775,-32.536560769849295],[-70.12646878161699,-32.57570202337272],[-70.14963852109047,-32.58094347699948],[-70.1720508433372,-32.621117251627304],[-70.14597510332692,-32.65212086841351],[-70.14721940653936,-32.72912714616093],[-70.10789389248244,-32.80071098369981],[-70.05552624366858,-32.83157871542821],[-70.05611739531267,-32.85749145461447],[-69.98897761909971,-32.901002722250894],[-70.0274672184454,-32.96990395960276],[-70.03023849774073,-33.01910720354703],[-70.08129361360136,-33.028740856892405],[-70.15587314626755,-33.113118848620616],[-70.19962498222452,-33.11100334248366],[-70.23623949124675,-33.140393504436254],[-70.24416216133547,-33.18755729008101],[-70.26693649206528,-33.181513214540026],[-70.27070601523691,-33.13298101090771],[-70.29992994607615,-33.1128432167659],[-70.33785448085361,-33.096456232857264],[-70.37455258979111,-33.105230925832124],[-70.40685920181721,-33.065612561055424],[-70.39949378544532,-33.03423063145763],[-70.42522675619094,-33.02129353266885],[-70.50913234211698,-33.089187496189936],[-70.60423788585021,-32.942125090536926],[-70.70736415078542,-32.96067630553589],[-70.72823506192097,-32.92457162904886],[-70.84195965956138,-32.92247903243697],[-70.90661876596499,-32.93591152733105],[-70.93918618137596,-32.97287681977332],[-71.01558681022713,-32.977369945967546],[-71.02683272225097,-33.00519886648844],[-71.00089039373852,-33.050405797921385],[-71.02932401463853,-33.083930545683586],[-70.99766941242207,-33.19860469151307],[-71.02840500845846,-33.21672920072543],[-71.05694926946215,-33.204478741765854],[-71.07255869857127,-33.230375465164265],[-71.21525417792357,-33.234371862613784],[-71.22670163955782,-33.269438308400574],[-71.19541027921132,-33.310514247755975],[-71.22296117329236,-33.373153468137524],[-71.28166556956143,-33.41050946007156],[-71.34332718021994,-33.41568444301872],[-71.33604050567428,-33.45643353318916],[-71.353168712841,-33.4925593992679],[-71.32809825680394,-33.55992353421586],[-71.33590660728963,-33.60740223661367],[-71.38269708452664,-33.62334854304062],[-71.39917063814184,-33.66294268467592],[-71.42692995214857,-33.66048583966872],[-71.43783941006423,-33.67988350431581],[-71.36281083563865,-33.759048080376296],[-71.42877330409475,-33.789117941246346],[-71.54547051145192,-33.76518809173151],[-71.55635230215515,-33.87227843445975],[-71.58080693431883,-33.86688077633656],[-71.72248060339167,-33.95606429733175],[-71.75500131898423,-33.93779978975448],[-71.74966030730909,-33.92028403865567],[-71.77127512141624,-33.936463604883166],[-71.80907601207801,-33.907343506213365],[-71.84016742451024,-33.92282134112264],[-71.82959457611135,-33.859488201374326],[-71.79379145689477,-33.77309132057684],[-71.73165265127585,-33.756752000200706],[-71.6625779569415,-33.70975460633352],[-71.61311842240029,-33.58631888005717],[-71.62795078633076,-33.5517559822904],[-71.60310089723868,-33.543049141731984],[-71.61892292972777,-33.503017396791016],[-71.70984550786636,-33.42514452971433],[-71.69537366031729,-33.36672312494111],[-71.654723677392,-33.351653579651284],[-71.65224564054476,-33.302963787720515],[-71.69526079867994,-33.24920349457071],[-71.68149048506211,-33.22145077307359],[-71.70786676992542,-33.19955343585499],[-71.68462695826652,-33.17304408502804],[-71.74571655498978,-33.09988735826419],[-71.66647343469576,-33.09776075697519],[-71.64680612680206,-33.02024635845872],[-71.61897984611477,-33.042927688012774],[-71.57544519222186,-33.02675916984363]],[[-71.36155050109166,-33.02905958128544],[-71.36125331773442,-33.02911544936712],[-71.36105900135867,-33.02914264757531],[-71.36155050109166,-33.02905958128544]],[[-71.47078643105637,-33.06744232502365],[-71.47057439810658,-33.067192210442094],[-71.47068862389725,-33.0673123802793],[-71.47078643105637,-33.06744232502365]]]]}},{"type":"Feature","properties":{"objectid":1092,"cir_sena":7,"codregion":13,"area_km":15392.030737,"st_area_sh":22252038245.8,"st_length_":1064252.63501,"Region":"Región Metropolitana de Santiago"},"geometry":{"type":"MultiPolygon","coordinates":[[[[-70.73098060987327,-32.92614949603678],[-70.70736415078542,-32.96067630553589],[-70.5956962747341,-32.94671417794233],[-70.50913201692686,-33.08918761510516],[-70.48227964203096,-33.08110296260414],[-70.43469753343295,-33.02139989697248],[-70.40211063086856,-33.03237113417168],[-70.40684652928348,-33.06562352075127],[-70.37453990827426,-33.10524188209656],[-70.33733283276139,-33.09656470913962],[-70.2723462958266,-33.13128760232376],[-70.26058319225264,-33.18465677819609],[-70.24389144234651,-33.18738669035765],[-70.236226787272,-33.14040444728821],[-70.19961227735145,-33.111014282227075],[-70.1558604360046,-33.11312978358604],[-70.09365049549328,-33.051443509059375],[-70.06741851240396,-33.08679280420523],[-70.07592985029501,-33.1208229795341],[-70.05219960700002,-33.13539403916715],[-70.06421546954543,-33.20583297936484],[-70.02662100365112,-33.234939907784856],[-70.03871776308115,-33.270228423027625],[-70.00619905252829,-33.28607067723654],[-70.00359428944563,-33.32227771779781],[-69.9168335449329,-33.26708051234611],[-69.91801642314284,-33.244701635657506],[-69.90433547931937,-33.27292973555231],[-69.79991491184134,-33.28810850278368],[-69.77035617889571,-33.35752236584186],[-69.78690723915363,-33.39286356549863],[-69.8157284615392,-33.39113845480851],[-69.79597353646426,-33.422870192868125],[-69.81864856113437,-33.430112181036606],[-69.83536299619637,-33.5153767675271],[-69.87190458178046,-33.54099203849457],[-69.88433104627597,-33.68377588139039],[-69.86426859643825,-33.7164763746018],[-69.90423550401476,-33.77412615715708],[-69.8983349533087,-33.847580332842504],[-69.85538740687338,-33.892238602949945],[-69.90593447693183,-33.96346386808084],[-69.88236381305886,-33.97662144943771],[-69.85352432522862,-33.96353366352957],[-69.82216432101802,-34.01274512988264],[-69.85419646538544,-34.056424988379284],[-69.83402209714144,-34.086255804896226],[-69.87322205726437,-34.13303945872767],[-69.80113777586119,-34.19354165624359],[-69.80658580653109,-34.24808874127289],[-69.8965857915167,-34.26559729394704],[-69.90937311465173,-34.29066938312955],[-69.97085486821733,-34.24991667591861],[-70.02802762165561,-34.287840544161995],[-70.05282020272415,-34.28017388181358],[-70.0502477430591,-34.22760631191483],[-70.06739173362536,-34.206679941552835],[-70.11274325710092,-34.20188455731834],[-70.16425140863072,-34.159173014797155],[-70.14174029056737,-34.120203334202614],[-70.16441612372121,-34.10057004438318],[-70.16965618452139,-34.04485081447493],[-70.24089268716337,-34.03281459989806],[-70.26232842481357,-34.07151841836448],[-70.33816214755022,-34.05510854790848],[-70.32112716125549,-33.99933823790898],[-70.37622718782127,-33.927940349781736],[-70.37491089811355,-33.88368986907923],[-70.4390134757408,-33.85062004277566],[-70.50261126665369,-33.86299690645318],[-70.51738636567973,-33.88855724311728],[-70.60009753812929,-33.89448915582633],[-70.65396396131601,-33.9369307030192],[-70.70795221402156,-33.905463217379655],[-70.7582719079052,-33.942898100179114],[-70.79674233899935,-33.93139838601652],[-70.82494420084429,-33.95341442974961],[-70.79187145433993,-33.99300917529497],[-70.80765567134881,-34.02537785376981],[-70.88881534999645,-34.03869126153979],[-70.89309085913334,-34.075873734175204],[-70.93736211086903,-34.0900111208446],[-70.91429040274589,-34.14472464736383],[-70.9687704067127,-34.17203394782631],[-71.03227995791185,-34.16478148348895],[-71.07158481880207,-34.184157886491896],[-71.1848604330736,-34.158432175642034],[-71.30078316329848,-34.03039984669504],[-71.3902135014096,-34.07596731968611],[-71.4484597002899,-34.014409653570546],[-71.56658480650034,-33.987080135528544],[-71.5873125021654,-34.03407721151074],[-71.61473050038161,-34.00341493732166],[-71.66690005360734,-33.99734421745809],[-71.67087381145377,-33.97286162303229],[-71.71194422479667,-33.96644211691445],[-71.69154045377854,-33.92820119102059],[-71.58080693431883,-33.86688077633656],[-71.55635230215515,-33.87227843445975],[-71.54610063650462,-33.76555131819135],[-71.42877330409475,-33.789117941246346],[-71.36281083563865,-33.759048080376296],[-71.43783941006423,-33.67988350431581],[-71.42692995214857,-33.66048583966872],[-71.39917063814184,-33.66294268467592],[-71.38269708452664,-33.62334854304062],[-71.33590660728963,-33.60740223661367],[-71.32809825680394,-33.55992353421586],[-71.353168712841,-33.4925593992679],[-71.33604050567428,-33.45643353318916],[-71.34332718021994,-33.41568444301872],[-71.28166556956143,-33.41050946007156],[-71.22296117329236,-33.373153468137524],[-71.19541027921132,-33.310514247755975],[-71.22670163955782,-33.269438308400574],[-71.21525417792357,-33.234371862613784],[-71.07255869857127,-33.230375465164265],[-71.05694926946215,-33.204478741765854],[-71.02840500845846,-33.21672920072543],[-70.99766941242207,-33.19860469151307],[-71.02932401463853,-33.083930545683586],[-71.00085888802485,-33.050149288966026],[-71.02672704803422,-33.00556575134797],[-71.02072882770858,-32.981413044095916],[-70.93918618137596,-32.97287681977332],[-70.90661876596499,-32.93591152733105],[-70.84195965956138,-32.92247903243697],[-70.73098060987327,-32.92614949603678]]]]}},{"type":"Feature","properties":{"objectid":1093,"cir_sena":13,"codregion":10,"area_km":48408.37135747,"st_area_sh":87718341939.8,"st_length_":7874157.85642,"Region":"Región de Los Lagos"},"geometry":{"type":"MultiPolygon","coordinates":[[[[-74.74457025186791,-43.51801697306551],[-74.59647415582472,-43.58174077845813],[-74.55277793007542,-43.62754868473339],[-74.69714783947292,-43.64474735338525],[-74.77063787559958,-43.68320814083461],[-74.81464155963634,-43.63123108351756],[-74.83772527015,-43.563437894038785],[-74.78572619111407,-43.5775789110326],[-74.74465961896732,-43.56668508978433],[-74.74457025186791,-43.51801697306551]]],[[[-74.25761744770296,-43.35090068620342],[-74.23297846148002,-43.40923995118147],[-74.2804718371892,-43.42812923864794],[-74.27827866420341,-43.3623380893224],[-74.25761744770296,-43.35090068620342]]],[[[-73.76530571406619,-43.31458042737701],[-73.66716606195182,-43.34835285926504],[-73.67599131701719,-43.38809710308753],[-73.72522108945819,-43.39993000786663],[-73.77291957300461,-43.38420341772115],[-73.80840485929052,-43.32332175393896],[-73.76530571406619,-43.31458042737701]]],[[[-73.71169737236902,-43.18081619354523],[-73.66203488864218,-43.194594975345495],[-73.66750699685664,-43.247349120746456],[-73.74363388388794,-43.20488960706752],[-73.71169737236902,-43.18081619354523]]],[[[-73.60674359188778,-43.18186872196732],[-73.59744895361172,-43.23118580174464],[-73.57016575119714,-43.2489560952341],[-73.57493127784677,-43.27295858347251],[-73.62573305442426,-43.23976829885704],[-73.64226297642523,-43.186865644901616],[-73.61752710510227,-43.16452599393566],[-73.60674359188778,-43.18186872196732]]],[[[-73.55564177531045,-43.13654476121937],[-73.54862528525615,-43.16922845905119],[-73.50832809769237,-43.17581914034243],[-73.51018210455612,-43.15298062672271],[-73.53236935390842,-43.15593728390885],[-73.51911958794659,-43.14132756660731],[-73.4971839225694,-43.173723815346236],[-73.58798400733417,-43.20299311768506],[-73.56062912474981,-43.18739827868234],[-73.58520370625847,-43.141213928453354],[-73.55564177531045,-43.13654476121937]]],[[[-73.53495527213306,-42.9159107213484],[-73.32315437786032,-43.01544748286109],[-73.46625495069337,-42.99391640571333],[-73.5153158254879,-42.97455454583506],[-73.52526869261033,-42.945030012265384],[-73.56905499063653,-42.95939494656524],[-73.57426973691197,-42.936416330071275],[-73.60417126158012,-42.93280019577604],[-73.53495527213306,-42.9159107213484]]],[[[-73.07311359163637,-42.716580714836866],[-73.05189256211885,-42.72183185904151],[-73.06057615735551,-42.75249295972049],[-73.07311359163637,-42.716580714836866]]],[[[-73.01963931630885,-42.693961519690795],[-72.97539667771157,-42.739136106470234],[-72.92722581237804,-42.721389681805746],[-72.91732669954392,-42.7823225000837],[-72.94159614491011,-42.78249134098507],[-72.96700699147291,-42.749671926502124],[-72.95237112502772,-42.796808882865115],[-72.9370643670839,-42.785714591026675],[-72.9561721664894,-42.81018616795448],[-73.03140107779974,-42.71987840617057],[-73.01963931630885,-42.693961519690795]]],[[[-73.34656505627278,-42.62290980897927],[-73.23201723082792,-42.64378883298089],[-73.24465236498077,-42.665487746450765],[-73.27993081507081,-42.660773008336854],[-73.35778099780381,-42.63230628480285],[-73.34656505627278,-42.62290980897927]]],[[[-73.45169362734875,-42.61636442066258],[-73.42227557686483,-42.621348173860554],[-73.4747086293196,-42.64883601432287],[-73.53006859868418,-42.64722746390796],[-73.54308723800489,-42.628761565030814],[-73.50463472201243,-42.620305231844156],[-73.48175469281135,-42.64311662734404],[-73.50593367243853,-42.606458282345365],[-73.45169362734875,-42.61636442066258]]],[[[-73.03982794620632,-42.59734529239839],[-73.00198097466541,-42.60628633993681],[-73.00757606044564,-42.65373778894059],[-73.01718816064817,-42.627240220662024],[-73.06638569974015,-42.61631154731488],[-73.03982794620632,-42.59734529239839]]],[[[-73.29546302320148,-42.58693168381587],[-73.26190835659833,-42.61051230197304],[-73.32823568119696,-42.603124648388956],[-73.29546302320148,-42.58693168381587]]],[[[-73.59305858408595,-42.57103523207746],[-73.56564250107793,-42.61809564449008],[-73.58066315907847,-42.67200006604469],[-73.55299599335527,-42.685143832703666],[-73.5210139821672,-42.67274020311376],[-73.53441821883203,-42.70016266155061],[-73.57774550020592,-42.70845349966485],[-73.59650902117708,-42.652023224084125],[-73.66118035185512,-42.63917214205095],[-73.70198409581434,-42.65530684786252],[-73.74356117065558,-42.630595659191286],[-73.73893082159155,-42.61483917502546],[-73.71985116101403,-42.618702551015815],[-73.73753818586448,-42.610973945531434],[-73.72068070846652,-42.596121463221365],[-73.67819843634778,-42.602834587633524],[-73.59305858408595,-42.57103523207746]]],[[[-73.22175524533141,-42.56957003358466],[-73.19535698767625,-42.61767794875554],[-73.20915277661723,-42.630344344234615],[-73.22267375564142,-42.62702037040636],[-73.21392696033126,-42.59063336089385],[-73.22070923443817,-42.617133516838045],[-73.24227510922695,-42.615291737582645],[-73.22175524533141,-42.56957003358466]]],[[[-73.51138220526668,-42.55137056673304],[-73.49089684386458,-42.55282270161614],[-73.5119488149372,-42.599683447055234],[-73.53930824659015,-42.59840565837659],[-73.51138220526668,-42.55137056673304]]],[[[-73.2750273709739,-42.47761005346492],[-73.24780930899387,-42.48509044586568],[-73.2619178410111,-42.51455073409135],[-73.29316202273718,-42.4629414646973],[-73.2750273709739,-42.47761005346492]]],[[[-73.31520748380166,-42.45484748847761],[-73.29813528389795,-42.47121051132196],[-73.3109195752189,-42.48470979142399],[-73.37821993427204,-42.48871701289852],[-73.37435627574347,-42.453666590981584],[-73.31520748380166,-42.45484748847761]]],[[[-73.59614119700088,-42.38236808782209],[-73.51438474056053,-42.40249679577778],[-73.51313155929816,-42.45755497790253],[-73.45855047060738,-42.47881650045531],[-73.39564682947409,-42.540748737193084],[-73.38820362977837,-42.58392903841567],[-73.44261855888767,-42.572101140194796],[-73.43532619081974,-42.54076170929379],[-73.40698585457208,-42.55098866604871],[-73.45161141533056,-42.517681110812966],[-73.50894087717523,-42.5078960167259],[-73.53897920627799,-42.468712215397304],[-73.6383964522709,-42.46925665894338],[-73.60361885247762,-42.43823675755037],[-73.65818133975381,-42.39016271465668],[-73.59614119700088,-42.38236808782209]]],[[[-73.28258253039843,-42.397253928139996],[-73.3017971323047,-42.438966242139614],[-73.34488292407235,-42.4228461738406],[-73.3072975140944,-42.42306266095053],[-73.31074024184377,-42.39952756962922],[-73.28258253039843,-42.397253928139996]]],[[[-73.44001724982728,-42.36790818968075],[-73.41359724845069,-42.394995206820646],[-73.43763157865588,-42.40969391374485],[-73.45846409399954,-42.376344027164855],[-73.44001724982728,-42.36790818968075]]],[[[-73.1003579652711,-42.378550994546686],[-73.15353271623178,-42.398147280994394],[-73.13867121005516,-42.37889147361092],[-73.1003579652711,-42.378550994546686]]],[[[-73.23898687643508,-42.322088196387604],[-73.22630043051322,-42.327930931403635],[-73.24049650065994,-42.337047409731746],[-73.21375380826362,-42.3372417154854],[-73.27275788790138,-42.330572113474695],[-73.23898687643508,-42.322088196387604]]],[[[-73.26123759445714,-42.290957064172645],[-73.23195793932422,-42.309934777551966],[-73.3132148273637,-42.30554406584161],[-73.26123759445714,-42.290957064172645]]],[[[-73.26002993172851,-42.27008137786879],[-73.20512294682908,-42.28356766723328],[-73.18632361811237,-42.30401206303784],[-73.21769011624416,-42.305602757671316],[-73.19488375967616,-42.32018647025758],[-73.22337484400828,-42.31576841620591],[-73.20088418777047,-42.29043567307979],[-73.26002993172851,-42.27008137786879]]],[[[-73.07549518445637,-42.26552474855452],[-73.05743905712704,-42.27372619384745],[-73.06017618337356,-42.299006577133916],[-73.13066077546151,-42.342927658598825],[-73.17610037066585,-42.27599951743993],[-73.1583327902906,-42.26802903648576],[-73.13921398023467,-42.302856322293174],[-73.11353716497409,-42.28878399787482],[-73.126787059395,-42.277028107734736],[-73.10154494698527,-42.28097162283547],[-73.13837503191273,-42.2790359600105],[-73.10954622954281,-42.258049091406114],[-73.07549518445637,-42.26552474855452]]],[[[-73.38882314123597,-42.10600966163704],[-73.35251915824789,-42.18073064076909],[-73.38635788202534,-42.18421528839064],[-73.4091033992924,-42.15300739970937],[-73.46086477512102,-42.141956117197545],[-73.38882314123597,-42.10600966163704]]],[[[-72.50617916487727,-42.073104994103055],[-72.47726585170037,-42.08970048120266],[-72.49508893268879,-42.1001369493676],[-72.47964670161365,-42.14345319141324],[-72.48992267477743,-42.16998388540623],[-72.55190545920118,-42.13696762412795],[-72.6090735782309,-42.13380163831515],[-72.57007681612694,-42.07815990331446],[-72.55551054037016,-42.078922073531466],[-72.55791768037854,-42.103707472889546],[-72.53628717719494,-42.073580155747],[-72.50617916487727,-42.073104994103055]]],[[[-72.4610323405055,-41.98602008192088],[-72.48408272262381,-42.07087085031689],[-72.51309554757462,-42.05457292641183],[-72.4610323405055,-41.98602008192088]]],[[[-73.13896534363202,-41.88246874856348],[-73.10426311788098,-41.90453825044235],[-73.06552124465404,-41.89900153846692],[-73.1605632676152,-41.908894651625225],[-73.11756563381459,-41.90353226257453],[-73.13896534363202,-41.88246874856348]]],[[[-72.89606465564546,-41.87182561895691],[-72.89300445210364,-41.89818909467573],[-72.93860598660426,-41.87503810932167],[-72.89606465564546,-41.87182561895691]]],[[[-73.8805604408761,-41.782416791598955],[-73.91154903214093,-41.79568522096119],[-73.85306808371395,-41.82997857125603],[-73.88553917277697,-41.859164763016636],[-73.89935600744842,-41.82635590127617],[-73.91408917401533,-41.85381810620408],[-73.94545844255146,-41.81977216257747],[-73.97238979912375,-41.83537283953913],[-73.9865762617885,-41.819583927926715],[-73.98618368633126,-41.83721122769236],[-74.00484814288953,-41.83943245600161],[-73.98246091867352,-41.861280349189435],[-73.84597958290983,-41.88281663046022],[-73.81743463110169,-41.858258125076674],[-73.78947355548215,-41.879193087517066],[-73.79997124902776,-41.86837707443967],[-73.76243746702583,-41.86365038286504],[-73.662940103886,-41.79715113358888],[-73.62497238349955,-41.82583501592429],[-73.58929914270675,-41.79357279177865],[-73.53931305257692,-41.79670832626749],[-73.52650972146353,-41.82733390355597],[-73.47632836094712,-41.832335202740005],[-73.53245785862515,-41.8769866981017],[-73.4704766022357,-41.90515613672226],[-73.5275858268171,-41.893073004912814],[-73.5091197443247,-41.92431688562403],[-73.54376481296917,-41.9263511756627],[-73.56284454271699,-41.95404333731268],[-73.52126402553161,-41.967970421065274],[-73.51774631810041,-41.9511101645609],[-73.48335190457304,-42.01791580860058],[-73.41445409480635,-42.0730033800473],[-73.43255189947328,-42.114257172109454],[-73.46351698991195,-42.126077473064036],[-73.4827866801047,-42.111448838234075],[-73.4710069217654,-42.14279250452062],[-73.48768949268596,-42.161794636298865],[-73.42319372605212,-42.177995604204305],[-73.39819707380217,-42.2110615020605],[-73.36244989447496,-42.20789538298982],[-73.36031377888276,-42.24140754361124],[-73.40889494433242,-42.26061713304036],[-73.3772732114722,-42.244089420000165],[-73.33716195900257,-42.26577732867434],[-73.36002359160494,-42.294929856733106],[-73.35576994746208,-42.338488631689884],[-73.43454530241124,-42.33002725820686],[-73.43321713607716,-42.30792248378845],[-73.47125921451122,-42.34398642755407],[-73.50797752925443,-42.32667467194847],[-73.51286988185252,-42.34226426730782],[-73.54474611461924,-42.3338792214357],[-73.66879996540128,-42.38708357705966],[-73.64075353006679,-42.436278618297536],[-73.68372483514474,-42.48014279364463],[-73.57639171661488,-42.53482964370506],[-73.62928564253963,-42.52402394063386],[-73.63951158942356,-42.547092079288866],[-73.71991476802435,-42.56933491311025],[-73.73852997444718,-42.53818837537732],[-73.78338881780348,-42.53378340282471],[-73.74351915285646,-42.51786790986684],[-73.72323825969113,-42.46034498712693],[-73.72512577310171,-42.42457998747361],[-73.75745963145623,-42.42617033457663],[-73.74770026792162,-42.4749398880532],[-73.76697010241143,-42.46456739069595],[-73.75843030532558,-42.48267937047965],[-73.8045723363697,-42.53898201170953],[-73.74995627806155,-42.552486809488194],[-73.78798190564781,-42.61135022367913],[-73.70584019861306,-42.664483918180856],[-73.6594022777857,-42.665708427183574],[-73.68140118186395,-42.694443382883684],[-73.63205256231088,-42.70150640981278],[-73.60841344771154,-42.75002057647632],[-73.54663729287114,-42.75501865479082],[-73.48791705930361,-42.79254837850175],[-73.46302000776079,-42.88323676959959],[-73.48568614000787,-42.903058795675406],[-73.47704897240006,-42.87563528708861],[-73.49372702659137,-42.8620214062115],[-73.48763100517442,-42.885482214182424],[-73.50887333913722,-42.86984132911397],[-73.57033525340977,-42.887957782889565],[-73.60546820067832,-42.84705180661748],[-73.6116478723162,-42.80332264005682],[-73.62254323386841,-42.84712795020673],[-73.65262649580336,-42.848030252924794],[-73.60476310941854,-42.85248673965204],[-73.586249088331,-42.88982882987812],[-73.63171859653599,-42.88562218357012],[-73.65707385265411,-42.8540129077509],[-73.75222676904384,-42.84998812512389],[-73.66420573310327,-42.880085101327346],[-73.61677998885689,-42.91720350637957],[-73.6162238777971,-42.942046083617065],[-73.64572889328535,-42.942489094448085],[-73.59097823770324,-42.954822259917904],[-73.61766347744724,-42.977677679399704],[-73.54504635404508,-42.97389185771526],[-73.53755185695337,-43.030103868610844],[-73.50989219306112,-43.070045249862204],[-73.57210485367112,-43.032895798894394],[-73.6232245116883,-43.039114206444374],[-73.62228340695226,-43.05364496931164],[-73.51749834445442,-43.07289609514485],[-73.48483813397294,-43.094134374683335],[-73.47807071350927,-43.131392344700366],[-73.4908979622671,-43.143943601167535],[-73.53279842611904,-43.12512338831393],[-73.54242659358874,-43.10007747365519],[-73.54348205745372,-43.12192420561167],[-73.63180355739894,-43.11774551861025],[-73.62670129277348,-43.1447488749149],[-73.69998421332824,-43.15134741062819],[-73.71517156720446,-43.14412963517866],[-73.71744897162118,-43.09265698772443],[-73.73077622176785,-43.094156367023515],[-73.72596320118915,-43.11524158235451],[-73.75641376088757,-43.1451256100471],[-73.73851417487796,-43.17220491853265],[-73.75191390379669,-43.20547999733149],[-73.6744075934595,-43.26689265420037],[-73.66070348927138,-43.31838269902006],[-73.7948360539606,-43.31345017363161],[-73.87608152171785,-43.28029518251365],[-73.80966684134775,-43.31269602260002],[-73.79444113839202,-43.353605823223084],[-73.79201061793175,-43.410433736041696],[-73.82508096773094,-43.40158493369031],[-73.82163871159709,-43.42223697744304],[-73.84740767783613,-43.42897366292638],[-73.88542625364744,-43.420706469787376],[-73.92644373555883,-43.370111698768845],[-73.97973662665748,-43.36099183484012],[-74.00422667040968,-43.390886319935255],[-74.02186585727628,-43.35077065703574],[-74.1038211755677,-43.39245722748141],[-74.14380116710635,-43.34890469819558],[-74.2990295029248,-43.32696209226047],[-74.32710697595066,-43.292522745352514],[-74.36581758241581,-43.29233348758354],[-74.40698077286295,-43.261290208527825],[-74.34826592379723,-43.148996949801344],[-74.30653716931857,-43.13575772318588],[-74.31247812983939,-43.11773880922353],[-74.33625104221208,-43.11723534869796],[-74.3163654356195,-43.10511029293659],[-74.33621835521383,-43.09858155112851],[-74.32411242847631,-43.07655220307115],[-74.28960657354807,-43.08071961790359],[-74.257524640056,-43.03882753776087],[-74.2252713349572,-43.02793384523526],[-74.26584996649612,-42.99269458770483],[-74.20692238199806,-42.968370431434074],[-74.20875313776732,-42.930341052759545],[-74.22781880888093,-42.917863972932054],[-74.17169470199292,-42.90404499274941],[-74.15200500269248,-42.85509715977595],[-74.16811168344731,-42.76682357432468],[-74.14428039944579,-42.76008759597509],[-74.15859087453553,-42.71760251669807],[-74.12555226041871,-42.701185646072375],[-74.12179371106659,-42.64600263521376],[-74.15713156674639,-42.54150989623963],[-74.19963767835614,-42.51483789344935],[-74.17744819579204,-42.48216080355126],[-74.18513001856995,-42.41954999884836],[-74.14045795113088,-42.33078334249793],[-74.17279001781885,-42.267869999966756],[-74.13567001870142,-42.19891999943694],[-74.05415001591186,-42.14619999919513],[-74.05838001549813,-42.096609999381656],[-74.02847001522528,-42.07003999996835],[-74.03222001620917,-42.02250999997417],[-74.05734817912175,-41.98797650880758],[-74.05176848238067,-41.961077492830775],[-74.0247135607444,-41.948881062628395],[-74.05711079571466,-41.93783041450747],[-74.00925774354887,-41.92657442771578],[-73.99394951326632,-41.890377355641206],[-74.0571599272725,-41.83820957734991],[-74.05297095644019,-41.80265044700191],[-74.02964878813437,-41.806993079529455],[-74.00299792781459,-41.77335306434669],[-73.95442432617962,-41.79695426962073],[-73.91303893744697,-41.78822944042684],[-73.90136089444897,-41.76678041839016],[-73.8805604408761,-41.782416791598955]]],[[[-73.12633656505982,-41.76833875097698],[-73.15551022617574,-41.80768370866322],[-73.19007465575208,-41.79632162563176],[-73.15775962830841,-41.79760971257645],[-73.12633656505982,-41.76833875097698]]],[[[-73.05024781241066,-41.74468483299602],[-72.98430828602858,-41.85800376141392],[-73.03108504868618,-41.8631610144814],[-73.11492147511514,-41.80711197281898],[-73.072120028881,-41.81980288167875],[-73.10086085654021,-41.793478699316935],[-73.08688434363206,-41.79148150566392],[-73.04462601342883,-41.82135537142714],[-73.09790166495883,-41.772750983364894],[-73.06592196154271,-41.774873790599024],[-73.08759679568726,-41.76473073963974],[-73.07257721386844,-41.74503014632676],[-73.08732763258037,-41.74784806671908],[-73.05782401127743,-41.73199693178868],[-73.05024781241066,-41.74468483299602]]],[[[-72.96920939913984,-41.65813782174491],[-72.88641491693083,-41.69890279801364],[-72.92393231276367,-41.690355389497086],[-72.90797916936222,-41.70948840459525],[-72.92922023580215,-41.71231851386886],[-72.96313079336132,-41.694610183784064],[-72.9534045370491,-41.72499623290591],[-72.98561047667792,-41.721656717477636],[-73.00105820184937,-41.69819452889024],[-72.96920939913984,-41.65813782174491]]],[[[-72.97948634967068,-41.553887334621635],[-72.95996309292102,-41.57798651122519],[-72.97069639839597,-41.58963744672075],[-73.00432794012616,-41.594963911405664],[-73.02306916760693,-41.57586496800009],[-72.97948634967068,-41.553887334621635]]],[[[-72.85032712249902,-41.495690955229335],[-72.88595265286878,-41.49935853210278],[-72.93951212262124,-41.472961674303114],[-73.04063365596443,-41.51848544984388],[-73.0313786226126,-41.561664390238725],[-73.09747201872472,-41.59228790423556],[-73.06432395926359,-41.61356664432105],[-73.08666557870755,-41.61960593914445],[-73.05399661324532,-41.645266618013395],[-73.06632004816423,-41.66726172827036],[-73.03765326324401,-41.70448953658005],[-73.06109159000428,-41.721532919321156],[-73.09771740971426,-41.69922317913292],[-73.09366913392007,-41.729577732631334],[-73.13543679892524,-41.7546671016282],[-73.15992033348489,-41.73905923134395],[-73.15032447392437,-41.70424792134375],[-73.17179435564023,-41.74101408793886],[-73.1270854393082,-41.76341883365813],[-73.1902407237054,-41.782628109447124],[-73.15822193279466,-41.77671976053531],[-73.16041295880692,-41.79104150232867],[-73.23477744557387,-41.80161111035611],[-73.23315715339758,-41.77231356214856],[-73.26127516200232,-41.78768245698578],[-73.40699406517376,-41.76432521216578],[-73.34779059906883,-41.81374258320463],[-73.42026112190818,-41.782659775447215],[-73.47976319879336,-41.79943951757418],[-73.55156492231043,-41.769645000135945],[-73.76354428038908,-41.74201727885304],[-73.72176921326597,-41.72990799281991],[-73.68641629194055,-41.66534777509475],[-73.69717485534635,-41.6337010403369],[-73.66986143450393,-41.64068079098398],[-73.65061370362831,-41.60295162392118],[-73.55192093723394,-41.63781392881209],[-73.57358272694225,-41.61794862518572],[-73.51475727550212,-41.6068797613885],[-73.48102132078981,-41.52591842219121],[-73.41911880622659,-41.50784009833855],[-73.37306777811399,-41.52402723886421],[-73.40622346517021,-41.50442857420736],[-73.34699569424694,-41.52393010863626],[-73.3293215224916,-41.503683650070236],[-73.33985949918947,-41.481417919861926],[-73.33127269383141,-41.50474327219654],[-73.34745118231682,-41.522247807927876],[-73.4154078136856,-41.49556644616029],[-73.47713488188394,-41.514356057602456],[-73.52891154524205,-41.5883697233245],[-73.56512979751099,-41.58127990409529],[-73.60178859347671,-41.60623938205723],[-73.65477017521025,-41.58556562572528],[-73.66340324380545,-41.572741226410756],[-73.64059636082469,-41.562578750338524],[-73.67977603070028,-41.50273664584507],[-73.70480804782633,-41.493668042284696],[-73.67244478444516,-41.58035337735165],[-73.70067840982023,-41.573740466694005],[-73.65873596238724,-41.589086393231895],[-73.67456252589656,-41.602189592006205],[-73.75063902103366,-41.558729993127],[-73.78897956561921,-41.58648583506828],[-73.79873988245373,-41.50625654506451],[-73.85405979953309,-41.46370391957405],[-73.83289273720457,-41.4442415674615],[-73.85621746930224,-41.42840351756686],[-73.83528631534709,-41.4107009797474],[-73.83062753909594,-41.333721871685846],[-73.87390103833377,-41.20357958002393],[-73.91933372549359,-41.14460189792475],[-73.90560845520072,-41.12466262659856],[-73.92816382607162,-41.10970285192759],[-73.91836132884292,-41.08439458984547],[-73.93759707619265,-41.060149793980806],[-73.93206524079159,-40.99890692654963],[-73.94602829424183,-40.98498835145346],[-73.93607058430172,-40.9633596300632],[-73.84801726560478,-40.921325197217215],[-73.85205155373168,-40.890339748246554],[-73.8773154934062,-40.88615700689232],[-73.88680689956043,-40.860100923673876],[-73.83051341173234,-40.72195199455173],[-73.80289652830886,-40.71802044182368],[-73.83368167900959,-40.66676404520913],[-73.8095856300528,-40.66218779190284],[-73.80062641551729,-40.63232687468299],[-73.75619728217546,-40.6201183126519],[-73.76148236024946,-40.60325964231247],[-73.7350494788283,-40.59464614275009],[-73.74401096430486,-40.56980709886083],[-73.71607901386345,-40.55487198842977],[-73.73482320578465,-40.50271162329057],[-73.75695404093709,-40.49737543299253],[-73.75015602385486,-40.48211342485256],[-73.77852534963506,-40.4576157092429],[-73.74867203395493,-40.44399942041528],[-73.76098273166147,-40.42141637261775],[-73.7466064684519,-40.40740586149574],[-73.7657190406065,-40.395697312122714],[-73.74014167154282,-40.34141112420744],[-73.75234430102235,-40.30093474948167],[-73.71472470296133,-40.24526264718043],[-73.68465662614794,-40.23830689215273],[-73.67182546343042,-40.276888537280016],[-73.59722428046756,-40.301705043245676],[-73.57753638408587,-40.28324487382706],[-73.51130879853493,-40.28850589723803],[-73.45602809112108,-40.269584231848924],[-73.44742205193448,-40.30420564581639],[-73.40586187620038,-40.3379397866082],[-73.30799961576092,-40.334523194850505],[-73.148785942812,-40.36104220614504],[-73.07781785587858,-40.345299079723],[-73.05946154931054,-40.37166356889534],[-72.97963030918653,-40.38588818078466],[-72.90718252899522,-40.44065287853981],[-72.89219782606392,-40.50694939033073],[-72.81453243127645,-40.545575964811945],[-72.78060068695133,-40.59678481965351],[-72.65724961606385,-40.624590546892996],[-72.60690192438774,-40.68116112878],[-72.43750661844786,-40.65416918634606],[-72.33489815591714,-40.67582184383759],[-72.28652761216395,-40.64634423084566],[-72.19898476651711,-40.671670083787454],[-72.10003115990695,-40.663591288738814],[-72.06701398947428,-40.65615001046273],[-72.05214402386265,-40.630051629645806],[-71.97032048123691,-40.63487202203498],[-71.88085345862451,-40.56714563774468],[-71.85521050535858,-40.59228234289797],[-71.82545617683627,-40.57760559925591],[-71.8681386690588,-40.66287251388822],[-71.962232715172,-40.71843343418734],[-71.96504160692825,-40.74568018241647],[-71.92011625410494,-40.785439056856916],[-71.93428867250857,-40.822177744504046],[-71.90871051292744,-40.856809361876195],[-71.85880687017436,-40.88118297344235],[-71.85653210410963,-40.95884223625595],[-71.89873391501015,-40.95875073422676],[-71.90529146297231,-40.9852112516608],[-71.81818014373347,-41.06259867460828],[-71.8512395304929,-41.09873847406063],[-71.83983324044475,-41.15044837304971],[-71.88674710667595,-41.16106117499775],[-71.8339561474457,-41.271746616128404],[-71.89896015930773,-41.255533057613334],[-71.8762196932675,-41.308821288552316],[-71.9095584731483,-41.35868131589766],[-71.86576857108118,-41.39716853959404],[-71.86435993096899,-41.42202914725471],[-71.83637999971162,-41.432710000080945],[-71.82870672889521,-41.48053680595981],[-71.85238516814441,-41.51552633690979],[-71.81762731601604,-41.57559956128511],[-71.84802283593702,-41.56638421434974],[-71.88556111131199,-41.60562523028637],[-71.83585398760374,-41.64712615967388],[-71.81759744882947,-41.6898218562795],[-71.79434280957848,-41.69436304985158],[-71.81006499881534,-41.72071557985444],[-71.75304874537426,-41.78556319979343],[-71.77311135870536,-41.795038758749364],[-71.75083884845282,-41.824724711991664],[-71.79746427013785,-41.842907246519715],[-71.7722747900206,-41.929568180075336],[-71.79445136559067,-41.96164331365876],[-71.75672291956501,-42.036937180321544],[-71.72768565415025,-42.044882842142314],[-71.73996303513951,-42.084125899283485],[-71.72516278957372,-42.110157202645716],[-71.77676979261568,-42.13005280236261],[-71.78171667474815,-42.14813362728639],[-71.87428783121472,-42.15491843793073],[-71.91622424025442,-42.18947083978815],[-71.9527665238295,-42.165198780313965],[-71.95777518040909,-42.14077133242272],[-72.00542291812512,-42.14040047110962],[-72.05359432514277,-42.114156646855605],[-72.08035247934177,-42.13063363818389],[-72.06726544319366,-42.14743263319411],[-72.17529931861206,-42.141951940831625],[-72.18446024265809,-42.176382741434495],[-72.15593050651424,-42.20008217276723],[-72.16794678408134,-42.25999700098339],[-72.12135134456723,-42.32328679468442],[-72.13703697686357,-42.328726346771276],[-72.13103874964172,-42.384108175326794],[-72.11261135219871,-42.39870999704719],[-72.07586848380384,-42.382790870605874],[-72.02746006438332,-42.408008375418945],[-72.047126759626,-42.45241417314032],[-72.01054810865496,-42.48835196023727],[-72.05555400801993,-42.569909462451136],[-72.07782031360877,-42.56762107383588],[-72.11679267477469,-42.602584268158715],[-72.11842378805687,-42.62885108889265],[-72.09696017478508,-42.641994667354155],[-72.13609448243379,-42.68025258030285],[-72.17138188962552,-42.671234424562094],[-72.178710629581,-42.6955525150475],[-72.12870797990722,-42.73143587911093],[-72.1460529388739,-42.74143908677981],[-72.13102951945217,-42.776787789189335],[-72.16507860531297,-42.79868949725811],[-72.11937928470209,-42.87567232187411],[-72.14259489035734,-42.89885152503431],[-72.11685111018393,-42.936724720578134],[-72.07276135047495,-42.950177859858776],[-72.00183211208433,-43.038119012927865],[-71.93533266398904,-43.05398433025387],[-71.93296338437663,-43.10198716693144],[-71.8537751286886,-43.12743990563552],[-71.85853405002597,-43.142263947888395],[-71.76037292368473,-43.16480111739903],[-71.7296551053078,-43.19859887676195],[-71.75711408466726,-43.228246961920505],[-71.73429298854208,-43.31258574156387],[-71.78713231037229,-43.29655858620026],[-71.83930066704207,-43.33418056468864],[-71.90332596619865,-43.321059299153056],[-71.89092013690355,-43.38154026594158],[-71.93306044285151,-43.38628976310579],[-71.91326843352502,-43.416687504034044],[-71.9307420860376,-43.45664831259606],[-71.88070916852865,-43.45134447078828],[-71.84798856700557,-43.48352073809177],[-71.891304971578,-43.510410675816274],[-71.86841557294849,-43.52233088956373],[-71.87686582090865,-43.5487269645649],[-71.77660590756852,-43.53866968134562],[-71.75982122065804,-43.58393867821148],[-71.70761584711035,-43.584414570533106],[-71.70299969232616,-43.62550786005667],[-71.62680935009983,-43.62377085522856],[-71.58118318559077,-43.65182470138445],[-71.58827500027995,-43.67536509484454],[-71.61198333276685,-43.675980555765065],[-71.59983815953291,-43.69736758443891],[-71.66160277820842,-43.70338055620901],[-71.66239418948216,-43.72142393407838],[-71.69789574874942,-43.727277408750055],[-71.75380264210342,-43.78794698833027],[-71.76372499615056,-43.84077102323138],[-71.70823596403245,-43.85490502314527],[-71.70692726059731,-43.894594431056596],[-71.66549132725689,-43.902232500928044],[-71.64874444325018,-43.945580556234546],[-71.73683432966739,-44.06706867565348],[-71.79026068077283,-44.055132318727615],[-71.82650883975418,-43.999956251214925],[-71.80758762761974,-43.95492411675795],[-71.85668752163694,-43.92923814287317],[-71.9101571490812,-43.94068197368569],[-71.96941593972954,-43.92537232700622],[-71.95566287376519,-43.94626189387782],[-71.97886894739695,-43.966963434732605],[-72.0146858889908,-43.9654209653105],[-72.04385159732152,-43.93633574653293],[-72.07757667972395,-43.95572275725776],[-72.1079517207514,-43.93389480125121],[-72.08123906711985,-43.89718574802958],[-72.1198618408081,-43.877554597919946],[-72.18111204732101,-43.8948697651945],[-72.20338277980761,-43.85445870583111],[-72.19332706187335,-43.84243169314573],[-72.27753445568374,-43.83512980772899],[-72.24037430277141,-43.80740896526577],[-72.3040287576158,-43.779917243822574],[-72.27104535215972,-43.761483397115015],[-72.30913259069976,-43.73219536877317],[-72.29830910065849,-43.7134745140899],[-72.33441718713424,-43.67403666096809],[-72.40326495984128,-43.69007279942318],[-72.42257070391797,-43.729741298627495],[-72.47581710270904,-43.73535096311777],[-72.50144260350564,-43.79676195100395],[-72.61216700686184,-43.75507372279117],[-72.65381995161535,-43.75963268610659],[-72.66188093261341,-43.77738111640609],[-72.76360400931189,-43.770090768311825],[-72.76733621916158,-43.75021721224677],[-72.79999327925137,-43.74044309708592],[-72.76662546761722,-43.6854969803321],[-72.80731169576758,-43.638121807202104],[-72.82371629021002,-43.644715310430804],[-72.85476007935577,-43.740309862760824],[-72.89386331966867,-43.7381834278063],[-72.93772674974012,-43.697050853175526],[-73.0485906003745,-43.73827737738082],[-73.03740349296747,-43.71530191121803],[-72.96599181794677,-43.68288207485136],[-72.94911386704517,-43.636593622583774],[-72.87499335462454,-43.61144402496968],[-72.88293371433785,-43.57735699240465],[-72.91282302191811,-43.606111380480094],[-72.9995498047232,-43.594224233690525],[-73.02832066665562,-43.53726119525509],[-73.05009145075397,-43.531722172505766],[-73.04058240617915,-43.51681780171333],[-73.09132355186485,-43.46745613219908],[-73.09086589616022,-43.43239489972387],[-73.05101339622163,-43.39492248031664],[-73.06274499677689,-43.32278647870288],[-72.98029536073747,-43.26732503601201],[-72.87064034872641,-43.23323969118966],[-72.91425783624274,-43.13051984209494],[-72.8583940099201,-43.02878123345608],[-72.78049416562327,-43.02887018310421],[-72.7725189198359,-43.05872160556273],[-72.69235985212538,-43.105291299862266],[-72.72553415496922,-43.079386759558744],[-72.75203805540009,-43.008867394388446],[-72.77499869132996,-43.00637501777389],[-72.81679397863178,-42.95131088038618],[-72.80773248461297,-42.9332767868617],[-72.72356822700422,-42.97189341927889],[-72.71253849635013,-42.91320238100678],[-72.83375524736195,-42.83550741333816],[-72.85617962860876,-42.76654258629954],[-72.83374967063638,-42.74552148203457],[-72.84130478604345,-42.70478590743361],[-72.8107604970266,-42.716385209394744],[-72.79934205636592,-42.69900721254056],[-72.85405255635654,-42.61978338674808],[-72.81191415932855,-42.51024807440092],[-72.67495417692696,-42.52080897435807],[-72.6030302969043,-42.561541787159165],[-72.57341957216498,-42.557730122959434],[-72.55335022146926,-42.58160408507698],[-72.49015109569294,-42.57801778977305],[-72.49749547531749,-42.547534368289405],[-72.50723346901721,-42.57142514979695],[-72.53391508316075,-42.55741160170158],[-72.51996038044938,-42.545306495177904],[-72.63068479728031,-42.51310107288751],[-72.69698152256541,-42.44417461153244],[-72.69938320497944,-42.40798906230695],[-72.76544438154626,-42.376810248019744],[-72.78450825782595,-42.310040014589376],[-72.82038498589523,-42.323362560532324],[-72.83765853867827,-42.29401646951473],[-72.76810333549845,-42.2431795452855],[-72.74045356654904,-42.25357967863584],[-72.75168950278166,-42.23625321723111],[-72.73638696961463,-42.22518584976436],[-72.67031962464573,-42.22502407495199],[-72.58159993477273,-42.188448712911466],[-72.51419854489454,-42.24490261616752],[-72.52658162216963,-42.27316784780336],[-72.50891296017072,-42.34555683958795],[-72.44715829662518,-42.416911878299274],[-72.45605307051379,-42.448843952911226],[-72.43499013999468,-42.47539413842071],[-72.44856213630113,-42.49775863878218],[-72.42245248832151,-42.48021861809766],[-72.3900849127478,-42.489167528674784],[-72.41908778733941,-42.44437899076265],[-72.41539661792179,-42.37361858239681],[-72.4573337905295,-42.344834988832105],[-72.47035288170278,-42.3005207279445],[-72.4462099442814,-42.269703835072974],[-72.37157753498099,-42.24948809334151],[-72.44678829852596,-42.256807495447035],[-72.46006503909913,-42.20074642734755],[-72.44326588032942,-42.16533268975123],[-72.3476421003054,-42.17045476446331],[-72.44781723244566,-42.16397971352518],[-72.46462663380623,-42.144364824643816],[-72.46738540585785,-42.079491015877025],[-72.42894787196768,-41.97484089602012],[-72.49387293179771,-41.96959063959527],[-72.53504283984654,-42.04352391072536],[-72.58698587658516,-42.0441960227953],[-72.5835891533581,-42.00779968733852],[-72.59905223702597,-42.00644932820988],[-72.61447577685503,-42.04305541554923],[-72.64288302501494,-42.03729800136976],[-72.62765797962601,-42.01506400030173],[-72.68302890035226,-42.00281748177868],[-72.68878212375847,-42.03132443151215],[-72.81074305533704,-41.972683302973216],[-72.80321137158583,-41.94097321940565],[-72.87797915430465,-41.91415492016167],[-72.79015354775247,-41.86990775116966],[-72.78995356749884,-41.83739167831015],[-72.70012565121266,-41.78801623345561],[-72.64866822754696,-41.73134293330065],[-72.58758357245607,-41.74783610065993],[-72.46480416426257,-41.72558939105928],[-72.39485207730539,-41.701202450910614],[-72.32689337066995,-41.647495549758744],[-72.31577715131019,-41.65582547826513],[-72.32344297146639,-41.59521164522098],[-72.28177333870985,-41.505887551106014],[-72.31498505997857,-41.49405506114847],[-72.31089442949605,-41.46627925001751],[-72.2754391092324,-41.39192100916394],[-72.31743164860433,-41.36992705464989],[-72.33172059626688,-41.39428617020775],[-72.30104695813365,-41.42303839517318],[-72.3257306714746,-41.45196711635592],[-72.32453887479052,-41.500325542850646],[-72.38686551813534,-41.66118715234347],[-72.57008640654092,-41.715391804189096],[-72.64793925816862,-41.69659994857934],[-72.66939952970755,-41.617340353739934],[-72.70569646181897,-41.59958523440073],[-72.73915761829261,-41.53316348186514],[-72.75193017671762,-41.554989213116045],[-72.82358019993603,-41.48540868702485],[-72.85032712249902,-41.495690955229335]],[[-73.1937688345259,-41.77523082007236],[-73.19454756158781,-41.77642289942803],[-73.19282441141318,-41.77825563646443],[-73.1937688345259,-41.77523082007236]]]]}},{"type":"Feature","properties":{"objectid":1094,"cir_sena":12,"codregion":14,"area_km":18245.08056272,"st_area_sh":31086613540.1,"st_length_":1844422.51609,"Region":"Región de Los Ríos"},"geometry":{"type":"MultiPolygon","coordinates":[[[[-73.30764248423151,-39.858123225328654],[-73.25754087165444,-39.89925736759205],[-73.28593415011338,-39.946132076397056],[-73.32931034834776,-39.93110193754317],[-73.34463276302864,-39.90160988725729],[-73.32105849421643,-39.89886258181466],[-73.37973179260699,-39.884092917562974],[-73.30764248423151,-39.858123225328654]]],[[[-73.25709414575186,-39.7918394096263],[-73.2453592780437,-39.80682415820214],[-73.26009709152869,-39.82659946784168],[-73.27162257255368,-39.804979992195605],[-73.25709414575186,-39.7918394096263]]],[[[-72.89551342782757,-39.28789034554307],[-72.85823135646318,-39.28822833974417],[-72.83353005410898,-39.310830498591294],[-72.85705318812029,-39.3566376177404],[-72.90021320678156,-39.38124092858017],[-72.89635483932999,-39.4328165795809],[-72.85749663068052,-39.39727857724518],[-72.83926462669328,-39.41373439930904],[-72.79321882048744,-39.404981145519066],[-72.78948667711309,-39.43235758551205],[-72.68868486316265,-39.432934797298635],[-72.65795672404144,-39.46025811992507],[-72.53236224008926,-39.43371326523002],[-72.51709793023758,-39.477048487509045],[-72.43990826795321,-39.47489180562286],[-72.34323642438555,-39.50928535628652],[-72.21975042205081,-39.467127195280035],[-72.27025717931258,-39.51115734933992],[-72.21520472123602,-39.531068294813856],[-72.11781366579062,-39.510768235530236],[-72.01023252959733,-39.44661890886064],[-71.92700287921018,-39.42070249787536],[-71.86137559733942,-39.43517860139997],[-71.84218628031347,-39.46984934361592],[-71.76195224998911,-39.50809192116889],[-71.70268899022221,-39.50311151998949],[-71.70785777419616,-39.5354324420745],[-71.67904551070893,-39.565621930061916],[-71.71582513097869,-39.6493609924864],[-71.66918306800302,-39.682376434712616],[-71.7039854882476,-39.695045517152856],[-71.69367919694297,-39.70729296728111],[-71.71219710144746,-39.72457261344037],[-71.66697485182947,-39.8076251883854],[-71.69219817417843,-39.82352321839888],[-71.6906991141413,-39.84293961965451],[-71.67120888754633,-39.86369553617703],[-71.63639872112905,-39.858563203793196],[-71.63397182087937,-39.88118834531534],[-71.61313865695207,-39.87501492208437],[-71.59209922366585,-39.9123635531489],[-71.6241816449431,-39.93828988571219],[-71.62333485612538,-39.97636940020776],[-71.65127887094104,-39.97290850213693],[-71.68781908479771,-40.032497607848875],[-71.66611359025418,-40.07326053934178],[-71.67392587536081,-40.104986223612194],[-71.69772712508913,-40.11791261849617],[-71.81366502067263,-40.08008297139731],[-71.827071769027,-40.091084072177054],[-71.79918683820418,-40.13767429031857],[-71.828534800333,-40.17325797933744],[-71.79783614751265,-40.18748515467325],[-71.82953628622919,-40.21691451708491],[-71.76174527724933,-40.2763375101467],[-71.75451171739147,-40.303130241026324],[-71.73615110879152,-40.30569879255478],[-71.71677967810464,-40.278756750687656],[-71.68428000015768,-40.2936000006162],[-71.65666100748993,-40.36373270292319],[-71.69372926634195,-40.37316184959363],[-71.69271565049448,-40.40487154170978],[-71.74098712174994,-40.4372887289891],[-71.79393221840822,-40.40730173688884],[-71.8254685385529,-40.42048025155784],[-71.85669234559002,-40.50974151202786],[-71.84307525491526,-40.52480082920943],[-71.85849856118234,-40.554579078661625],[-71.88914161996468,-40.55145079231029],[-71.88504234142194,-40.58395780185627],[-71.92919405524111,-40.5909661478867],[-71.97032048123691,-40.63487202203498],[-72.05214402386265,-40.630051629645806],[-72.06701398947428,-40.65615001046273],[-72.10003115990695,-40.663591288738814],[-72.19898476651711,-40.671670083787454],[-72.28652761216395,-40.64634423084566],[-72.33489815591714,-40.67582184383759],[-72.43750661844786,-40.65416918634606],[-72.60690192438774,-40.68116112878],[-72.65724961606385,-40.624590546892996],[-72.78060068695133,-40.59678481965351],[-72.81453243127645,-40.545575964811945],[-72.89219782606392,-40.50694939033073],[-72.90718252899522,-40.44065287853981],[-72.97963030918653,-40.38588818078466],[-73.05946154931054,-40.37166356889534],[-73.07781785587858,-40.345299079723],[-73.148785942812,-40.36104220614504],[-73.30799961576092,-40.334523194850505],[-73.40586187620038,-40.3379397866082],[-73.44742205193448,-40.30420564581639],[-73.45436668574922,-40.270116016027195],[-73.51130879853493,-40.28850589723803],[-73.57753638408587,-40.28324487382706],[-73.59722428046756,-40.301705043245676],[-73.67182546343042,-40.276888537280016],[-73.68291247695522,-40.239215006429404],[-73.7225554942611,-40.23579552458145],[-73.724884037072,-40.19973164825199],[-73.69615896047301,-40.19215564243127],[-73.65294193292716,-40.13397632035586],[-73.66462210223744,-40.05098481172279],[-73.70706255508478,-40.00589289155779],[-73.68074175286839,-39.99228309046953],[-73.67707451546825,-39.964238937073965],[-73.59281145665298,-39.957027402967455],[-73.59256810573746,-39.93139333485458],[-73.51518224690348,-39.915499406448774],[-73.46866681673845,-39.85180815754501],[-73.4247452818378,-39.86967598207444],[-73.43085661593709,-39.885858636691005],[-73.40122265627294,-39.91629203467238],[-73.41641241314257,-39.9360023544501],[-73.4022194853027,-39.919928329274036],[-73.37725796975678,-39.94296456734941],[-73.3760474225378,-39.89430976034271],[-73.33875791042793,-39.912341769404286],[-73.32688334748678,-39.95206902016408],[-73.29641324404102,-39.954259693635045],[-73.28941634893802,-39.983292257138274],[-73.30578964248268,-39.94612397737855],[-73.27201789439786,-39.9394343283031],[-73.25702012277583,-39.90564160351528],[-73.22165379948468,-39.93774100332175],[-73.25816092299952,-39.872775087075055],[-73.17327528857322,-39.88769887875039],[-73.16760279316833,-39.91205560208505],[-73.13006638449251,-39.92925810723692],[-73.15519373083652,-39.91110204139607],[-73.13646596191532,-39.88571665072786],[-73.1882441685791,-39.85615381161564],[-73.17897460857081,-39.885950666923875],[-73.22376901756843,-39.88336617460626],[-73.22612037040102,-39.85934307302134],[-73.23921277488125,-39.879025076603384],[-73.24037481127829,-39.85357358444147],[-73.24336519326467,-39.87593934636126],[-73.26352583165789,-39.87236001385567],[-73.26774842463463,-39.84144260641652],[-73.24563167147257,-39.80901666787552],[-73.21433343901417,-39.82071688273823],[-73.19234724983029,-39.785339792610245],[-73.16250165288832,-39.80408242600646],[-73.18869789794941,-39.78248304046921],[-73.22101395555894,-39.81948980232883],[-73.25530005580379,-39.79880414205189],[-73.25327495113491,-39.777837938153155],[-73.2365633727155,-39.790031607735216],[-73.24964660898996,-39.74605674597551],[-73.23421962591841,-39.731259287306194],[-73.10584035021243,-39.68888212704025],[-73.08377422520147,-39.70559711303825],[-73.08706214178636,-39.687114719597346],[-73.13279300763674,-39.703567088111654],[-73.14781375367217,-39.6860863391312],[-73.16766989103185,-39.70314541118093],[-73.18613543004349,-39.69235382804221],[-73.116591459398,-39.64361805100857],[-73.16132632805856,-39.66141702569093],[-73.12250323724848,-39.613351935152124],[-73.14952236910551,-39.627277285488354],[-73.1637584214689,-39.66374846295422],[-73.16585838705745,-39.62192800260973],[-73.18029435499577,-39.63473236853219],[-73.12774087259739,-39.59505259283485],[-73.17471740260785,-39.627581402802136],[-73.16325993733459,-39.59222758521443],[-73.19049497747352,-39.62336411186017],[-73.17992807592181,-39.67071958775736],[-73.23727671500116,-39.66658162615376],[-73.20017133506666,-39.68227452768735],[-73.22171490558526,-39.71916235629725],[-73.24189533925406,-39.6918377346154],[-73.24110824618191,-39.719075006397524],[-73.29819771770853,-39.74678339162435],[-73.260148060949,-39.75931136145994],[-73.28029246100519,-39.79904956317708],[-73.26535512766478,-39.83114460695435],[-73.28532733364737,-39.85621097848861],[-73.29137117552274,-39.83201105009231],[-73.3111303702902,-39.83873761570702],[-73.29344191801677,-39.85151978234179],[-73.32884699822253,-39.85571307431404],[-73.3315947183012,-39.81443341961206],[-73.3471257424523,-39.809480178964144],[-73.33406241643782,-39.85687726671163],[-73.40016229119979,-39.87494935665252],[-73.39104347927595,-39.85030943836276],[-73.40982335856845,-39.83203116787756],[-73.3896206412907,-39.763831941700865],[-73.4051441124069,-39.69440082669272],[-73.35267953357726,-39.67385366923911],[-73.36061534601858,-39.65588998914964],[-73.31983887401307,-39.63728375072483],[-73.28215645137433,-39.5881618672536],[-73.28891542228445,-39.55524547947766],[-73.25309577406664,-39.538711776501124],[-73.26061419688763,-39.509044113605974],[-73.24485822021633,-39.49464044099988],[-73.2659368362186,-39.4585515182861],[-73.21568767805107,-39.43093680113422],[-73.242669254041,-39.39029905480092],[-73.15996682219917,-39.41590009918738],[-73.08643969104115,-39.38873053621214],[-73.03371961248007,-39.337061107161674],[-73.0234688954505,-39.29799763419359],[-72.94606290357434,-39.31726687179091],[-72.89551342782757,-39.28789034554307]]]]}},{"type":"Feature","properties":{"objectid":1095,"cir_sena":11,"codregion":9,"area_km":31837.56763429,"st_area_sh":52215073343.9,"st_length_":1501025.2482,"Region":"Región de La Araucanía"},"geometry":{"type":"MultiPolygon","coordinates":[[[[-72.77155055033268,-37.583100126854546],[-72.7759112853355,-37.59609027797528],[-72.72721858865341,-37.626074839225986],[-72.65337906925367,-37.62068334673338],[-72.6509238397332,-37.664699411620596],[-72.53752203821541,-37.6655946779463],[-72.49366098149295,-37.645700317160646],[-72.47237392939529,-37.70884249329975],[-72.47945268347856,-37.74795029310269],[-72.40105976290542,-37.8419126072287],[-72.31774121074618,-37.88156097759945],[-72.24524956492122,-37.87847284103818],[-72.12912659572793,-37.953075406272184],[-72.10201390702902,-37.99871302881525],[-72.04918965174276,-38.014185242242725],[-71.9663294505842,-37.99394173105396],[-71.93111613374214,-38.045400069110464],[-71.87905282696,-38.07833185134361],[-71.7765672270107,-38.03030313348766],[-71.73423729658774,-38.04320478974301],[-71.69802664765935,-38.084253163254814],[-71.7214496850935,-38.14623903155817],[-71.6939987501474,-38.169178506052276],[-71.71556411379478,-38.210072040797925],[-71.68795881145195,-38.24997970914526],[-71.70935264898236,-38.265976335655054],[-71.6493826639202,-38.31436815410511],[-71.60864304709585,-38.24088760320669],[-71.58048586116495,-38.23088428204982],[-71.55366380261326,-38.24612234720965],[-71.53182520289748,-38.20400066867788],[-71.43604321877216,-38.17698029235386],[-71.41314247262397,-38.10729914273773],[-71.37736156694777,-38.085325547147676],[-71.3024530694279,-38.090408441470736],[-71.28289179148382,-38.110413393623354],[-71.25883528187425,-38.097112083750964],[-71.15292973814613,-38.11073417737473],[-71.08531624165632,-38.089646412383395],[-70.99557331138587,-38.170740546547364],[-70.99681063019696,-38.20256296670825],[-71.02100498988014,-38.21421280727659],[-71.03255965286714,-38.24946690178021],[-70.9970200220998,-38.291459630258096],[-70.98375470091052,-38.430671208394095],[-70.91028150100892,-38.50386528863373],[-70.84174664295635,-38.53951044524588],[-70.82752722739203,-38.59640146292096],[-70.90332010103774,-38.66784665815841],[-70.88352849774977,-38.701764924718454],[-70.92505113198985,-38.763548117582765],[-71.0690213941503,-38.76895426540839],[-71.09566740650433,-38.75490797773796],[-71.18585490133079,-38.81451091727579],[-71.2384747970764,-38.80224070961659],[-71.29581493809317,-38.87193907054794],[-71.43350697109452,-38.92913642115079],[-71.44048473387859,-38.97785891863331],[-71.39716584905766,-39.04601252642247],[-71.41805447047902,-39.070230208854056],[-71.42119883538318,-39.15117044895833],[-71.38219231667692,-39.209931506385864],[-71.39129395191421,-39.25876885130121],[-71.37365553849703,-39.28244924061338],[-71.39515183697043,-39.30262766483914],[-71.39944972942926,-39.34971007488055],[-71.45751976239416,-39.371624984723475],[-71.4477226873965,-39.45070338685458],[-71.47311160518494,-39.49203940719207],[-71.51696611857888,-39.50315782459888],[-71.53419908996898,-39.52723899386205],[-71.50484939409168,-39.558366181629246],[-71.46727618862518,-39.55717813266329],[-71.46106527448002,-39.583379225579],[-71.50260846936031,-39.637136549189734],[-71.60959259419893,-39.62791658441128],[-71.62364721202778,-39.59246768045327],[-71.69605267348437,-39.56308287562208],[-71.7042929600098,-39.50188662589212],[-71.76195224998911,-39.50809192116889],[-71.84218628031347,-39.46984934361592],[-71.86137559733942,-39.43517860139997],[-71.92249789273902,-39.42108780064548],[-72.01023252959733,-39.44661890886064],[-72.11781366579062,-39.510768235530236],[-72.21520472123602,-39.531068294813856],[-72.27025717931258,-39.51115734933992],[-72.21975042205081,-39.467127195280035],[-72.34323642438555,-39.50928535628652],[-72.43990826795321,-39.47489180562286],[-72.51709793023758,-39.477048487509045],[-72.53236224008926,-39.43371326523002],[-72.65795672404144,-39.46025811992507],[-72.68868486316265,-39.432934797298635],[-72.78948667711309,-39.43235758551205],[-72.79321882048744,-39.404981145519066],[-72.83926462669328,-39.41373439930904],[-72.85749663068052,-39.39727857724518],[-72.89635483932999,-39.4328165795809],[-72.90021320678156,-39.38124092858017],[-72.85705318812029,-39.3566376177404],[-72.83357894222337,-39.315830129097165],[-72.85823135646318,-39.28822833974417],[-72.90801117633579,-39.28942644896355],[-72.94606290357434,-39.31726687179091],[-73.0234688954505,-39.29799763419359],[-73.03371961248007,-39.337061107161674],[-73.08643969104115,-39.38873053621214],[-73.15996682219917,-39.41590009918738],[-73.2427232616542,-39.39027356314446],[-73.20453619154002,-39.37572531566277],[-73.23237267082965,-39.30654219093434],[-73.22540103096254,-39.25455476392858],[-73.31917075291881,-38.98794820604929],[-73.407940270544,-38.78720108915464],[-73.48848316412094,-38.65752563200445],[-73.51901310434775,-38.481601769258994],[-73.47379695249393,-38.47307791467171],[-73.38258065490183,-38.39867879496122],[-73.32036299337065,-38.43759336633155],[-73.3213557844732,-38.48236318452723],[-73.27461659295406,-38.490051504947424],[-73.28838658138174,-38.45092920337816],[-73.27219420494205,-38.43540646851879],[-73.30886928377062,-38.412103507402364],[-73.30792077691663,-38.374712126476055],[-73.34081006857535,-38.36682446266217],[-73.32883999136332,-38.34318945904414],[-73.26546113335989,-38.28534002965406],[-73.22225590877859,-38.2719246225387],[-73.2014729858285,-38.23126652688125],[-73.13836879401141,-38.21568446364517],[-73.13198584620113,-38.18401514987802],[-73.09298439848463,-38.19212054264652],[-73.07766738447525,-38.17694875054017],[-73.08065223373777,-38.095731233639626],[-73.20629684458112,-38.04073092727714],[-73.1848877967763,-37.986751798968456],[-73.1200296695198,-37.95941518189065],[-73.11054711266944,-37.90793076193607],[-73.1303329604514,-37.89577540461711],[-73.12518455745462,-37.877469463127085],[-73.04693151265606,-37.84453048013248],[-73.02408841139966,-37.807675597613574],[-73.04161806309043,-37.781223336697266],[-73.01629866771847,-37.75285252309164],[-73.02416297066992,-37.720417143657045],[-73.07128900819144,-37.70954325793539],[-73.1030477062847,-37.726334696263294],[-73.12437419801658,-37.689477464315345],[-73.08022601816974,-37.6762810307327],[-73.05855107982063,-37.6402395767479],[-73.07136336534077,-37.62144382538122],[-72.9274265490131,-37.61970535504169],[-72.77155055033268,-37.583100126854546]]]]}},{"type":"Feature","properties":{"objectid":1096,"cir_sena":10,"codregion":8,"area_km":24021.62159439,"st_area_sh":38176117509.3,"st_length_":2097147.28898,"Region":"Región del Bío-Bío"},"geometry":{"type":"MultiPolygon","coordinates":[[[[-73.95309839575226,-38.31538940281617],[-73.86574335908526,-38.368923802141715],[-73.8850883748112,-38.41801246763278],[-73.9399516000782,-38.417953827445494],[-73.92992726119516,-38.39275998374927],[-73.95200302782406,-38.373764062418296],[-73.95309839575226,-38.31538940281617]]],[[[-73.52329630755506,-36.97218829858044],[-73.52125185695276,-37.00685625520447],[-73.45402781876615,-37.05157158685799],[-73.50893153289964,-37.042959056463815],[-73.52024414932491,-37.07812270376488],[-73.55607439406981,-37.02568183094569],[-73.52329630755506,-36.97218829858044]]],[[[-73.27592820064251,-38.296767573132634],[-73.34114732667572,-38.36592725325041],[-73.30793778202495,-38.374711500397794],[-73.3088862969638,-38.41210288094389],[-73.27221122532175,-38.435405846484365],[-73.28840360445639,-38.45092857866348],[-73.27463362591016,-38.49005088197784],[-73.32137281473435,-38.48236255516236],[-73.32038001285201,-38.43759273798319],[-73.38259766360342,-38.39867815782612],[-73.47381397646687,-38.473077263423704],[-73.51726410874409,-38.48118170719944],[-73.52954383882782,-38.3872829420762],[-73.49483996017666,-38.326807027391006],[-73.51428270811394,-38.262057899903695],[-73.46730546214619,-38.22912450309547],[-73.45445299947498,-38.08180104118129],[-73.535142112729,-37.886251720043575],[-73.66564927635751,-37.722545631963186],[-73.65157057828918,-37.69977249666257],[-73.68086877824283,-37.63052848179635],[-73.67431566077163,-37.60252988768569],[-73.64456148496294,-37.585864947023566],[-73.64461263593351,-37.55578496870069],[-73.60150573016342,-37.53514286481376],[-73.59059327816294,-37.46096717236825],[-73.63181515375094,-37.377494576233616],[-73.66947019843474,-37.35814474209613],[-73.68509821009383,-37.367445446876836],[-73.66979990978844,-37.344421238689335],[-73.6839824629851,-37.335589189350856],[-73.6557361650763,-37.2995293634373],[-73.67325218393432,-37.29316088021051],[-73.64958750328202,-37.202786437713215],[-73.58731745200346,-37.145395010636825],[-73.54317092775169,-37.2045604431272],[-73.45709227313591,-37.20464449404485],[-73.4301274561159,-37.23897736003065],[-73.39386281035412,-37.24379962227589],[-73.27393258245907,-37.225982696142204],[-73.19049208669495,-37.16797035493424],[-73.15216971233264,-37.11515030962812],[-73.17124662761042,-37.08053788370202],[-73.14151720762256,-37.060716398900475],[-73.15100399194463,-37.0274489527053],[-73.17752360121487,-37.02942623639478],[-73.18829087565562,-36.9995028014215],[-73.15728086219458,-36.927228889335225],[-73.15219519035075,-36.84751664012374],[-73.1857466140357,-36.787390971530314],[-73.22024660386347,-36.786828370580764],[-73.21698904853857,-36.774227892449524],[-73.19178457104763,-36.74666926122502],[-73.16870883847201,-36.76705332113562],[-73.13105021400179,-36.74689942006033],[-73.12978327054927,-36.72554415664941],[-73.14641741329285,-36.733625046804214],[-73.16260300026565,-36.71230935124235],[-73.1369432970129,-36.69355709283887],[-73.1177003802089,-36.61472534841822],[-73.0904277267107,-36.63000214707717],[-73.10636728938167,-36.72212881252667],[-72.99201050146176,-36.73265489181558],[-72.97328817543287,-36.69749466558811],[-72.98472484291068,-36.67122808367266],[-72.95596499522196,-36.627105126580716],[-73.001970129305,-36.578687260626324],[-72.97870996990659,-36.55966117478591],[-72.9757496248884,-36.525993189445025],[-72.95329925629443,-36.52341117842113],[-72.95497266675177,-36.55677301944467],[-72.9317406443847,-36.54339392908956],[-72.8975983295671,-36.44618388027888],[-72.80975596673993,-36.45971524334767],[-72.80117296484877,-36.51078048907754],[-72.82787419280821,-36.526466063387396],[-72.79778000017286,-36.56356992290531],[-72.79825017749427,-36.605965154944116],[-72.76455466673268,-36.60532154168974],[-72.77333433499234,-36.62499335022589],[-72.7337195849735,-36.61729161924547],[-72.71957869384309,-36.65536577664406],[-72.65429902944459,-36.66652563831376],[-72.59032977977179,-36.73399671662524],[-72.59305173796476,-36.816133776781534],[-72.53844755897791,-36.84957704470562],[-72.57314655977709,-36.86568837175492],[-72.57083039844575,-36.893723292990806],[-72.64517377660016,-36.88346684913295],[-72.65254733350514,-36.92172907774748],[-72.51695242292448,-36.93947710636013],[-72.50227835382518,-36.895739357190585],[-72.45136489689493,-36.90826989100724],[-72.46154986533057,-36.92719186918832],[-72.40762866108119,-36.92880231226012],[-72.3853514283852,-36.911850296299086],[-72.32603543930779,-36.981465130733405],[-72.19207982835647,-37.030398850949666],[-72.18723722715379,-37.05314336311995],[-72.2613946854854,-37.09264768514211],[-72.27443617525196,-37.19475313561209],[-72.24396955367625,-37.182211225486206],[-72.1603406901802,-37.197412448519465],[-72.11916630402969,-37.1786066200238],[-72.06201623844221,-37.19350326994485],[-72.06625038555016,-37.16786384954313],[-72.0357908426989,-37.16561512651757],[-71.99057222676623,-37.19322366437578],[-71.8994393979354,-37.18473122946264],[-71.79705265309153,-37.108654731744856],[-71.68705090934711,-37.14439502984491],[-71.56254575664444,-37.13386314354778],[-71.54122740005576,-37.08375155908326],[-71.55168273803572,-37.01961234641505],[-71.51045661970464,-37.004572404955866],[-71.47982959225685,-37.01995396556892],[-71.45863376766957,-37.066211099657274],[-71.41008314673618,-37.090332084660034],[-71.3829265789289,-37.06719417331951],[-71.2700973806412,-37.111519823962716],[-71.18853783311452,-37.097755895033934],[-71.15543730710833,-37.116071223105436],[-71.09267113965456,-37.114326372573125],[-71.13453760227297,-37.14226613611324],[-71.11486504372647,-37.206735036693544],[-71.16974642125042,-37.22510859621104],[-71.15552676224263,-37.23396019079755],[-71.18739250358516,-37.276276525543736],[-71.22074302893829,-37.27490595599717],[-71.20792283285377,-37.338446605831045],[-71.18636457667691,-37.35576955952769],[-71.19926669821703,-37.38116953888745],[-71.15183002955847,-37.4022286659787],[-71.11750967943132,-37.48868669176319],[-71.14992423751353,-37.53934254194323],[-71.12774162795968,-37.58720485543855],[-71.19176590573181,-37.62886755853311],[-71.21141671696363,-37.6892263692958],[-71.15565827021034,-37.75701706615988],[-71.17071724135774,-37.78047479463881],[-71.1531282649256,-37.809942040529265],[-71.12554555341552,-37.82193452394877],[-71.18339141808947,-37.85835251460199],[-71.14083075475943,-37.85921192949574],[-71.10715707727884,-37.89109117853846],[-71.11418124792883,-37.95173888106855],[-71.06175696213292,-37.97046999827772],[-71.05565583828515,-38.044616879525485],[-70.99205284522846,-38.08340209511231],[-70.99060137434184,-38.110932457634426],[-71.04497408263279,-38.122290782595975],[-71.08531624165632,-38.089646412383395],[-71.15292973814613,-38.11073417737473],[-71.25883528187425,-38.097112083750964],[-71.28289179148382,-38.110413393623354],[-71.3024530694279,-38.090408441470736],[-71.37736156694777,-38.085325547147676],[-71.41314247262397,-38.10729914273773],[-71.43604321877216,-38.17698029235386],[-71.53182520289748,-38.20400066867788],[-71.55366380261326,-38.24612234720965],[-71.58048586116495,-38.23088428204982],[-71.60864304709585,-38.24088760320669],[-71.6493826639202,-38.31436815410511],[-71.70935264898236,-38.265976335655054],[-71.68795881145195,-38.24997970914526],[-71.71556411379478,-38.210072040797925],[-71.6939987501474,-38.169178506052276],[-71.7214496850935,-38.14623903155817],[-71.69802664765935,-38.084253163254814],[-71.73423729658774,-38.04320478974301],[-71.7765672270107,-38.03030313348766],[-71.87905282696,-38.07833185134361],[-71.93111613374214,-38.045400069110464],[-71.9663294505842,-37.99394173105396],[-72.04918965174276,-38.014185242242725],[-72.10201390702902,-37.99871302881525],[-72.12912659572793,-37.953075406272184],[-72.24524956492122,-37.87847284103818],[-72.31774121074618,-37.88156097759945],[-72.40105976290542,-37.8419126072287],[-72.47945268347856,-37.74795029310269],[-72.47237392939529,-37.70884249329975],[-72.49366098149295,-37.645700317160646],[-72.53752203821541,-37.6655946779463],[-72.64941405021834,-37.66508021387147],[-72.65337906925367,-37.62068334673338],[-72.72721858865341,-37.626074839225986],[-72.7760780692461,-37.5817327883545],[-72.9274265490131,-37.61970535504169],[-73.0708270208105,-37.62089623916043],[-73.05855107982063,-37.6402395767479],[-73.08022601816974,-37.6762810307327],[-73.12443252293305,-37.68897557412576],[-73.1030477062847,-37.726334696263294],[-73.07128900819144,-37.70954325793539],[-73.02416297066992,-37.720417143657045],[-73.01629866771847,-37.75285252309164],[-73.04161806309043,-37.781223336697266],[-73.02387580712137,-37.80677052507205],[-73.04693151265606,-37.84453048013248],[-73.12518455745462,-37.877469463127085],[-73.1303329604514,-37.89577540461711],[-73.11054711266944,-37.90793076193607],[-73.1200296695198,-37.95941518189065],[-73.18632130944208,-37.988211680461326],[-73.20626520951006,-38.053105581251465],[-73.08065223373777,-38.095731233639626],[-73.07766738447525,-38.17694875054017],[-73.09298439848463,-38.19212054264652],[-73.13145083027916,-38.18367282577674],[-73.13836879401141,-38.21568446364517],[-73.2014729858285,-38.23126652688125],[-73.22225590877859,-38.2719246225387],[-73.27592820064251,-38.296767573132634]]]]}},{"type":"Feature","properties":{"objectid":1097,"cir_sena":10,"codregion":16,"area_km":13104.41323064,"st_area_sh":20376298459.3,"st_length_":1074093.83999,"Region":"Región de Ñuble"},"geometry":{"type":"MultiPolygon","coordinates":[[[[-72.34857510133926,-36.94532792381935],[-72.3853514283852,-36.911850296299086],[-72.40762866108119,-36.92880231226012],[-72.46154986533057,-36.92719186918832],[-72.45136489689493,-36.90826989100724],[-72.4823728279895,-36.89691804470353],[-72.50953677096527,-36.903105873448055],[-72.51695242292448,-36.93947710636013],[-72.65254733350514,-36.92172907774748],[-72.64517377660016,-36.88346684913295],[-72.57083039844575,-36.893723292990806],[-72.57314655977709,-36.86568837175492],[-72.53844755897791,-36.84957704470562],[-72.59305173796476,-36.816133776781534],[-72.59032977977179,-36.73399671662524],[-72.65429902944459,-36.66652563831376],[-72.71957869384309,-36.65536577664406],[-72.7337195849735,-36.61729161924547],[-72.77333433499234,-36.62499335022589],[-72.76455466673268,-36.60532154168974],[-72.79825017749427,-36.605965154944116],[-72.79778000017286,-36.56356992290531],[-72.82787419280821,-36.526466063387396],[-72.80117296484877,-36.51078048907754],[-72.80975596673993,-36.45971524334767],[-72.88394354198977,-36.444751834524524],[-72.86976496293993,-36.38279326113014],[-72.80876181109646,-36.27639574044046],[-72.82407136100416,-36.19540484742595],[-72.80388327638406,-36.14313577139499],[-72.81505039897097,-36.093525249671295],[-72.76569557116096,-36.00572757533618],[-72.68371673228046,-36.01967656120074],[-72.65527689863193,-36.046952325031725],[-72.6445324971666,-36.015126356245844],[-72.58321272691471,-36.07792346639836],[-72.49274170222503,-36.072255069580635],[-72.50193335314538,-36.14288069421404],[-72.47892340240138,-36.15247148784522],[-72.40131609807005,-36.176043636338854],[-72.3587061025859,-36.15743744764406],[-72.33778733550024,-36.2055272734231],[-72.4122021872119,-36.20780766078685],[-72.37251059620198,-36.257175147845295],[-72.31560627374363,-36.23268537101151],[-72.27762102902261,-36.26148723603065],[-72.23730046100694,-36.20698008400387],[-72.13910583559046,-36.24594799360983],[-72.13130960337799,-36.191732444913995],[-72.09862006739404,-36.156093222624854],[-72.10315673744527,-36.1232893439744],[-72.09907383069856,-36.13711782148603],[-72.07542643453064,-36.13115025017213],[-72.0727539357806,-36.15628106637994],[-71.99061821511889,-36.208670334251096],[-71.99928144195479,-36.22719393408398],[-71.97429870011703,-36.2586449459218],[-71.81156015297759,-36.25475885411999],[-71.70104156712772,-36.35325592926696],[-71.57123956392925,-36.404341244466295],[-71.46724317284354,-36.41205963599391],[-71.4383819080542,-36.432953614197174],[-71.40981921182426,-36.50322303492451],[-71.35283549536277,-36.51252301333088],[-71.33835221585339,-36.5432761448786],[-71.27035650417649,-36.44115939181832],[-71.22492654520019,-36.46266649358038],[-71.19237563812923,-36.41287308386427],[-71.15567158773442,-36.40556489479433],[-71.11494198982044,-36.36189816008569],[-71.05930331454566,-36.38719026231687],[-71.06811868904124,-36.4478663490778],[-71.03531106591994,-36.47423598111189],[-71.05747414879444,-36.61821770744165],[-71.01101423181905,-36.664732971581095],[-71.009020899848,-36.690853199704755],[-71.06618193566172,-36.7145406678883],[-71.0860271001002,-36.677819535151556],[-71.11326652581434,-36.67994264810083],[-71.13222768333456,-36.814221480994526],[-71.17974149212318,-36.841267651948726],[-71.16284501885875,-36.86146962628851],[-71.12381115184196,-36.860633642824034],[-71.14879901048359,-36.91521448724428],[-71.1439745893856,-36.92937678181137],[-71.08871281845796,-36.928044796543226],[-71.10053265962526,-36.965556989182154],[-71.22244000040892,-36.97785999992658],[-71.1671766026323,-36.99725141017793],[-71.14090735293343,-37.0690920964527],[-71.09618940134627,-37.109605000976096],[-71.15543730710833,-37.116071223105436],[-71.18853783311452,-37.097755895033934],[-71.2700973806412,-37.111519823962716],[-71.38414385902095,-37.067114180726485],[-71.41008314673618,-37.090332084660034],[-71.45863376766957,-37.066211099657274],[-71.47982959225685,-37.01995396556892],[-71.51045661970464,-37.004572404955866],[-71.55168273803572,-37.01961234641505],[-71.54122740005576,-37.08375155908326],[-71.56254575664444,-37.13386314354778],[-71.68705090934711,-37.14439502984491],[-71.79705265309153,-37.108654731744856],[-71.8994393979354,-37.18473122946264],[-71.99057222676623,-37.19322366437578],[-72.0357908426989,-37.16561512651757],[-72.06625038555016,-37.16786384954313],[-72.06201623844221,-37.19350326994485],[-72.11916630402969,-37.1786066200238],[-72.1603406901802,-37.197412448519465],[-72.24396955367625,-37.182211225486206],[-72.27099370621738,-37.19545439823764],[-72.28000556652013,-37.155341048931376],[-72.26532234628303,-37.148185754325304],[-72.2613946854854,-37.09264768514211],[-72.18219681063731,-37.04633252989144],[-72.22932006966964,-37.00910844875382],[-72.32603543930779,-36.981465130733405],[-72.34857510133926,-36.94532792381935]]]]}},{"type":"Feature","properties":{"objectid":1098,"cir_sena":9,"codregion":7,"area_km":30321.89065833,"st_area_sh":45969426092.2,"st_length_":1388327.97603,"Region":"Región del Maule"},"geometry":{"type":"MultiPolygon","coordinates":[[[[-72.03431450824183,-34.687331114780235],[-71.91347508646456,-34.815187396720866],[-71.81796570060379,-34.84082998967944],[-71.79455526922803,-34.82770424001177],[-71.70964615104357,-34.937321321260505],[-71.67491085740858,-34.92364310847785],[-71.66770244229386,-34.90377031495383],[-71.68866943992712,-34.89708597313957],[-71.66179127619606,-34.8552737317675],[-71.6078467750381,-34.882933126132144],[-71.5350522613168,-34.869488779319305],[-71.46472230252694,-34.9006339845384],[-71.43853353918257,-34.87990084103374],[-71.42097415056095,-34.90446949496745],[-71.39753448351428,-34.89439879198024],[-71.36589997840736,-34.91292356937325],[-71.38690339823383,-34.886569347097414],[-71.37386893239447,-34.833637554926625],[-71.27886908264092,-34.79165080989256],[-71.26109193251297,-34.82435842760084],[-71.21281748963055,-34.835297263128375],[-71.18914037988797,-34.804399061382526],[-71.1348963920924,-34.786411609980526],[-71.09871989351788,-34.82813150120603],[-71.0468636573919,-34.79247215110743],[-70.95748706548423,-34.87200327226205],[-70.88330867191489,-34.85014702906472],[-70.82170879527933,-34.87131761869962],[-70.80953854198096,-34.85231923800255],[-70.76992104311735,-34.8594925226555],[-70.62228185627882,-34.98764713250542],[-70.61489221683527,-34.96080086262325],[-70.54132501991728,-34.933922140733266],[-70.47774171972823,-34.99415225742583],[-70.41526663966417,-34.9836546979534],[-70.36464840956047,-35.00570274324484],[-70.37683077304719,-35.050154882262476],[-70.35763994595325,-35.0988657803456],[-70.37445940305513,-35.1697818091121],[-70.47230331450659,-35.20386092545344],[-70.5269118350512,-35.19426275057388],[-70.5678522280365,-35.223461250087865],[-70.58262933295143,-35.270522481995144],[-70.56500630143603,-35.30023968260674],[-70.50369616920884,-35.32046291409496],[-70.43198460869851,-35.31863739016017],[-70.41798578433365,-35.35531827900428],[-70.45284462865955,-35.391958695791764],[-70.43849046490426,-35.41310145052187],[-70.45294932461097,-35.42716353474331],[-70.43227589192097,-35.445274599157834],[-70.44674876714271,-35.46344587480897],[-70.36753394827171,-35.51962414041005],[-70.4134999238932,-35.52843323796216],[-70.38465654366286,-35.60549253867395],[-70.42301719164614,-35.640745473042784],[-70.35818623034213,-35.74945817824352],[-70.37930340203641,-35.78690608152039],[-70.31174712194198,-35.81323237240232],[-70.36944131775829,-35.84157294349722],[-70.38401197190377,-35.86894088027904],[-70.42126975731445,-35.876340715587105],[-70.42307858610592,-35.915258585840625],[-70.36504873119044,-35.925005955757804],[-70.42202827587573,-35.97063572374729],[-70.37479320084502,-35.994781440779015],[-70.36921959557988,-36.038252482434096],[-70.41196216623028,-36.06025591570613],[-70.42095438576763,-36.15603729748954],[-70.48864942413243,-36.178333866494164],[-70.53054705200303,-36.14315815891724],[-70.57834016318319,-36.139813286642344],[-70.57104938423497,-36.17500229983364],[-70.63197686199891,-36.21620905688371],[-70.63178330290296,-36.238561473169966],[-70.70558020263236,-36.27204880238912],[-70.68368738599592,-36.304769049599685],[-70.71112346460386,-36.344843129118715],[-70.67767835922771,-36.388721402690415],[-70.71152531696305,-36.426209548711334],[-70.73891472000714,-36.429151836974675],[-70.74754816409812,-36.405860906399155],[-70.78688867103712,-36.42906171167999],[-70.81645296814763,-36.396136656579074],[-70.84512714171105,-36.41883417143087],[-70.88433395328464,-36.396526718387534],[-70.89088272380818,-36.46890574001817],[-70.97380743568223,-36.50237712217231],[-71.0606772509418,-36.463372176765446],[-71.05930331454566,-36.38719026231687],[-71.11494198982044,-36.36189816008569],[-71.15567158773442,-36.40556489479433],[-71.19237563812923,-36.41287308386427],[-71.22492654520019,-36.46266649358038],[-71.26273018650336,-36.44003962691329],[-71.28152924033562,-36.448355768579404],[-71.33749600191169,-36.54346076464447],[-71.35283549536277,-36.51252301333088],[-71.40981921182426,-36.50322303492451],[-71.4383819080542,-36.432953614197174],[-71.46724317284354,-36.41205963599391],[-71.57123956392925,-36.404341244466295],[-71.70104156712772,-36.35325592926696],[-71.81156015297759,-36.25475885411999],[-71.97429870011703,-36.2586449459218],[-71.99928144195479,-36.22719393408398],[-71.99061821511889,-36.208670334251096],[-72.0727539357806,-36.15628106637994],[-72.07542643453064,-36.13115025017213],[-72.09907383069856,-36.13711782148603],[-72.10315672936042,-36.12328934687685],[-72.09862006739404,-36.156093222624854],[-72.13130960337799,-36.191732444913995],[-72.13910583559046,-36.24594799360983],[-72.23730046100694,-36.20698008400387],[-72.27762102542935,-36.26148723458198],[-72.31560627374363,-36.23268537101151],[-72.37251059620198,-36.257175147845295],[-72.4122021872119,-36.20780766078685],[-72.33778733550024,-36.2055272734231],[-72.33844349283152,-36.17440653002755],[-72.3587061025859,-36.15743744764406],[-72.40542690199793,-36.175586051869125],[-72.50176219713428,-36.14335368838212],[-72.49274170222503,-36.072255069580635],[-72.58321272691471,-36.07792346639836],[-72.64496804084052,-36.014978395920735],[-72.65527689863193,-36.046952325031725],[-72.68657355724197,-36.01876470646852],[-72.77815933460538,-36.01438807120446],[-72.78490998531933,-35.97525177090702],[-72.69303226986163,-35.915500855240936],[-72.64897456563526,-35.84658892824638],[-72.56660016170423,-35.79465341781034],[-72.58343028270684,-35.699135423337296],[-72.63805285739407,-35.60205112295644],[-72.61840591610452,-35.56063925882161],[-72.48828769424793,-35.4628215498946],[-72.49908463098772,-35.39091577466621],[-72.4088128652045,-35.31916589411754],[-72.38355135277787,-35.22143640672876],[-72.20384901082994,-35.110320687043085],[-72.17964003573253,-34.89486060466715],[-72.15029248755162,-34.867549246628045],[-72.12622301704916,-34.79447377254363],[-72.07633297029791,-34.74508319886661],[-72.0658105434376,-34.6959696526134],[-72.03431450824183,-34.687331114780235]]]]}},{"type":"Feature","properties":{"objectid":1099,"cir_sena":8,"codregion":6,"area_km":16349.02995665,"st_area_sh":24090278437.3,"st_length_":984852.617228,"Region":"Región del Libertador Bernardo O'Higgins"},"geometry":{"type":"MultiPolygon","coordinates":[[[[-72.03005432975358,-34.46714903187529],[-72.04919096957128,-34.425421304847234],[-71.98083289727168,-34.36198462932289],[-71.97208777372629,-34.29957164132868],[-72.0087080948484,-34.1321019264023],[-71.9512915628965,-34.081685342197744],[-71.94199193537735,-34.04471817084014],[-71.89040020818678,-33.997608588371804],[-71.83550973342392,-33.9037950994018],[-71.83999387808218,-33.9229465331605],[-71.80907601207801,-33.907343506213365],[-71.78123432615298,-33.93528177028558],[-71.74887185418758,-33.92052283851885],[-71.7537374783127,-33.93870546207484],[-71.67087381145377,-33.97286162303229],[-71.66573166881619,-33.99795720593854],[-71.61473050038161,-34.00341493732166],[-71.5873125021654,-34.03407721151074],[-71.56393320819403,-33.98675947237026],[-71.4484597002899,-34.014409653570546],[-71.3902135014096,-34.07596731968611],[-71.30078316329848,-34.03039984669504],[-71.1848604330736,-34.158432175642034],[-71.0721598160424,-34.18419588957385],[-71.03227995791185,-34.16478148348895],[-70.9687704067127,-34.17203394782631],[-70.91429040274589,-34.14472464736383],[-70.93736211086903,-34.0900111208446],[-70.89309085913334,-34.075873734175204],[-70.88881534999645,-34.03869126153979],[-70.80765567134881,-34.02537785376981],[-70.79187145433993,-33.99300917529497],[-70.82494420084429,-33.95341442974961],[-70.79674233899935,-33.93139838601652],[-70.7582719079052,-33.942898100179114],[-70.70795221402156,-33.905463217379655],[-70.65396396131601,-33.9369307030192],[-70.60009753812929,-33.89448915582633],[-70.5164998812079,-33.88821370970398],[-70.50261126665369,-33.86299690645318],[-70.4394458384803,-33.850573032276095],[-70.37491089811355,-33.88368986907923],[-70.37622718782127,-33.927940349781736],[-70.32112716125549,-33.99933823790898],[-70.33816214755022,-34.05510854790848],[-70.26232842481357,-34.07151841836448],[-70.24089268716337,-34.03281459989806],[-70.16965618452139,-34.04485081447493],[-70.16441612372121,-34.10057004438318],[-70.14174029056737,-34.120203334202614],[-70.16425140863072,-34.159173014797155],[-70.05064821830096,-34.22594289569802],[-70.0533124121262,-34.27940127718619],[-70.02184792755985,-34.30874791185184],[-70.02576933967636,-34.366575480122435],[-70.00915974070294,-34.394422819378775],[-70.08139848382595,-34.472910368531274],[-70.13179405570669,-34.48787904462054],[-70.14364669167006,-34.53245341481296],[-70.2178743973586,-34.61187160091814],[-70.21603147750207,-34.6842542051574],[-70.24628821759312,-34.692503547908906],[-70.25846432161894,-34.729439724862125],[-70.30626577185987,-34.74740725404988],[-70.30943521413352,-34.76974182757563],[-70.2482835420275,-34.7991091349692],[-70.27690120796629,-34.87625496110479],[-70.33261249945538,-34.937175459153636],[-70.3332081148281,-34.99022958463434],[-70.36564275205353,-35.005436283352786],[-70.41526663966417,-34.9836546979534],[-70.47774171972823,-34.99415225742583],[-70.54132501991728,-34.933922140733266],[-70.61489221683527,-34.96080086262325],[-70.62228185627882,-34.98764713250542],[-70.76992104311735,-34.8594925226555],[-70.80953854198096,-34.85231923800255],[-70.82170879527933,-34.87131761869962],[-70.88330867191489,-34.85014702906472],[-70.95748706548423,-34.87200327226205],[-71.0468636573919,-34.79247215110743],[-71.09871989351788,-34.82813150120603],[-71.13491375293357,-34.7863905524765],[-71.18914037988797,-34.804399061382526],[-71.21281748963055,-34.835297263128375],[-71.26109193251297,-34.82435842760084],[-71.27886908264092,-34.79165080989256],[-71.37386893239447,-34.833637554926625],[-71.38690339823383,-34.886569347097414],[-71.36589997840736,-34.91292356937325],[-71.39753448351428,-34.89439879198024],[-71.42097415056095,-34.90446949496745],[-71.43853353918257,-34.87990084103374],[-71.46472230252694,-34.9006339845384],[-71.5350522613168,-34.869488779319305],[-71.6078467750381,-34.882933126132144],[-71.66179127619606,-34.8552737317675],[-71.68866943992712,-34.89708597313957],[-71.66770244229386,-34.90377031495383],[-71.67491085740858,-34.92364310847785],[-71.70964615104357,-34.937321321260505],[-71.7952988461112,-34.827157622073514],[-71.81796570060379,-34.84082998967944],[-71.91347508646456,-34.815187396720866],[-71.95317144124043,-34.75730227316814],[-71.99731093437846,-34.740507855840285],[-72.0050316676829,-34.70497812158355],[-72.05626088872374,-34.68704754215859],[-72.04144213786307,-34.596040703243915],[-72.05369559222474,-34.5565852423885],[-72.02827873233942,-34.50777316457114],[-72.03005432975358,-34.46714903187529]],[[-70.81534083316463,-34.850103441254305],[-70.81534079543539,-34.850103548885826],[-70.81534077387582,-34.85010350317928],[-70.81534083316463,-34.850103441254305]]]]}},{"type":"Feature","properties":{"objectid":1100,"cir_sena":0,"codregion":0,"area_km":3937.43209582,"st_area_sh":9306245194.15,"st_length_":388722.375797,"Region":"Zona sin demarcar"},"geometry":{"type":"MultiPolygon","coordinates":[[[[-73.64097685124645,-49.16781242272114],[-72.87309915982992,-49.16914962228362],[-72.87493933084167,-49.81263363613237],[-73.64376027666269,-49.79415122503268],[-73.64097685124645,-49.16781242272114]]]]}}]}