fecha,region,precio_clp_litro
1994-01,Metropolitana,132.5
1994-01,Tarapacá,145.5
1994-01,Antofagasta,144.8
1994-01,Atacama,144.6
1994-01,Coquimbo,143
1994-01,Valparaíso,139.2
1994-01,O'Higgins,132.6
1994-01,Maule,136.4
1994-01,Biobío,139.8
1994-01,Araucanía,140.5
1994-01,Los Lagos,145.4
1994-01,Aysén,159
1994-01,Magallanes,151.6
1994-02,Metropolitana,132.3
1994-02,Tarapacá,145.6
1994-02,Atacama,144.3
1994-02,Coquimbo,143.3
1994-02,Valparaíso,139.2
1994-02,O'Higgins,133
1994-02,Maule,136.6
1994-02,Biobío,142
1994-02,Araucanía,140.6
1994-02,Los Lagos,146.7
1994-02,Aysén,159.8
1994-02,Magallanes,151.3
1994-03,Metropolitana,132.3
1994-03,Tarapacá,145.6
1994-03,Antofagasta,144.7
1994-03,Atacama,144.3
1994-03,Coquimbo,143.4
1994-03,Valparaíso,139.3
1994-03,O'Higgins,132.9
1994-03,Maule,134.8
1994-03,Biobío,139.9
1994-03,Araucanía,140.6
1994-03,Los Lagos,146.7
1994-03,Aysén,160
1994-03,Magallanes,151.7
1994-04,Metropolitana,132.2
1994-04,Tarapacá,145.5
1994-04,Antofagasta,144.8
1994-04,Atacama,144.6
1994-04,Coquimbo,143.3
1994-04,Valparaíso,139.4
1994-04,O'Higgins,132.9
1994-04,Maule,137.2
1994-04,Biobío,139.9
1994-04,Araucanía,140.4
1994-04,Los Lagos,146.7
1994-04,Aysén,160
1994-04,Magallanes,151.5
1994-05,Metropolitana,132.1
1994-05,Tarapacá,145.5
1994-05,Antofagasta,144.8
1994-05,Atacama,144.6
1994-05,Coquimbo,143.3
1994-05,Valparaíso,139.4
1994-05,O'Higgins,132.6
1994-05,Maule,137.7
1994-05,Biobío,139.6
1994-05,Araucanía,140.6
1994-05,Los Lagos,146.7
1994-05,Aysén,160
1994-05,Magallanes,151.4
1994-06,Metropolitana,132.3
1994-06,Tarapacá,145.5
1994-06,Antofagasta,144.8
1994-06,Atacama,144.4
1994-06,Coquimbo,143.3
1994-06,Valparaíso,139.4
1994-06,O'Higgins,133.1
1994-06,Maule,135.5
1994-06,Biobío,139.9
1994-06,Araucanía,140.5
1994-06,Los Lagos,146.7
1994-06,Aysén,160
1994-06,Magallanes,152
1994-07,Metropolitana,132.1
1994-07,Tarapacá,145.5
1994-07,Antofagasta,144.8
1994-07,Atacama,144.4
1994-07,Coquimbo,143
1994-07,Valparaíso,139.4
1994-07,O'Higgins,133.3
1994-07,Maule,137.4
1994-07,Biobío,140.5
1994-07,Araucanía,140.8
1994-07,Los Lagos,145.8
1994-07,Aysén,160
1994-07,Magallanes,152.1
1994-08,Metropolitana,132.2
1994-08,Tarapacá,146.6
1994-08,Antofagasta,145
1994-08,Atacama,145.2
1994-08,Coquimbo,143.1
1994-08,Valparaíso,139.7
1994-08,O'Higgins,133.6
1994-08,Maule,137.4
1994-08,Biobío,140.4
1994-08,Araucanía,141.2
1994-08,Los Lagos,147.4
1994-08,Aysén,160
1994-08,Magallanes,152
1994-09,Metropolitana,132.1
1994-09,Tarapacá,146.6
1994-09,Antofagasta,145.1
1994-09,Atacama,145.1
1994-09,Coquimbo,143.4
1994-09,Valparaíso,139.9
1994-09,O'Higgins,133.2
1994-09,Maule,136.8
1994-09,Biobío,140.4
1994-09,Araucanía,141.4
1994-09,Los Lagos,147
1994-09,Aysén,160
1994-09,Magallanes,152.3
1994-10,Metropolitana,132
1994-10,Tarapacá,146.7
1994-10,Antofagasta,145.1
1994-10,Atacama,145.1
1994-10,Coquimbo,143
1994-10,Valparaíso,139.9
1994-10,O'Higgins,133.2
1994-10,Maule,136.8
1994-10,Biobío,140
1994-10,Araucanía,141.2
1994-10,Los Lagos,147.5
1994-10,Aysén,160
1994-10,Magallanes,152.1
1994-11,Metropolitana,131.9
1994-11,Tarapacá,146.6
1994-11,Antofagasta,145.1
1994-11,Atacama,145.1
1994-11,Coquimbo,143
1994-11,Valparaíso,139.9
1994-11,O'Higgins,133.2
1994-11,Maule,136.3
1994-11,Biobío,140
1994-11,Araucanía,141.2
1994-11,Los Lagos,145.7
1994-11,Aysén,160
1994-11,Magallanes,152.1
1994-12,Metropolitana,132.2
1994-12,Tarapacá,147.3
1994-12,Antofagasta,143.7
1994-12,Atacama,145.1
1994-12,Coquimbo,143.1
1994-12,Valparaíso,139.5
1994-12,O'Higgins,133.2
1994-12,Maule,136
1994-12,Biobío,139.5
1994-12,Araucanía,141.1
1994-12,Los Lagos,145.7
1994-12,Aysén,160
1994-12,Magallanes,152.1
1995-01,Metropolitana,131.5
1995-01,Tarapacá,146.4
1995-01,Antofagasta,144.3
1995-01,Atacama,145.5
1995-01,Coquimbo,143.4
1995-01,Valparaíso,139.6
1995-01,O'Higgins,132.5
1995-01,Maule,135.6
1995-01,Biobío,140
1995-01,Araucanía,141
1995-01,Los Lagos,146.4
1995-01,Aysén,160
1995-01,Magallanes,152.2
1995-02,Metropolitana,131.5
1995-02,Tarapacá,146.4
1995-02,Antofagasta,144.3
1995-02,Atacama,150.2
1995-02,Coquimbo,143.1
1995-02,Valparaíso,139.6
1995-02,O'Higgins,132.5
1995-02,Maule,134.1
1995-02,Biobío,139.2
1995-02,Araucanía,141.1
1995-02,Los Lagos,145.7
1995-02,Aysén,160
1995-02,Magallanes,152.7
1995-03,Metropolitana,132.4
1995-03,Tarapacá,146.4
1995-03,Antofagasta,144.5
1995-03,Atacama,145.5
1995-03,Coquimbo,143
1995-03,Valparaíso,139.6
1995-03,O'Higgins,132.8
1995-03,Maule,134.5
1995-03,Biobío,139.2
1995-03,Araucanía,141.1
1995-03,Los Lagos,146.4
1995-03,Aysén,160
1995-03,Magallanes,152.9
1995-04,Metropolitana,131.5
1995-04,Tarapacá,146.3
1995-04,Antofagasta,144.3
1995-04,Atacama,145.4
1995-04,Coquimbo,143.3
1995-04,Valparaíso,139.6
1995-04,O'Higgins,132.4
1995-04,Maule,133.8
1995-04,Biobío,139.2
1995-04,Araucanía,140.9
1995-04,Los Lagos,145.7
1995-04,Aysén,160
1995-04,Magallanes,153.3
1995-05,Metropolitana,131.6
1995-05,Tarapacá,146.3
1995-05,Antofagasta,144.3
1995-05,Atacama,145.4
1995-05,Coquimbo,143.3
1995-05,Valparaíso,139.7
1995-05,O'Higgins,132.4
1995-05,Maule,133.8
1995-05,Biobío,139.2
1995-05,Araucanía,141.2
1995-05,Los Lagos,145.7
1995-05,Aysén,160
1995-05,Magallanes,152
1995-06,Metropolitana,132.3
1995-06,Tarapacá,146.3
1995-06,Antofagasta,144.3
1995-06,Atacama,145.2
1995-06,Coquimbo,143.3
1995-06,Valparaíso,139.9
1995-06,O'Higgins,132.2
1995-06,Maule,133.3
1995-06,Biobío,139.2
1995-06,Araucanía,140.9
1995-06,Los Lagos,146.4
1995-06,Aysén,160
1995-06,Magallanes,152.2
1995-07,Metropolitana,127.7
1995-07,Tarapacá,140.8
1995-07,Antofagasta,137.9
1995-07,Atacama,141.2
1995-07,Coquimbo,137.2
1995-07,Valparaíso,134.8
1995-07,O'Higgins,127
1995-07,Maule,130.4
1995-07,Biobío,134.1
1995-07,Araucanía,134.8
1995-07,Los Lagos,140.3
1995-07,Aysén,154
1995-07,Magallanes,146.3
1995-08,Metropolitana,127.6
1995-08,Tarapacá,140.7
1995-08,Antofagasta,137.9
1995-08,Atacama,140.8
1995-08,Coquimbo,137.5
1995-08,Valparaíso,134.3
1995-08,O'Higgins,127
1995-08,Maule,129.1
1995-08,Biobío,133.2
1995-08,Araucanía,134.9
1995-08,Los Lagos,140.3
1995-08,Aysén,154
1995-08,Magallanes,146.7
1995-09,Metropolitana,127.5
1995-09,Tarapacá,140.6
1995-09,Antofagasta,137.9
1995-09,Atacama,150.7
1995-09,Coquimbo,137.4
1995-09,Valparaíso,134.6
1995-09,O'Higgins,127
1995-09,Maule,129.3
1995-09,Biobío,133.2
1995-09,Araucanía,135
1995-09,Los Lagos,140.8
1995-09,Aysén,154
1995-09,Magallanes,147.5
1995-10,Metropolitana,134.5
1995-10,Tarapacá,145.4
1995-10,Antofagasta,145.4
1995-10,Atacama,147.3
1995-10,Coquimbo,144.8
1995-10,Valparaíso,141.6
1995-10,O'Higgins,133.9
1995-10,Maule,136
1995-10,Biobío,140.9
1995-10,Araucanía,142.1
1995-10,Los Lagos,147.6
1995-10,Aysén,162
1995-10,Magallanes,154.9
1995-11,Metropolitana,133.4
1995-11,Tarapacá,147.5
1995-11,Antofagasta,145.7
1995-11,Atacama,147.3
1995-11,Coquimbo,144.7
1995-11,Valparaíso,141.6
1995-11,O'Higgins,134
1995-11,Maule,136.3
1995-11,Biobío,140.6
1995-11,Araucanía,142.1
1995-11,Los Lagos,147
1995-11,Aysén,162
1995-11,Magallanes,154.9
1995-12,Metropolitana,137.7
1995-12,Tarapacá,151.7
1995-12,Antofagasta,149.5
1995-12,Atacama,151.6
1995-12,Coquimbo,149.5
1995-12,Valparaíso,146.3
1995-12,O'Higgins,138
1995-12,Maule,139.9
1995-12,Biobío,145
1995-12,Araucanía,146.9
1995-12,Los Lagos,151.5
1995-12,Aysén,167
1995-12,Magallanes,160.1
1996-01,Metropolitana,148.2
1996-01,Tarapacá,157.9
1996-01,Antofagasta,156.1
1996-01,Atacama,157.7
1996-01,Coquimbo,155.6
1996-01,Valparaíso,152.3
1996-01,O'Higgins,143.9
1996-01,Maule,145.4
1996-01,Biobío,151.5
1996-01,Araucanía,153.2
1996-01,Los Lagos,157.4
1996-01,Aysén,173
1996-01,Magallanes,165.7
1996-02,Metropolitana,150
1996-02,Tarapacá,163.9
1996-02,Antofagasta,161.5
1996-02,Atacama,162.9
1996-02,Coquimbo,160.8
1996-02,Valparaíso,157.6
1996-02,O'Higgins,148.7
1996-02,Maule,150.8
1996-02,Biobío,157.1
1996-02,Araucanía,158
1996-02,Los Lagos,163.4
1996-02,Aysén,178.5
1996-02,Magallanes,170.9
1996-03,Metropolitana,148
1996-03,Tarapacá,163.5
1996-03,Antofagasta,160.1
1996-03,Atacama,162.3
1996-03,Coquimbo,160.2
1996-03,Valparaíso,157.3
1996-03,O'Higgins,148.1
1996-03,Maule,150.8
1996-03,Biobío,157.1
1996-03,Araucanía,157.7
1996-03,Los Lagos,163.8
1996-03,Aysén,178.5
1996-03,Magallanes,171.2
1996-04,Metropolitana,147.4
1996-04,Tarapacá,163.4
1996-04,Antofagasta,160.1
1996-04,Atacama,162.8
1996-04,Coquimbo,159.9
1996-04,Valparaíso,157.3
1996-04,O'Higgins,147.9
1996-04,Maule,150.8
1996-04,Biobío,157.2
1996-04,Araucanía,157.6
1996-04,Los Lagos,163.3
1996-04,Aysén,178.5
1996-04,Magallanes,170.4
1996-05,Metropolitana,150.6
1996-05,Tarapacá,167.7
1996-05,Antofagasta,164.1
1996-05,Atacama,166.6
1996-05,Coquimbo,164.2
1996-05,Valparaíso,161.4
1996-05,O'Higgins,149.8
1996-05,Maule,157.8
1996-05,Biobío,159.7
1996-05,Araucanía,161.6
1996-05,Los Lagos,167.3
1996-05,Aysén,182.5
1996-05,Magallanes,173.8
1996-06,Metropolitana,149.2
1996-06,Tarapacá,165.7
1996-06,Antofagasta,160.9
1996-06,Atacama,158.1
1996-06,Coquimbo,155
1996-06,Valparaíso,148.9
1996-06,O'Higgins,147.2
1996-06,Maule,155.2
1996-06,Biobío,158.8
1996-06,Araucanía,160
1996-06,Los Lagos,164.6
1996-06,Aysén,180.5
1996-06,Magallanes,156.9
1996-07,Metropolitana,141.5
1996-07,Tarapacá,160.8
1996-07,Antofagasta,156.1
1996-07,Atacama,150.9
1996-07,Coquimbo,146.2
1996-07,Valparaíso,142.4
1996-07,O'Higgins,140
1996-07,Maule,149.3
1996-07,Biobío,149.1
1996-07,Araucanía,153.8
1996-07,Los Lagos,159.4
1996-07,Aysén,174.5
1996-07,Magallanes,151.6
1996-08,Metropolitana,141.3
1996-08,Tarapacá,164.2
1996-08,Antofagasta,158.6
1996-08,Atacama,152.9
1996-08,Coquimbo,148.4
1996-08,Valparaíso,141.8
1996-08,O'Higgins,141.3
1996-08,Maule,153.8
1996-08,Biobío,148.5
1996-08,Araucanía,157.5
1996-08,Los Lagos,161.6
1996-08,Aysén,178.5
1996-08,Magallanes,162.2
1996-09,Metropolitana,146.9
1996-09,Tarapacá,169.3
1996-09,Antofagasta,163.7
1996-09,Atacama,155.2
1996-09,Coquimbo,150
1996-09,Valparaíso,146.4
1996-09,O'Higgins,145.5
1996-09,Maule,157.4
1996-09,Biobío,154.1
1996-09,Araucanía,162
1996-09,Los Lagos,167
1996-09,Aysén,183.8
1996-09,Magallanes,167.7
1996-10,Metropolitana,156.8
1996-10,Tarapacá,178.8
1996-10,Antofagasta,173.4
1996-10,Atacama,164.5
1996-10,Coquimbo,158.2
1996-10,Valparaíso,154.3
1996-10,O'Higgins,155.6
1996-10,Maule,166.5
1996-10,Biobío,164.3
1996-10,Araucanía,171
1996-10,Los Lagos,177
1996-10,Aysén,189
1996-10,Magallanes,176.3
1996-11,Metropolitana,156.12
1996-11,Tarapacá,178.7
1996-11,Antofagasta,173.5
1996-11,Atacama,165.3
1996-11,Coquimbo,156.9
1996-11,Valparaíso,154.4
1996-11,O'Higgins,154.8
1996-11,Maule,155.6
1996-11,Biobío,164.5
1996-11,Araucanía,170.5
1996-11,Los Lagos,177.9
1996-11,Aysén,189
1996-11,Magallanes,176.3
1996-12,Metropolitana,155.94
1996-12,Tarapacá,178.7
1996-12,Antofagasta,173.6
1996-12,Atacama,164.4
1996-12,Coquimbo,157.6
1996-12,Valparaíso,154.5
1996-12,O'Higgins,154.8
1996-12,Maule,155.6
1996-12,Biobío,159.3
1996-12,Araucanía,170
1996-12,Los Lagos,177.9
1996-12,Aysén,189
1996-12,Magallanes,176.3
1997-01,Metropolitana,157
1997-01,Tarapacá,180.2
1997-01,Antofagasta,175
1997-01,Atacama,167
1997-01,Coquimbo,158
1997-01,Valparaíso,155.4
1997-01,O'Higgins,156.6
1997-01,Maule,157.4
1997-01,Biobío,160.1
1997-01,Araucanía,171.3
1997-01,Los Lagos,180.6
1997-01,Aysén,191
1997-01,Magallanes,176
1997-02,Metropolitana,157
1997-02,Tarapacá,180.4
1997-02,Antofagasta,175
1997-02,Atacama,167
1997-02,Coquimbo,158.3
1997-02,Valparaíso,155.5
1997-02,O'Higgins,156.2
1997-02,Maule,157.3
1997-02,Biobío,159.4
1997-02,Araucanía,170.7
1997-02,Los Lagos,180.6
1997-02,Aysén,191
1997-02,Magallanes,177.9
1997-03,Metropolitana,143
1997-03,Tarapacá,179.9
1997-03,Antofagasta,175
1997-03,Atacama,166.4
1997-03,Coquimbo,158.5
1997-03,Valparaíso,148.8
1997-03,O'Higgins,156.4
1997-03,Maule,157.3
1997-03,Biobío,160
1997-03,Araucanía,170.6
1997-03,Los Lagos,174.7
1997-03,Aysén,191
1997-03,Magallanes,177.9
1997-04,Metropolitana,147.4
1997-04,Tarapacá,171.6
1997-04,Antofagasta,167.3
1997-04,Atacama,157.9
1997-04,Coquimbo,149.2
1997-04,Valparaíso,146.8
1997-04,O'Higgins,148.6
1997-04,Maule,157.3
1997-04,Biobío,151.8
1997-04,Araucanía,155.2
1997-04,Los Lagos,172.1
1997-04,Aysén,183
1997-04,Magallanes,160.6
1997-05,Metropolitana,147.4
1997-05,Tarapacá,181.8
1997-05,Antofagasta,167.3
1997-05,Atacama,157.9
1997-05,Coquimbo,150
1997-05,Valparaíso,146.8
1997-05,O'Higgins,147
1997-05,Maule,149.1
1997-05,Biobío,150.7
1997-05,Araucanía,154.2
1997-05,Los Lagos,162.9
1997-05,Aysén,183
1997-05,Magallanes,160.6
1997-06,Metropolitana,147.4
1997-06,Tarapacá,170.6
1997-06,Antofagasta,167.3
1997-06,Atacama,157.9
1997-06,Coquimbo,149.6
1997-06,Valparaíso,146.8
1997-06,O'Higgins,146.1
1997-06,Maule,148.3
1997-06,Biobío,150.3
1997-06,Araucanía,153.2
1997-06,Los Lagos,163.6
1997-06,Aysén,183
1997-06,Magallanes,159.9
1997-07,Metropolitana,141.34
1997-07,Tarapacá,163.8
1997-07,Antofagasta,162.1
1997-07,Atacama,152.9
1997-07,Coquimbo,143.5
1997-07,Valparaíso,146.8
1997-07,O'Higgins,140.6
1997-07,Maule,142.8
1997-07,Biobío,144.9
1997-07,Araucanía,146.7
1997-07,Los Lagos,157.9
1997-07,Aysén,181
1997-07,Magallanes,153.9
1997-08,Metropolitana,141.75
1997-08,Tarapacá,163
1997-08,Antofagasta,162.1
1997-08,Atacama,154.1
1997-08,Coquimbo,146.3
1997-08,Valparaíso,142.8
1997-08,O'Higgins,144.9
1997-08,Maule,144.9
1997-08,Biobío,146.7
1997-08,Araucanía,146.3
1997-08,Los Lagos,157.9
1997-08,Aysén,181
1997-08,Magallanes,153.9
1997-09,Metropolitana,144.1
1997-09,Tarapacá,162.9
1997-09,Antofagasta,161.9
1997-09,Atacama,153.3
1997-09,Coquimbo,148
1997-09,Valparaíso,142.9
1997-09,O'Higgins,144.7
1997-09,Maule,145
1997-09,Biobío,147.2
1997-09,Araucanía,146.1
1997-09,Los Lagos,157.9
1997-09,Aysén,180.8
1997-09,Magallanes,153.8
1997-10,Metropolitana,146.45
1997-10,Tarapacá,144.6
1997-10,Antofagasta,145.5
1997-10,Atacama,153.3
1997-10,Coquimbo,155.3
1997-10,Valparaíso,142.9
1997-10,O'Higgins,144.5
1997-10,Maule,144.6
1997-10,Biobío,145.5
1997-10,Araucanía,146.1
1997-10,Los Lagos,157.9
1997-10,Aysén,180.8
1997-10,Magallanes,161.8
1997-11,Metropolitana,154.06
1997-11,Tarapacá,173.4
1997-11,Antofagasta,172.6
1997-11,Atacama,162.3
1997-11,Coquimbo,158.2
1997-11,Valparaíso,152.9
1997-11,O'Higgins,154.3
1997-11,Maule,152.4
1997-11,Biobío,156.9
1997-11,Araucanía,156
1997-11,Los Lagos,167.7
1997-11,Aysén,191.8
1997-11,Magallanes,161.3
1997-12,Metropolitana,153.49
1997-12,Tarapacá,173.2
1997-12,Antofagasta,172.6
1997-12,Atacama,162.7
1997-12,Coquimbo,159.7
1997-12,Valparaíso,152.9
1997-12,O'Higgins,153.9
1997-12,Maule,152.3
1997-12,Biobío,156.4
1997-12,Araucanía,155.6
1997-12,Los Lagos,167.8
1997-12,Aysén,192
1997-12,Magallanes,160.9
1998-01,Metropolitana,151.06
1998-01,Tarapacá,172.8
1998-01,Antofagasta,172.3
1998-01,Atacama,163
1998-01,Coquimbo,158.2
1998-01,Valparaíso,152.7
1998-01,O'Higgins,153.7
1998-01,Maule,152.3
1998-01,Biobío,155.9
1998-01,Araucanía,153.6
1998-01,Los Lagos,163.6
1998-01,Aysén,191.8
1998-01,Magallanes,157.2
1998-02,Metropolitana,147.6
1998-02,Tarapacá,162.9
1998-02,Antofagasta,164.5
1998-02,Atacama,155.1
1998-02,Coquimbo,152.6
1998-02,Valparaíso,144.4
1998-02,O'Higgins,146
1998-02,Maule,146.6
1998-02,Biobío,148.3
1998-02,Araucanía,151.8
1998-02,Los Lagos,163.5
1998-02,Aysén,182.5
1998-02,Magallanes,155.1
1998-03,Metropolitana,148.02
1998-03,Tarapacá,162.6
1998-03,Antofagasta,164.5
1998-03,Atacama,155.1
1998-03,Coquimbo,152.4
1998-03,Valparaíso,147.2
1998-03,O'Higgins,145.8
1998-03,Maule,146.3
1998-03,Biobío,148.3
1998-03,Araucanía,151.5
1998-03,Los Lagos,157.7
1998-03,Aysén,182
1998-03,Magallanes,153.6
1998-04,Metropolitana,144.21
1998-04,Tarapacá,158.5
1998-04,Antofagasta,161.3
1998-04,Atacama,150.8
1998-04,Coquimbo,149.5
1998-04,Valparaíso,144.2
1998-04,O'Higgins,141.9
1998-04,Maule,143.6
1998-04,Biobío,144.4
1998-04,Araucanía,149.2
1998-04,Los Lagos,152.5
1998-04,Aysén,179.8
1998-04,Magallanes,153.6
1998-05,Metropolitana,144.13
1998-05,Tarapacá,158.1
1998-05,Antofagasta,161.1
1998-05,Atacama,151.3
1998-05,Coquimbo,149.5
1998-05,Valparaíso,144.4
1998-05,O'Higgins,141.8
1998-05,Maule,143.6
1998-05,Biobío,145.2
1998-05,Araucanía,149.3
1998-05,Los Lagos,155.6
1998-05,Aysén,179.8
1998-05,Magallanes,149.4
1998-06,Tarapacá,158.6
1998-06,Antofagasta,161.4
1998-06,Atacama,151.3
1998-06,Coquimbo,149.5
1998-06,Valparaíso,144.6
1998-06,O'Higgins,141.8
1998-06,Maule,144.1
1998-06,Biobío,145.7
1998-06,Araucanía,149.2
1998-06,Los Lagos,155.7
1998-06,Aysén,179.8
1998-06,Magallanes,149.4
1998-07,Metropolitana,144.36
1998-07,Tarapacá,158.5
1998-07,Antofagasta,161.4
1998-07,Atacama,149
1998-07,Coquimbo,147.9
1998-07,Valparaíso,144.8
1998-07,O'Higgins,141.7
1998-07,Maule,143.9
1998-07,Biobío,146
1998-07,Araucanía,149.2
1998-07,Los Lagos,155.7
1998-07,Aysén,179.8
1998-07,Magallanes,149.4
1998-08,Metropolitana,143.9
1998-08,Tarapacá,158.5
1998-08,Antofagasta,161.4
1998-08,Atacama,149
1998-08,Coquimbo,149.5
1998-08,Valparaíso,144.8
1998-08,O'Higgins,141.7
1998-08,Maule,143.9
1998-08,Biobío,144.5
1998-08,Araucanía,149.1
1998-08,Los Lagos,155.7
1998-08,Aysén,179.8
1998-08,Magallanes,149.4
1998-09,Metropolitana,144.17
1998-09,Tarapacá,158.5
1998-09,Antofagasta,161.4
1998-09,Atacama,149.9
1998-09,Coquimbo,150.6
1998-09,Valparaíso,145.5
1998-09,O'Higgins,141.6
1998-09,Maule,143.9
1998-09,Biobío,143.7
1998-09,Araucanía,149.1
1998-09,Los Lagos,153.6
1998-09,Aysén,179.5
1998-09,Magallanes,145.5
1998-10,Metropolitana,143.44
1998-10,Tarapacá,158.4
1998-10,Antofagasta,161.4
1998-10,Atacama,152
1998-10,Coquimbo,150.6
1998-10,Valparaíso,145.6
1998-10,O'Higgins,141.4
1998-10,Maule,143.9
1998-10,Biobío,143.5
1998-10,Araucanía,149
1998-10,Los Lagos,153.6
1998-10,Aysén,179.5
1998-10,Magallanes,145.5
1998-11,Metropolitana,142.5
1998-11,Tarapacá,158.4
1998-11,Antofagasta,161.4
1998-11,Atacama,151.9
1998-11,Coquimbo,148.8
1998-11,Valparaíso,145.6
1998-11,O'Higgins,141.3
1998-11,Maule,143.9
1998-11,Biobío,143.1
1998-11,Araucanía,149
1998-11,Los Lagos,153.6
1998-11,Aysén,179.8
1998-11,Magallanes,145.5
1998-12,Metropolitana,142.09
1998-12,Tarapacá,158.4
1998-12,Antofagasta,161.2
1998-12,Atacama,152.6
1998-12,Coquimbo,148.5
1998-12,Valparaíso,145.6
1998-12,O'Higgins,141.7
1998-12,Maule,143.9
1998-12,Biobío,143.1
1998-12,Araucanía,149
1998-12,Los Lagos,153.6
1998-12,Aysén,179.8
1998-12,Magallanes,145.7
1999-01,Metropolitana,139.12
1999-01,Tarapacá,156.4
1999-01,Antofagasta,159.6
1999-01,Atacama,151.7
1999-01,Coquimbo,148.2
1999-01,Valparaíso,143.5
1999-01,O'Higgins,139.9
1999-01,Maule,143
1999-01,Biobío,141.6
1999-01,Araucanía,146.9
1999-01,Los Lagos,151.8
1999-01,Aysén,176.8
1999-01,Magallanes,143.5
1999-02,Metropolitana,139.47
1999-02,Tarapacá,156.3
1999-02,Antofagasta,159.2
1999-02,Atacama,150.4
1999-02,Coquimbo,146.5
1999-02,Valparaíso,143.5
1999-02,O'Higgins,138.5
1999-02,Maule,142.8
1999-02,Biobío,141.3
1999-02,Araucanía,146.7
1999-02,Los Lagos,151.9
1999-02,Aysén,176.8
1999-02,Magallanes,143.5
1999-03,Metropolitana,139.35
1999-03,Tarapacá,157.1
1999-03,Antofagasta,161.9
1999-03,Atacama,151.6
1999-03,Coquimbo,148.1
1999-03,Valparaíso,145.7
1999-03,O'Higgins,139.8
1999-03,Maule,144.1
1999-03,Biobío,143.7
1999-03,Araucanía,148.7
1999-03,Los Lagos,153.7
1999-03,Aysén,178.8
1999-03,Magallanes,144.6
1999-04,Metropolitana,147.17
1999-04,Tarapacá,166.2
1999-04,Antofagasta,170.5
1999-04,Atacama,161.4
1999-04,Coquimbo,158
1999-04,Valparaíso,156.2
1999-04,O'Higgins,148.9
1999-04,Maule,153.7
1999-04,Biobío,154.1
1999-04,Araucanía,158.7
1999-04,Los Lagos,163.6
1999-04,Aysén,189.5
1999-04,Magallanes,153.9
1999-05,Metropolitana,148.54
1999-05,Tarapacá,166.7
1999-05,Antofagasta,170.9
1999-05,Atacama,159.6
1999-05,Coquimbo,156.6
1999-05,Valparaíso,156.3
1999-05,O'Higgins,148
1999-05,Maule,152
1999-05,Biobío,155.7
1999-05,Araucanía,158.1
1999-05,Los Lagos,162.8
1999-05,Aysén,189.5
1999-05,Magallanes,153.8
1999-06,Metropolitana,150.76
1999-06,Tarapacá,168.9
1999-06,Antofagasta,170.8
1999-06,Atacama,160.8
1999-06,Coquimbo,157.6
1999-06,Valparaíso,157.6
1999-06,O'Higgins,149.7
1999-06,Maule,154.6
1999-06,Biobío,158.8
1999-06,Araucanía,160.2
1999-06,Los Lagos,165.7
1999-06,Aysén,191
1999-06,Magallanes,154.9
1999-07,Metropolitana,151.2
1999-07,Tarapacá,177.3
1999-07,Antofagasta,172.5
1999-07,Atacama,164.9
1999-07,Coquimbo,166.5
1999-07,Valparaíso,166.5
1999-07,O'Higgins,154.3
1999-07,Maule,163
1999-07,Biobío,166.9
1999-07,Araucanía,168.9
1999-07,Los Lagos,174.4
1999-07,Aysén,199.5
1999-07,Magallanes,165.6
1999-08,Metropolitana,162.18
1999-08,Tarapacá,177.8
1999-08,Antofagasta,180.2
1999-08,Atacama,169.6
1999-08,Coquimbo,167.1
1999-08,Valparaíso,167.6
1999-08,O'Higgins,158.5
1999-08,Maule,165
1999-08,Biobío,168.4
1999-08,Araucanía,169.7
1999-08,Los Lagos,174.4
1999-08,Aysén,199.5
1999-08,Magallanes,166.4
1999-09,Metropolitana,159.4
1999-09,Tarapacá,177.2
1999-09,Antofagasta,177.5
1999-09,Atacama,179.4
1999-09,Coquimbo,166.7
1999-09,Valparaíso,167.9
1999-09,O'Higgins,156.7
1999-09,Maule,161.3
1999-09,Biobío,168.7
1999-09,Araucanía,168.5
1999-09,Los Lagos,174.4
1999-09,Aysén,200.8
1999-09,Magallanes,166.4
1999-10,Metropolitana,158.83
1999-10,Tarapacá,177.2
1999-10,Antofagasta,177.6
1999-10,Atacama,179.4
1999-10,Coquimbo,166.7
1999-10,Valparaíso,168.1
1999-10,O'Higgins,156.7
1999-10,Maule,161.5
1999-10,Biobío,167.9
1999-10,Araucanía,168.8
1999-10,Los Lagos,174.4
1999-10,Aysén,200.5
1999-10,Magallanes,165.6
1999-11,Metropolitana,158.53
1999-11,Tarapacá,177.2
1999-11,Antofagasta,177.6
1999-11,Atacama,169.9
1999-11,Coquimbo,166.7
1999-11,Valparaíso,167.6
1999-11,O'Higgins,156.1
1999-11,Maule,161.5
1999-11,Biobío,168.2
1999-11,Araucanía,168.8
1999-11,Los Lagos,174.4
1999-11,Aysén,201.3
1999-11,Magallanes,166
1999-12,Metropolitana,158.27
1999-12,Tarapacá,177.2
1999-12,Antofagasta,177.7
1999-12,Atacama,169.4
1999-12,Coquimbo,166.7
1999-12,Valparaíso,167.4
1999-12,O'Higgins,157
1999-12,Maule,161.2
1999-12,Biobío,167.7
1999-12,Araucanía,168.8
1999-12,Los Lagos,174.4
1999-12,Aysén,201.3
1999-12,Magallanes,165.7
2000-01,Metropolitana,158.37
2000-01,Tarapacá,177.5
2000-01,Antofagasta,178.1
2000-01,Atacama,169.4
2000-01,Coquimbo,166.7
2000-01,Valparaíso,167.4
2000-01,O'Higgins,158.8
2000-01,Maule,161
2000-01,Biobío,167.7
2000-01,Araucanía,168.5
2000-01,Los Lagos,174.5
2000-01,Aysén,201.3
2000-01,Magallanes,165.7
2000-02,Metropolitana,158.14
2000-02,Tarapacá,177.5
2000-02,Antofagasta,177.6
2000-02,Atacama,169.4
2000-02,Coquimbo,165.4
2000-02,Valparaíso,192
2000-02,O'Higgins,157
2000-02,Maule,160.8
2000-02,Biobío,167.8
2000-02,Araucanía,168.8
2000-02,Los Lagos,174.3
2000-02,Aysén,201.3
2000-02,Magallanes,165.9
2000-03,Metropolitana,182.43
2000-03,Tarapacá,201.9
2000-03,Antofagasta,201.9
2000-03,Atacama,193.3
2000-03,Coquimbo,189.2
2000-03,Valparaíso,191.7
2000-03,O'Higgins,182.1
2000-03,Maule,183.3
2000-03,Biobío,181.6
2000-03,Araucanía,192.8
2000-03,Los Lagos,198.1
2000-03,Aysén,227
2000-03,Magallanes,189
2000-04,Metropolitana,197.75
2000-04,Tarapacá,201.9
2000-04,Antofagasta,201.9
2000-04,Atacama,208.7
2000-04,Coquimbo,188.8
2000-04,Valparaíso,207.1
2000-04,O'Higgins,183.5
2000-04,Maule,182.5
2000-04,Biobío,192.7
2000-04,Araucanía,192.6
2000-04,Los Lagos,198.1
2000-04,Aysén,227
2000-04,Magallanes,189.8
2000-05,Metropolitana,198.9
2000-05,Tarapacá,217.3
2000-05,Antofagasta,216.8
2000-05,Atacama,208.7
2000-05,Coquimbo,204.6
2000-05,Valparaíso,208
2000-05,O'Higgins,199.5
2000-05,Maule,204.7
2000-05,Biobío,208.9
2000-05,Araucanía,208.8
2000-05,Los Lagos,174.4
2000-05,Aysén,243
2000-05,Magallanes,204.3
2000-06,Metropolitana,199.25
2000-06,Tarapacá,217.3
2000-06,Antofagasta,216.4
2000-06,Atacama,207.1
2000-06,Coquimbo,205.3
2000-06,Valparaíso,207.5
2000-06,O'Higgins,199
2000-06,Maule,196.9
2000-06,Biobío,209.2
2000-06,Araucanía,208.6
2000-06,Los Lagos,214.3
2000-06,Aysén,243
2000-06,Magallanes,204.8
2000-07,Metropolitana,209.68
2000-07,Tarapacá,217.3
2000-07,Antofagasta,215.9
2000-07,Atacama,215.5
2000-07,Coquimbo,210.9
2000-07,Valparaíso,216.3
2000-07,O'Higgins,209.1
2000-07,Maule,208.9
2000-07,Biobío,205.3
2000-07,Araucanía,208.2
2000-07,Los Lagos,247.7
2000-07,Aysén,245
2000-07,Magallanes,214.8
2000-08,Metropolitana,214.83
2000-08,Tarapacá,229.6
2000-08,Antofagasta,229.8
2000-08,Atacama,223.6
2000-08,Coquimbo,220.2
2000-08,Valparaíso,220.1
2000-08,O'Higgins,217.7
2000-08,Maule,214.3
2000-08,Biobío,223.2
2000-08,Araucanía,222.3
2000-08,Los Lagos,226.8
2000-08,Aysén,251.2
2000-08,Magallanes,221.7
2000-09,Metropolitana,237.94
2000-09,Tarapacá,260
2000-09,Antofagasta,259.5
2000-09,Atacama,238.1
2000-09,Coquimbo,248.9
2000-09,Valparaíso,248.2
2000-09,O'Higgins,243.4
2000-09,Maule,243.2
2000-09,Biobío,236
2000-09,Araucanía,252.8
2000-09,Los Lagos,255.6
2000-09,Aysén,280.2
2000-09,Magallanes,260.4
2000-10,Metropolitana,261.55
2000-10,Tarapacá,280.7
2000-10,Antofagasta,280.2
2000-10,Atacama,279.1
2000-10,Coquimbo,271.2
2000-10,Valparaíso,268.6
2000-10,O'Higgins,262.1
2000-10,Maule,264.9
2000-10,Biobío,284.5
2000-10,Araucanía,273.7
2000-10,Los Lagos,276.8
2000-10,Aysén,302
2000-10,Magallanes,268.4
2000-11,Metropolitana,262.24
2000-11,Tarapacá,283.2
2000-11,Antofagasta,282.6
2000-11,Atacama,278.1
2000-11,Coquimbo,273.4
2000-11,Valparaíso,270.8
2000-11,O'Higgins,264.6
2000-11,Maule,267.8
2000-11,Biobío,274.2
2000-11,Araucanía,276.5
2000-11,Los Lagos,279.2
2000-11,Aysén,305
2000-11,Magallanes,272.1
2000-12,Metropolitana,269.85
2000-12,Tarapacá,303.1
2000-12,Antofagasta,282.6
2000-12,Atacama,299.9
2000-12,Coquimbo,294
2000-12,Valparaíso,283.2
2000-12,O'Higgins,279.1
2000-12,Maule,285
2000-12,Biobío,290.8
2000-12,Araucanía,293.4
2000-12,Los Lagos,281.5
2000-12,Aysén,323
2000-12,Magallanes,326.1
2001-01,Metropolitana,251.53
2001-01,Tarapacá,264.6
2001-01,Antofagasta,268.2
2001-01,Atacama,264.3
2001-01,Coquimbo,256.5
2001-01,Valparaíso,257.2
2001-01,O'Higgins,247.7
2001-01,Maule,250.7
2001-01,Biobío,259.8
2001-01,Araucanía,259.8
2001-01,Los Lagos,260.4
2001-01,Aysén,288
2001-01,Magallanes,253.3
2001-02,Metropolitana,258.56
2001-02,Tarapacá,276.9
2001-02,Antofagasta,278
2001-02,Atacama,275.2
2001-02,Coquimbo,265.9
2001-02,Valparaíso,264.8
2001-02,O'Higgins,259
2001-02,Maule,261.3
2001-02,Biobío,269.3
2001-02,Araucanía,270.8
2001-02,Los Lagos,273.2
2001-02,Aysén,302
2001-02,Magallanes,267.8
2001-03,Metropolitana,236.63
2001-03,Tarapacá,252
2001-03,Antofagasta,257.3
2001-03,Atacama,255.9
2001-03,Coquimbo,247.5
2001-03,Valparaíso,245
2001-03,O'Higgins,233.6
2001-03,Maule,242.6
2001-03,Biobío,250.6
2001-03,Araucanía,250.5
2001-03,Los Lagos,253
2001-03,Aysén,277
2001-03,Magallanes,242.5
2001-04,Metropolitana,233
2001-04,Tarapacá,251.9
2001-04,Antofagasta,252.4
2001-04,Atacama,250.6
2001-04,Coquimbo,243.8
2001-04,Valparaíso,243.7
2001-04,O'Higgins,237.6
2001-04,Maule,243
2001-04,Biobío,246
2001-04,Araucanía,246.1
2001-04,Los Lagos,253
2001-04,Aysén,283
2001-04,Magallanes,242.8
2001-05,Metropolitana,251.1
2001-05,Tarapacá,275.8
2001-05,Antofagasta,275.7
2001-05,Atacama,274.5
2001-05,Coquimbo,265.6
2001-05,Valparaíso,262.7
2001-05,O'Higgins,256.1
2001-05,Maule,260.3
2001-05,Biobío,267.1
2001-05,Araucanía,269.7
2001-05,Los Lagos,271.6
2001-05,Aysén,302
2001-05,Magallanes,266
2001-06,Metropolitana,254.19
2001-06,Tarapacá,280.6
2001-06,Antofagasta,277.6
2001-06,Atacama,278.8
2001-06,Coquimbo,269.4
2001-06,Valparaíso,264.8
2001-06,O'Higgins,260.3
2001-06,Maule,264.7
2001-06,Biobío,270.7
2001-06,Araucanía,275
2001-06,Los Lagos,274.5
2001-06,Aysén,308
2001-06,Magallanes,270.2
2001-07,Metropolitana,250.54
2001-07,Tarapacá,274.2
2001-07,Antofagasta,274.2
2001-07,Atacama,269.1
2001-07,Coquimbo,261.4
2001-07,Valparaíso,260.5
2001-07,O'Higgins,246.7
2001-07,Maule,259.4
2001-07,Biobío,267.8
2001-07,Araucanía,269.3
2001-07,Los Lagos,271.3
2001-07,Aysén,301
2001-07,Magallanes,264.3
2001-08,Metropolitana,250.31
2001-08,Tarapacá,276.6
2001-08,Antofagasta,275.5
2001-08,Atacama,268.7
2001-08,Coquimbo,260.6
2001-08,Valparaíso,260.2
2001-08,O'Higgins,252.8
2001-08,Maule,260
2001-08,Biobío,267.6
2001-08,Araucanía,269.6
2001-08,Los Lagos,276.2
2001-08,Aysén,302
2001-08,Magallanes,265.9
2001-09,Metropolitana,256.7
2001-09,Tarapacá,281.2
2001-09,Antofagasta,280.6
2001-09,Atacama,280
2001-09,Coquimbo,261.1
2001-09,Valparaíso,266
2001-09,O'Higgins,257.7
2001-09,Maule,265.6
2001-09,Biobío,273.8
2001-09,Araucanía,275
2001-09,Los Lagos,277.3
2001-09,Aysén,307
2001-09,Magallanes,270.1
2001-10,Metropolitana,265.78
2001-10,Tarapacá,289.2
2001-10,Antofagasta,287.5
2001-10,Atacama,280.5
2001-10,Coquimbo,270.8
2001-10,Valparaíso,272.1
2001-10,O'Higgins,266.6
2001-10,Maule,273
2001-10,Biobío,279.5
2001-10,Araucanía,282.7
2001-10,Los Lagos,285.6
2001-10,Aysén,315.8
2001-10,Magallanes,278.7
2001-11,Metropolitana,245.21
2001-11,Tarapacá,269
2001-11,Antofagasta,267.1
2001-11,Atacama,258.1
2001-11,Coquimbo,250.4
2001-11,Valparaíso,248.7
2001-11,O'Higgins,244.1
2001-11,Maule,251.8
2001-11,Biobío,258.1
2001-11,Araucanía,260.9
2001-11,Los Lagos,358.1
2001-11,Aysén,296
2001-11,Magallanes,257.9
2001-12,Metropolitana,229.58
2001-12,Tarapacá,250.5
2001-12,Antofagasta,249.1
2001-12,Atacama,238.8
2001-12,Coquimbo,232.5
2001-12,Valparaíso,230.5
2001-12,O'Higgins,226.6
2001-12,Maule,231.9
2001-12,Biobío,239.9
2001-12,Araucanía,242.5
2001-12,Los Lagos,245.9
2001-12,Aysén,277.2
2001-12,Magallanes,239.2
2002-01,Metropolitana,229.58
2002-01,Tarapacá,250.5
2002-01,Antofagasta,249.1
2002-01,Atacama,238.8
2002-01,Coquimbo,232.5
2002-01,Valparaíso,230.5
2002-01,O'Higgins,226.9
2002-01,Maule,231
2002-01,Biobío,239.7
2002-01,Araucanía,241.8
2002-01,Los Lagos,239.4
2002-01,Aysén,265
2002-01,Magallanes,236
2002-02,Metropolitana,222.12
2002-02,Tarapacá,244.7
2002-02,Antofagasta,243.5
2002-02,Atacama,233.8
2002-02,Coquimbo,226.3
2002-02,Valparaíso,225
2002-02,O'Higgins,221.3
2002-02,Maule,225.6
2002-02,Biobío,233.6
2002-02,Araucanía,233.4
2002-02,Los Lagos,241.7
2002-02,Aysén,259
2002-02,Magallanes,233.5
2002-03,Metropolitana,221.63
2002-03,Tarapacá,243.5
2002-03,Antofagasta,243.6
2002-03,Atacama,234.1
2002-03,Coquimbo,226.7
2002-03,Valparaíso,226.2
2002-03,O'Higgins,219.9
2002-03,Maule,226.3
2002-03,Biobío,239.7
2002-03,Araucanía,235.4
2002-03,Los Lagos,239.7
2002-03,Aysén,260
2002-03,Magallanes,233.9
2002-04,Metropolitana,237.5
2002-04,Tarapacá,257.2
2002-04,Antofagasta,259.4
2002-04,Atacama,247.7
2002-04,Coquimbo,239.6
2002-04,Valparaíso,242.7
2002-04,O'Higgins,236.3
2002-04,Maule,244.5
2002-04,Biobío,245.8
2002-04,Araucanía,251.4
2002-04,Los Lagos,256.5
2002-04,Aysén,276.3
2002-04,Magallanes,250
2002-05,Metropolitana,233.89
2002-05,Tarapacá,255.5
2002-05,Antofagasta,256.6
2002-05,Atacama,246.6
2002-05,Coquimbo,233.5
2002-05,Valparaíso,241
2002-05,O'Higgins,233.4
2002-05,Maule,242.1
2002-05,Biobío,243.5
2002-05,Araucanía,249.5
2002-05,Los Lagos,254.6
2002-05,Aysén,274.5
2002-05,Magallanes,245
2002-06,Metropolitana,227.72
2002-06,Tarapacá,260.5
2002-06,Antofagasta,265.2
2002-06,Atacama,254.7
2002-06,Coquimbo,243.4
2002-06,Valparaíso,248.3
2002-06,O'Higgins,237.9
2002-06,Maule,248.2
2002-06,Biobío,250.4
2002-06,Araucanía,254.7
2002-06,Los Lagos,258.9
2002-06,Aysén,283.7
2002-06,Magallanes,241.8
2002-07,Metropolitana,244.28
2002-07,Tarapacá,263.1
2002-07,Antofagasta,262.2
2002-07,Atacama,257.4
2002-07,Coquimbo,247.8
2002-07,Valparaíso,249.5
2002-07,O'Higgins,241.3
2002-07,Maule,248.2
2002-07,Biobío,250.1
2002-07,Araucanía,258.1
2002-07,Los Lagos,265.6
2002-07,Aysén,283.2
2002-07,Magallanes,247.5
2002-08,Metropolitana,258.6
2002-08,Tarapacá,274.3
2002-08,Antofagasta,284.6
2002-08,Atacama,276.8
2002-08,Coquimbo,263
2002-08,Valparaíso,267.2
2002-08,O'Higgins,260.6
2002-08,Maule,261.7
2002-08,Biobío,266.5
2002-08,Araucanía,271.8
2002-08,Los Lagos,278.7
2002-08,Aysén,300.3
2002-08,Magallanes,261
2002-09,Metropolitana,272.9
2002-09,Tarapacá,288.5
2002-09,Antofagasta,291.2
2002-09,Atacama,290.5
2002-09,Coquimbo,275.3
2002-09,Valparaíso,279.5
2002-09,O'Higgins,271.9
2002-09,Maule,275.3
2002-09,Biobío,278.5
2002-09,Araucanía,287.1
2002-09,Los Lagos,291.9
2002-09,Aysén,312.3
2002-09,Magallanes,275
2002-10,Metropolitana,290.03
2002-10,Tarapacá,305.6
2002-10,Antofagasta,314.7
2002-10,Atacama,306.6
2002-10,Coquimbo,292.5
2002-10,Valparaíso,297.5
2002-10,O'Higgins,289.9
2002-10,Maule,292.3
2002-10,Biobío,295.4
2002-10,Araucanía,302.4
2002-10,Los Lagos,308.8
2002-10,Aysén,329.6
2002-10,Magallanes,293.1
2002-11,Metropolitana,285.2
2002-11,Tarapacá,300.6
2002-11,Antofagasta,310.2
2002-11,Atacama,303.9
2002-11,Coquimbo,288.4
2002-11,Valparaíso,294.1
2002-11,O'Higgins,287
2002-11,Maule,291.2
2002-11,Biobío,289.6
2002-11,Araucanía,297.9
2002-11,Los Lagos,301.9
2002-11,Aysén,326.4
2002-11,Magallanes,289.9
2002-12,Metropolitana,274.09
2002-12,Tarapacá,277.8
2002-12,Antofagasta,282.6
2002-12,Atacama,277.4
2002-12,Coquimbo,267.2
2002-12,Valparaíso,268.2
2002-12,O'Higgins,262.1
2002-12,Maule,267.5
2002-12,Biobío,270.9
2002-12,Araucanía,272.7
2002-12,Los Lagos,291.1
2002-12,Aysén,296.4
2002-12,Magallanes,264.5
2003-01,Metropolitana,300.6
2003-01,Tarapacá,305.8
2003-01,Antofagasta,313.2
2003-01,Atacama,309.4
2003-01,Coquimbo,293.8
2003-01,Valparaíso,298.9
2003-01,O'Higgins,290.1
2003-01,Maule,294.1
2003-01,Biobío,294.1
2003-01,Araucanía,301.7
2003-01,Los Lagos,308.5
2003-01,Aysén,328.5
2003-01,Magallanes,294.3
2003-02,Metropolitana,324.65
2003-02,Tarapacá,330.1
2003-02,Antofagasta,336.3
2003-02,Atacama,327.6
2003-02,Coquimbo,322.4
2003-02,Valparaíso,322.3
2003-02,O'Higgins,315.2
2003-02,Maule,320.4
2003-02,Biobío,319.6
2003-02,Araucanía,323.7
2003-02,Los Lagos,342.2
2003-02,Aysén,353.9
2003-02,Magallanes,318.5
2003-03,Metropolitana,371.9
2003-03,Tarapacá,376.4
2003-03,Antofagasta,389.9
2003-03,Atacama,378.7
2003-03,Coquimbo,372
2003-03,Valparaíso,372.9
2003-03,O'Higgins,366.3
2003-03,Maule,370.3
2003-03,Biobío,370.3
2003-03,Araucanía,373.2
2003-03,Los Lagos,381.6
2003-03,Aysén,399
2003-03,Magallanes,364.9
2003-04,Metropolitana,304.05
2003-04,Tarapacá,291.1
2003-04,Antofagasta,322.4
2003-04,Atacama,315.8
2003-04,Coquimbo,306.4
2003-04,Valparaíso,306.4
2003-04,O'Higgins,298.3
2003-04,Maule,304.1
2003-04,Biobío,304.7
2003-04,Araucanía,310
2003-04,Los Lagos,312.5
2003-04,Aysén,333.7
2003-04,Magallanes,300.3
2003-05,Metropolitana,285.04
2003-05,Tarapacá,278.9
2003-05,Antofagasta,305.7
2003-05,Atacama,300.3
2003-05,Coquimbo,289.8
2003-05,Valparaíso,289.8
2003-05,O'Higgins,290.4
2003-05,Maule,292.2
2003-05,Biobío,289.1
2003-05,Araucanía,293.9
2003-05,Los Lagos,293.8
2003-05,Aysén,321.9
2003-05,Magallanes,286.8
2003-06,Metropolitana,285.96
2003-06,Tarapacá,278
2003-06,Antofagasta,304
2003-06,Atacama,297
2003-06,Coquimbo,288.5
2003-06,Valparaíso,287.5
2003-06,O'Higgins,285.7
2003-06,Maule,286.1
2003-06,Biobío,287.3
2003-06,Araucanía,289.3
2003-06,Los Lagos,288.3
2003-06,Aysén,315
2003-06,Magallanes,281
2003-07,Metropolitana,282.81
2003-07,Tarapacá,276.8
2003-07,Antofagasta,302.6
2003-07,Atacama,295.7
2003-07,Coquimbo,287.4
2003-07,Valparaíso,286.3
2003-07,O'Higgins,285.1
2003-07,Maule,285.1
2003-07,Biobío,287
2003-07,Araucanía,288.7
2003-07,Los Lagos,289.3
2003-07,Aysén,314
2003-07,Magallanes,278.9
2003-08,Metropolitana,296.14
2003-08,Tarapacá,290.8
2003-08,Antofagasta,316.6
2003-08,Atacama,307.5
2003-08,Coquimbo,301.2
2003-08,Valparaíso,304.3
2003-08,O'Higgins,297.7
2003-08,Maule,302.9
2003-08,Biobío,301
2003-08,Araucanía,307
2003-08,Los Lagos,303.9
2003-08,Aysén,332.5
2003-08,Magallanes,296.7
2003-09,Metropolitana,302.97
2003-09,Tarapacá,296.4
2003-09,Antofagasta,322.8
2003-09,Atacama,308.3
2003-09,Coquimbo,306.5
2003-09,Valparaíso,305.8
2003-09,O'Higgins,304.3
2003-09,Maule,305.2
2003-09,Biobío,306.1
2003-09,Araucanía,309.3
2003-09,Los Lagos,311.9
2003-09,Aysén,334.4
2003-09,Magallanes,298.6
2003-10,Metropolitana,270.38
2003-10,Tarapacá,266
2003-10,Antofagasta,288.3
2003-10,Atacama,276.7
2003-10,Coquimbo,272.4
2003-10,Valparaíso,271.4
2003-10,O'Higgins,269.3
2003-10,Maule,270.6
2003-10,Biobío,271.4
2003-10,Araucanía,276.3
2003-10,Los Lagos,277.2
2003-10,Aysén,299.9
2003-10,Magallanes,264.3
2003-11,Metropolitana,276
2003-11,Tarapacá,273.5
2003-11,Antofagasta,301.7
2003-11,Atacama,290.1
2003-11,Coquimbo,281.4
2003-11,Valparaíso,285.3
2003-11,O'Higgins,284.2
2003-11,Maule,283.6
2003-11,Biobío,283.1
2003-11,Araucanía,291.3
2003-11,Los Lagos,284.8
2003-11,Aysén,315.9
2003-11,Magallanes,280.5
2003-12,Metropolitana,283.41
2003-12,Tarapacá,276.1
2003-12,Antofagasta,303.8
2003-12,Atacama,291.1
2003-12,Coquimbo,288
2003-12,Valparaíso,285.5
2003-12,O'Higgins,283.8
2003-12,Maule,284.9
2003-12,Biobío,286.6
2003-12,Araucanía,291.3
2003-12,Los Lagos,292.8
2003-12,Aysén,315.8
2003-12,Magallanes,279.6
2004-01,Metropolitana,274.14
2004-01,Tarapacá,270.3
2004-01,Antofagasta,296.6
2004-01,Atacama,284.7
2004-01,Coquimbo,281.1
2004-01,Valparaíso,279.4
2004-01,O'Higgins,279.4
2004-01,Maule,279.6
2004-01,Biobío,280.4
2004-01,Araucanía,281
2004-01,Los Lagos,281.7
2004-01,Aysén,310.5
2004-01,Magallanes,274.9
2004-02,Metropolitana,301.56
2004-02,Tarapacá,275.9
2004-02,Antofagasta,306.3
2004-02,Atacama,310.6
2004-02,Coquimbo,310.1
2004-02,Valparaíso,306
2004-02,O'Higgins,293.1
2004-02,Maule,290.6
2004-02,Biobío,284.1
2004-02,Araucanía,301.9
2004-02,Los Lagos,314.6
2004-02,Aysén,334
2004-02,Magallanes,289.6
2004-03,Metropolitana,275.93
2004-03,Tarapacá,274.6
2004-03,Antofagasta,301.2
2004-03,Atacama,283.4
2004-03,Coquimbo,281.7
2004-03,Valparaíso,281.7
2004-03,O'Higgins,280.4
2004-03,Maule,277.6
2004-03,Biobío,279.1
2004-03,Araucanía,287.3
2004-03,Los Lagos,287.3
2004-03,Aysén,312.1
2004-03,Magallanes,275.6
2004-04,Metropolitana,291.06
2004-04,Tarapacá,291.4
2004-04,Antofagasta,314.6
2004-04,Atacama,293.8
2004-04,Coquimbo,297.5
2004-04,Valparaíso,295.1
2004-04,O'Higgins,291.9
2004-04,Maule,296
2004-04,Biobío,297.2
2004-04,Araucanía,299.3
2004-04,Los Lagos,302.2
2004-04,Aysén,327.2
2004-04,Magallanes,287.7
2004-05,Metropolitana,305.69
2004-05,Tarapacá,302
2004-05,Antofagasta,327.8
2004-05,Atacama,303.5
2004-05,Coquimbo,312.4
2004-05,Valparaíso,310.6
2004-05,O'Higgins,307.4
2004-05,Maule,277.1
2004-05,Biobío,311.3
2004-05,Araucanía,311.9
2004-05,Los Lagos,316.2
2004-05,Aysén,339
2004-05,Magallanes,303.1
2004-06,Metropolitana,332
2004-06,Tarapacá,329.2
2004-06,Antofagasta,353.4
2004-06,Atacama,327.6
2004-06,Coquimbo,338.2
2004-06,Valparaíso,335.8
2004-06,O'Higgins,333.1
2004-06,Maule,309.5
2004-06,Biobío,337.2
2004-06,Araucanía,339.3
2004-06,Los Lagos,342.2
2004-06,Aysén,364.9
2004-06,Magallanes,329.3
2004-07,Metropolitana,325.65
2004-07,Tarapacá,324.2
2004-07,Antofagasta,348.6
2004-07,Atacama,321.6
2004-07,Coquimbo,333.2
2004-07,Valparaíso,330.8
2004-07,O'Higgins,326.5
2004-07,Maule,318.1
2004-07,Biobío,332.1
2004-07,Araucanía,333.7
2004-07,Los Lagos,331.2
2004-07,Aysén,358.8
2004-07,Magallanes,324.3
2004-08,Metropolitana,345.85
2004-08,Tarapacá,335.4
2004-08,Antofagasta,358.4
2004-08,Atacama,331.1
2004-08,Coquimbo,347.6
2004-08,Valparaíso,341.9
2004-08,O'Higgins,338.2
2004-08,Maule,333.5
2004-08,Biobío,343.1
2004-08,Araucanía,345.5
2004-08,Los Lagos,352.1
2004-08,Aysén,368.4
2004-08,Magallanes,335.7
2004-09,Metropolitana,363.98
2004-09,Tarapacá,361.2
2004-09,Antofagasta,385.6
2004-09,Atacama,361.3
2004-09,Coquimbo,369.9
2004-09,Valparaíso,368
2004-09,O'Higgins,364
2004-09,Maule,362
2004-09,Biobío,369.2
2004-09,Araucanía,371
2004-09,Los Lagos,374.2
2004-09,Aysén,396.2
2004-09,Magallanes,361.3
2004-10,Metropolitana,384.23
2004-10,Tarapacá,361.3
2004-10,Antofagasta,383.7
2004-10,Atacama,366.1
2004-10,Coquimbo,387.9
2004-10,Valparaíso,365.3
2004-10,O'Higgins,361.7
2004-10,Maule,360
2004-10,Biobío,367.3
2004-10,Araucanía,369.1
2004-10,Los Lagos,392.3
2004-10,Aysén,414.2
2004-10,Magallanes,360.3
2004-11,Metropolitana,428.48
2004-11,Tarapacá,415.1
2004-11,Antofagasta,447.5
2004-11,Atacama,423.8
2004-11,Coquimbo,429.2
2004-11,Valparaíso,419.9
2004-11,O'Higgins,427.3
2004-11,Maule,419.6
2004-11,Biobío,424.4
2004-11,Araucanía,434.5
2004-11,Los Lagos,436.2
2004-11,Aysén,458.2
2004-11,Magallanes,417.2
2004-12,Metropolitana,375.74
2004-12,Tarapacá,371.2
2004-12,Antofagasta,396.1
2004-12,Atacama,377.8
2004-12,Coquimbo,386.7
2004-12,Valparaíso,377.4
2004-12,O'Higgins,376.7
2004-12,Maule,373
2004-12,Biobío,378.9
2004-12,Araucanía,383.2
2004-12,Los Lagos,384.1
2004-12,Aysén,406.2
2004-12,Magallanes,370.7
2005-01,Metropolitana,353.5
2005-01,Tarapacá,347.7
2005-01,Antofagasta,371.3
2005-01,Atacama,352.2
2005-01,Coquimbo,357.8
2005-01,Valparaíso,353.7
2005-01,O'Higgins,354.4
2005-01,Maule,350.1
2005-01,Biobío,353.6
2005-01,Araucanía,360.5
2005-01,Los Lagos,361.2
2005-01,Aysén,380.8
2005-01,Magallanes,347.8
2005-02,Metropolitana,370
2005-02,Tarapacá,368.5
2005-02,Antofagasta,390.2
2005-02,Atacama,370.6
2005-02,Coquimbo,374.6
2005-02,Valparaíso,372.8
2005-02,O'Higgins,371.1
2005-02,Maule,367
2005-02,Biobío,373.1
2005-02,Araucanía,377
2005-02,Los Lagos,378.2
2005-02,Aysén,401.2
2005-02,Magallanes,366.1
2005-03,Metropolitana,357.33
2005-03,Tarapacá,357.5
2005-03,Antofagasta,383.2
2005-03,Atacama,365
2005-03,Coquimbo,367.1
2005-03,Valparaíso,364.1
2005-03,O'Higgins,364.2
2005-03,Maule,359.7
2005-03,Biobío,366.2
2005-03,Araucanía,370.1
2005-03,Los Lagos,371.3
2005-03,Aysén,394.2
2005-03,Magallanes,358.7
2005-04,Metropolitana,415.47
2005-04,Tarapacá,415.4
2005-04,Antofagasta,440
2005-04,Atacama,423
2005-04,Coquimbo,423.9
2005-04,Valparaíso,421.3
2005-04,O'Higgins,420.9
2005-04,Maule,413.6
2005-04,Biobío,423.3
2005-04,Araucanía,427
2005-04,Los Lagos,428.2
2005-04,Aysén,451.2
2005-04,Magallanes,415.9
2005-05,Metropolitana,402.97
2005-05,Tarapacá,403.4
2005-05,Antofagasta,422.6
2005-05,Atacama,402.9
2005-05,Coquimbo,411.3
2005-05,Valparaíso,409.5
2005-05,O'Higgins,408.5
2005-05,Maule,387.3
2005-05,Biobío,406.9
2005-05,Araucanía,415
2005-05,Los Lagos,416.3
2005-05,Aysén,439.2
2005-05,Magallanes,403.7
2005-06,Metropolitana,378.94
2005-06,Tarapacá,376.3
2005-06,Antofagasta,400.8
2005-06,Atacama,382.8
2005-06,Coquimbo,369.9
2005-06,Valparaíso,380.8
2005-06,O'Higgins,382.9
2005-06,Maule,364
2005-06,Biobío,384.4
2005-06,Araucanía,387.4
2005-06,Los Lagos,389.3
2005-06,Aysén,412.2
2005-06,Magallanes,377.1
2005-07,Metropolitana,417.11
2005-07,Tarapacá,415.2
2005-07,Antofagasta,435.2
2005-07,Atacama,423.1
2005-07,Coquimbo,403.4
2005-07,Valparaíso,420.7
2005-07,O'Higgins,421.2
2005-07,Maule,406.3
2005-07,Biobío,423.2
2005-07,Araucanía,427.3
2005-07,Los Lagos,423.3
2005-07,Aysén,444.2
2005-07,Magallanes,416.5
2005-08,Metropolitana,403.83
2005-08,Tarapacá,409.8
2005-08,Antofagasta,427
2005-08,Atacama,415.9
2005-08,Coquimbo,397.4
2005-08,Valparaíso,413.7
2005-08,O'Higgins,416.3
2005-08,Maule,403.8
2005-08,Biobío,418.7
2005-08,Araucanía,417.6
2005-08,Los Lagos,415.1
2005-08,Aysén,441
2005-08,Magallanes,413.8
2005-09,Metropolitana,430.27
2005-09,Tarapacá,433.4
2005-09,Antofagasta,452.8
2005-09,Atacama,439.7
2005-09,Coquimbo,422.9
2005-09,Valparaíso,436.3
2005-09,O'Higgins,439.2
2005-09,Maule,421
2005-09,Biobío,442.4
2005-09,Araucanía,442.3
2005-09,Los Lagos,441.3
2005-09,Aysén,462.2
2005-09,Magallanes,433.6
2005-10,Metropolitana,429.75
2005-10,Tarapacá,433.1
2005-10,Antofagasta,452.8
2005-10,Atacama,439.6
2005-10,Coquimbo,428.1
2005-10,Valparaíso,436.3
2005-10,O'Higgins,438
2005-10,Maule,424.8
2005-10,Biobío,442.8
2005-10,Araucanía,442.2
2005-10,Los Lagos,443.3
2005-10,Aysén,462.2
2005-10,Magallanes,433.5
2005-11,Metropolitana,429.68
2005-11,Tarapacá,433.1
2005-11,Antofagasta,452.7
2005-11,Atacama,439.7
2005-11,Coquimbo,430.9
2005-11,Valparaíso,436.2
2005-11,O'Higgins,439
2005-11,Maule,427
2005-11,Biobío,442.8
2005-11,Araucanía,443.3
2005-11,Los Lagos,441.1
2005-11,Aysén,462.2
2005-11,Magallanes,433.5
2005-12,Metropolitana,389.52
2005-12,Tarapacá,392.3
2005-12,Antofagasta,411.6
2005-12,Atacama,400.3
2005-12,Coquimbo,390.4
2005-12,Valparaíso,396.1
2005-12,O'Higgins,398
2005-12,Maule,386
2005-12,Biobío,401.8
2005-12,Araucanía,402.5
2005-12,Los Lagos,400.1
2005-12,Aysén,421.2
2005-12,Magallanes,393
2006-01,Metropolitana,398.61
2006-01,Tarapacá,403.5
2006-01,Antofagasta,422.5
2006-01,Atacama,410.1
2006-01,Coquimbo,399.9
2006-01,Valparaíso,402.4
2006-01,O'Higgins,410.2
2006-01,Maule,397.6
2006-01,Biobío,412.1
2006-01,Araucanía,413.2
2006-01,Los Lagos,409
2006-01,Aysén,433.2
2006-01,Magallanes,404.2
2006-02,Metropolitana,424.8
2006-02,Tarapacá,422.5
2006-02,Antofagasta,449
2006-02,Atacama,435.8
2006-02,Coquimbo,426.9
2006-02,Valparaíso,431
2006-02,O'Higgins,435.2
2006-02,Maule,423
2006-02,Biobío,439.6
2006-02,Araucanía,439.3
2006-02,Los Lagos,437
2006-02,Aysén,438
2006-02,Magallanes,425.7
2006-03,Metropolitana,407.75
2006-03,Tarapacá,411.2
2006-03,Antofagasta,430.8
2006-03,Atacama,417.9
2006-03,Coquimbo,411.9
2006-03,Valparaíso,412.6
2006-03,O'Higgins,417.2
2006-03,Maule,404.6
2006-03,Biobío,421.5
2006-03,Araucanía,421.3
2006-03,Los Lagos,419
2006-03,Aysén,440.2
2006-03,Magallanes,408.7
2006-04,Metropolitana,430.41
2006-04,Tarapacá,417.9
2006-04,Antofagasta,452.8
2006-04,Atacama,440.8
2006-04,Coquimbo,431.5
2006-04,Valparaíso,433
2006-04,O'Higgins,439.9
2006-04,Maule,428.3
2006-04,Biobío,443.4
2006-04,Araucanía,443.8
2006-04,Los Lagos,442
2006-04,Aysén,464.2
2006-04,Magallanes,431.5
2006-05,Metropolitana,453.41
2006-05,Tarapacá,448.7
2006-05,Antofagasta,476.5
2006-05,Atacama,465.7
2006-05,Coquimbo,459.9
2006-05,Valparaíso,464.3
2006-05,O'Higgins,466.6
2006-05,Maule,456
2006-05,Biobío,470
2006-05,Araucanía,472.2
2006-05,Los Lagos,471.5
2006-05,Aysén,490.9
2006-05,Magallanes,457.4
2006-06,Metropolitana,462.42
2006-06,Tarapacá,457.5
2006-06,Antofagasta,487.1
2006-06,Atacama,474.1
2006-06,Coquimbo,464.9
2006-06,Valparaíso,467.6
2006-06,O'Higgins,472.7
2006-06,Maule,460.8
2006-06,Biobío,476.4
2006-06,Araucanía,477.3
2006-06,Los Lagos,476.5
2006-06,Aysén,496.2
2006-06,Magallanes,463.8
2006-07,Metropolitana,479.79
2006-07,Tarapacá,481.8
2006-07,Antofagasta,504.3
2006-07,Atacama,489.7
2006-07,Coquimbo,482.8
2006-07,Valparaíso,483.4
2006-07,O'Higgins,489.7
2006-07,Maule,477.8
2006-07,Biobío,493
2006-07,Araucanía,494.2
2006-07,Los Lagos,493.2
2006-07,Aysén,505.2
2006-07,Magallanes,482.7
2006-08,Metropolitana,487.28
2006-08,Tarapacá,490.4
2006-08,Antofagasta,507.1
2006-08,Atacama,498.4
2006-08,Coquimbo,490.3
2006-08,Valparaíso,491.6
2006-08,O'Higgins,497.2
2006-08,Maule,485.8
2006-08,Biobío,501
2006-08,Araucanía,502.7
2006-08,Los Lagos,501
2006-08,Aysén,513.2
2006-08,Magallanes,491.2
2006-09,Metropolitana,494.49
2006-09,Tarapacá,500.4
2006-09,Antofagasta,516.9
2006-09,Atacama,515.9
2006-09,Coquimbo,496.7
2006-09,Valparaíso,501.2
2006-09,O'Higgins,507
2006-09,Maule,495.8
2006-09,Biobío,506.6
2006-09,Araucanía,508
2006-09,Los Lagos,511
2006-09,Aysén,523
2006-09,Magallanes,500.3
2006-10,Metropolitana,441.92
2006-10,Tarapacá,446.6
2006-10,Antofagasta,463.3
2006-10,Atacama,455.6
2006-10,Coquimbo,446.5
2006-10,Valparaíso,447.8
2006-10,O'Higgins,454.8
2006-10,Maule,440.6
2006-10,Biobío,457.7
2006-10,Araucanía,457.7
2006-10,Los Lagos,457.5
2006-10,Aysén,469.2
2006-10,Magallanes,446.6
2006-11,Metropolitana,427.86
2006-11,Tarapacá,435.1
2006-11,Antofagasta,451.6
2006-11,Atacama,443.3
2006-11,Coquimbo,435.1
2006-11,Valparaíso,434.8
2006-11,O'Higgins,442.1
2006-11,Maule,430.7
2006-11,Biobío,446.1
2006-11,Araucanía,446.6
2006-11,Los Lagos,446
2006-11,Aysén,458.2
2006-11,Magallanes,435
2006-12,Metropolitana,426.95
2006-12,Tarapacá,433.3
2006-12,Antofagasta,450.6
2006-12,Atacama,442.3
2006-12,Coquimbo,433.5
2006-12,Valparaíso,434.2
2006-12,O'Higgins,441.4
2006-12,Maule,429.9
2006-12,Biobío,444.2
2006-12,Araucanía,446.1
2006-12,Los Lagos,446.5
2006-12,Aysén,457.6
2006-12,Magallanes,434.1
2007-01,Metropolitana,428.14
2007-01,Tarapacá,437.3
2007-01,Antofagasta,453.7
2007-01,Atacama,445.4
2007-01,Coquimbo,437.9
2007-01,Valparaíso,437.3
2007-01,O'Higgins,444.2
2007-01,Maule,432.8
2007-01,Biobío,448.4
2007-01,Araucanía,450.8
2007-01,Los Lagos,449.4
2007-01,Aysén,460.2
2007-01,Magallanes,437.5
2007-02,Metropolitana,416.97
2007-02,Tarapacá,426.4
2007-02,Antofagasta,443.3
2007-02,Atacama,434.4
2007-02,Coquimbo,426.1
2007-02,Valparaíso,428.1
2007-02,O'Higgins,432.3
2007-02,Maule,421.9
2007-02,Biobío,437.2
2007-02,Araucanía,438.1
2007-02,Los Lagos,440
2007-02,Aysén,449.2
2007-02,Magallanes,426.3
2007-03,Metropolitana,416.9
2007-03,Tarapacá,428.1
2007-03,Antofagasta,443.2
2007-03,Atacama,435.2
2007-03,Coquimbo,427.5
2007-03,Valparaíso,428.5
2007-03,O'Higgins,433.3
2007-03,Maule,422.4
2007-03,Biobío,438.6
2007-03,Araucanía,438.1
2007-03,Los Lagos,444.5
2007-03,Aysén,464.2
2007-03,Magallanes,427.8
2007-04,Metropolitana,440.38
2007-04,Tarapacá,450.1
2007-04,Antofagasta,466.3
2007-04,Atacama,457
2007-04,Coquimbo,449.1
2007-04,Valparaíso,449.1
2007-04,O'Higgins,455.5
2007-04,Maule,444.8
2007-04,Biobío,460.2
2007-04,Araucanía,461.4
2007-04,Los Lagos,463
2007-04,Aysén,472.2
2007-04,Magallanes,449
2007-05,Metropolitana,457.14
2007-05,Tarapacá,467.1
2007-05,Antofagasta,483.2
2007-05,Atacama,474
2007-05,Coquimbo,465.9
2007-05,Valparaíso,466.6
2007-05,O'Higgins,472.5
2007-05,Maule,461.7
2007-05,Biobío,477.4
2007-05,Araucanía,478.3
2007-05,Los Lagos,480
2007-05,Aysén,489.2
2007-05,Magallanes,465.3
2007-06,Metropolitana,466.47
2007-06,Tarapacá,473.3
2007-06,Antofagasta,480.9
2007-06,Atacama,484.1
2007-06,Coquimbo,476.9
2007-06,Valparaíso,476.5
2007-06,O'Higgins,482.6
2007-06,Maule,471.7
2007-06,Biobío,487.4
2007-06,Araucanía,488.8
2007-06,Los Lagos,490
2007-06,Aysén,499.2
2007-06,Magallanes,476.3
2007-07,Metropolitana,473.91
2007-07,Tarapacá,485.4
2007-07,Antofagasta,496.6
2007-07,Atacama,491.2
2007-07,Coquimbo,483.9
2007-07,Valparaíso,482.9
2007-07,O'Higgins,489.6
2007-07,Maule,478.7
2007-07,Biobío,494.1
2007-07,Araucanía,496.6
2007-07,Los Lagos,497
2007-07,Aysén,506.4
2007-07,Magallanes,483.3
2007-08,Metropolitana,476.13
2007-08,Tarapacá,479.9
2007-08,Antofagasta,493.9
2007-08,Atacama,490.2
2007-08,Coquimbo,482.9
2007-08,Valparaíso,482.3
2007-08,O'Higgins,489.2
2007-08,Maule,477.2
2007-08,Biobío,492.9
2007-08,Araucanía,495.4
2007-08,Los Lagos,496
2007-08,Aysén,505.3
2007-08,Magallanes,482.3
2007-09,Metropolitana,468.85
2007-09,Tarapacá,483.3
2007-09,Antofagasta,484.7
2007-09,Atacama,484
2007-09,Coquimbo,477.1
2007-09,Valparaíso,475.3
2007-09,O'Higgins,482.6
2007-09,Maule,471.1
2007-09,Biobío,486.9
2007-09,Araucanía,489
2007-09,Los Lagos,490.3
2007-09,Aysén,499.2
2007-09,Magallanes,476.6
2007-10,Metropolitana,469.21
2007-10,Tarapacá,485.2
2007-10,Antofagasta,485.2
2007-10,Atacama,485.3
2007-10,Coquimbo,477.9
2007-10,Valparaíso,476
2007-10,O'Higgins,483.5
2007-10,Maule,470.9
2007-10,Biobío,487.8
2007-10,Araucanía,490.4
2007-10,Los Lagos,491.1
2007-10,Aysén,500.2
2007-10,Magallanes,477
2007-11,Metropolitana,468.1
2007-11,Tarapacá,484.5
2007-11,Antofagasta,484.6
2007-11,Atacama,486.6
2007-11,Coquimbo,477.4
2007-11,Valparaíso,477.4
2007-11,O'Higgins,483.6
2007-11,Maule,473.7
2007-11,Biobío,487.8
2007-11,Araucanía,489.2
2007-11,Los Lagos,490.1
2007-11,Aysén,499.2
2007-11,Magallanes,476.6
2007-12,Metropolitana,522.15
2007-12,Tarapacá,548
2007-12,Antofagasta,556.1
2007-12,Atacama,549
2007-12,Coquimbo,540.9
2007-12,Valparaíso,539.2
2007-12,O'Higgins,546.7
2007-12,Maule,537.7
2007-12,Biobío,551.6
2007-12,Araucanía,553.1
2007-12,Los Lagos,554
2007-12,Aysén,563.2
2007-12,Magallanes,540.7
2008-01,Metropolitana,522.15
2008-01,Tarapacá,538.9
2008-01,Antofagasta,541.1
2008-01,Atacama,537.5
2008-01,Coquimbo,535.1
2008-01,Valparaíso,529.9
2008-01,O'Higgins,537.5
2008-01,Maule,525.9
2008-01,Biobío,540.7
2008-01,Araucanía,548.7
2008-01,Los Lagos,550.1
2008-01,Aysén,551.2
2008-01,Magallanes,529.8
2008-02,Metropolitana,490.84
2008-02,Tarapacá,519.3
2008-02,Antofagasta,509
2008-02,Atacama,509.1
2008-02,Coquimbo,501.4
2008-02,Valparaíso,499.2
2008-02,O'Higgins,508.4
2008-02,Maule,498.6
2008-02,Biobío,512.6
2008-02,Araucanía,514.4
2008-02,Los Lagos,514.4
2008-02,Aysén,524.2
2008-02,Magallanes,501.5
2008-03,Metropolitana,500.88
2008-03,Tarapacá,514
2008-03,Antofagasta,521.5
2008-03,Atacama,523.2
2008-03,Coquimbo,517
2008-03,Valparaíso,513.4
2008-03,O'Higgins,521.9
2008-03,Maule,512.8
2008-03,Biobío,526.8
2008-03,Araucanía,528.3
2008-03,Los Lagos,527.3
2008-03,Aysén,535.7
2008-03,Magallanes,516
2008-04,Metropolitana,513.57
2008-04,Arica y Parinacota,505.9
2008-04,Tarapacá,531.6
2008-04,Antofagasta,529.1
2008-04,Atacama,534.1
2008-04,Coquimbo,526.2
2008-04,Valparaíso,522.9
2008-04,O'Higgins,530.7
2008-04,Maule,522.2
2008-04,Biobío,533.2
2008-04,Araucanía,538.3
2008-04,Los Ríos,540.4
2008-04,Los Lagos,533.5
2008-04,Aysén,547
2008-04,Magallanes,525.7
2008-05,Metropolitana,544.92
2008-05,Arica y Parinacota,545.6
2008-05,Tarapacá,567.4
2008-05,Antofagasta,568.6
2008-05,Atacama,568
2008-05,Coquimbo,561.4
2008-05,Valparaíso,556.9
2008-05,O'Higgins,566.3
2008-05,Maule,557.9
2008-05,Biobío,571.4
2008-05,Araucanía,573.6
2008-05,Los Ríos,575.3
2008-05,Los Lagos,573.9
2008-05,Aysén,581
2008-05,Magallanes,561
2008-06,Metropolitana,620.31
2008-06,Arica y Parinacota,660.7
2008-06,Tarapacá,641.9
2008-06,Antofagasta,643
2008-06,Atacama,644
2008-06,Coquimbo,637.2
2008-06,Valparaíso,634.8
2008-06,O'Higgins,642.6
2008-06,Maule,633.6
2008-06,Biobío,647.8
2008-06,Araucanía,649
2008-06,Los Ríos,651.6
2008-06,Los Lagos,650.3
2008-06,Aysén,657
2008-06,Magallanes,637.1
2008-07,Metropolitana,652.77
2008-07,Arica y Parinacota,653.6
2008-07,Tarapacá,666.5
2008-07,Antofagasta,673
2008-07,Atacama,674.2
2008-07,Coquimbo,667.5
2008-07,Valparaíso,655
2008-07,O'Higgins,673
2008-07,Maule,663.9
2008-07,Biobío,677.8
2008-07,Araucanía,680.7
2008-07,Los Ríos,682
2008-07,Los Lagos,680.3
2008-07,Aysén,687
2008-07,Magallanes,667.3
2008-08,Metropolitana,691.06
2008-08,Arica y Parinacota,694.6
2008-08,Tarapacá,710.4
2008-08,Antofagasta,714.7
2008-08,Atacama,715.1
2008-08,Coquimbo,707.6
2008-08,Valparaíso,706.2
2008-08,O'Higgins,713.2
2008-08,Maule,705.1
2008-08,Biobío,719.8
2008-08,Araucanía,719.9
2008-08,Los Ríos,722.8
2008-08,Los Lagos,721
2008-08,Aysén,728
2008-08,Magallanes,708.2
2008-09,Metropolitana,663.9
2008-09,Arica y Parinacota,663.6
2008-09,Tarapacá,678.6
2008-09,Antofagasta,684.6
2008-09,Atacama,685.2
2008-09,Coquimbo,679.6
2008-09,Valparaíso,678.9
2008-09,O'Higgins,682.9
2008-09,Maule,668.8
2008-09,Biobío,688.8
2008-09,Araucanía,691.1
2008-09,Los Ríos,692.3
2008-09,Los Lagos,690.8
2008-09,Aysén,697
2008-09,Magallanes,677.5
2008-10,Metropolitana,662.72
2008-10,Arica y Parinacota,670.4
2008-10,Tarapacá,693.8
2008-10,Antofagasta,692.6
2008-10,Atacama,689
2008-10,Coquimbo,697.3
2008-10,Valparaíso,676.7
2008-10,O'Higgins,682.8
2008-10,Maule,675.3
2008-10,Biobío,692.4
2008-10,Araucanía,714.5
2008-10,Los Ríos,696.7
2008-10,Los Lagos,677.8
2008-10,Aysén,709
2008-10,Magallanes,677.4
2008-11,Metropolitana,688.54
2008-11,Arica y Parinacota,689.6
2008-11,Tarapacá,704.5
2008-11,Antofagasta,711.6
2008-11,Atacama,711.4
2008-11,Coquimbo,704.6
2008-11,Valparaíso,695.9
2008-11,O'Higgins,708.7
2008-11,Maule,696.9
2008-11,Biobío,715
2008-11,Araucanía,716.3
2008-11,Los Ríos,733.2
2008-11,Los Lagos,732.3
2008-11,Aysén,723
2008-11,Magallanes,703.8
2008-12,Metropolitana,596.06
2008-12,Arica y Parinacota,595.6
2008-12,Tarapacá,610.3
2008-12,Antofagasta,616.8
2008-12,Atacama,617.3
2008-12,Coquimbo,610.5
2008-12,Valparaíso,606.5
2008-12,O'Higgins,614.7
2008-12,Maule,604.9
2008-12,Biobío,620.8
2008-12,Araucanía,625
2008-12,Los Ríos,635.4
2008-12,Los Lagos,640.1
2008-12,Aysén,629
2008-12,Magallanes,607.6
2009-01,Metropolitana,431.2
2009-01,Arica y Parinacota,435
2009-01,Tarapacá,459.3
2009-01,Antofagasta,456.2
2009-01,Atacama,458.4
2009-01,Coquimbo,450.2
2009-01,Valparaíso,449.5
2009-01,O'Higgins,459.1
2009-01,Maule,451.1
2009-01,Biobío,459
2009-01,Araucanía,463.4
2009-01,Los Ríos,476.1
2009-01,Los Lagos,478.3
2009-01,Aysén,467
2009-01,Magallanes,454.6
2009-02,Metropolitana,427.55
2009-02,Arica y Parinacota,425.4
2009-02,Tarapacá,440.4
2009-02,Antofagasta,447.6
2009-02,Atacama,446.4
2009-02,Coquimbo,440.1
2009-02,Valparaíso,430.1
2009-02,O'Higgins,435.6
2009-02,Maule,435.4
2009-02,Biobío,449.8
2009-02,Araucanía,455.3
2009-02,Los Ríos,465.6
2009-02,Los Lagos,470.2
2009-02,Aysén,459
2009-02,Magallanes,438.7
2009-03,Metropolitana,401.61
2009-03,Arica y Parinacota,381.7
2009-03,Tarapacá,397.2
2009-03,Antofagasta,399.8
2009-03,Atacama,408.4
2009-03,Coquimbo,400.4
2009-03,Valparaíso,387.1
2009-03,O'Higgins,404.3
2009-03,Maule,391.3
2009-03,Biobío,404.8
2009-03,Araucanía,411.3
2009-03,Los Ríos,430
2009-03,Los Lagos,422.2
2009-03,Aysén,425.2
2009-03,Magallanes,403.6
2009-04,Metropolitana,390.52
2009-04,Arica y Parinacota,373.8
2009-04,Tarapacá,377.7
2009-04,Antofagasta,383.6
2009-04,Atacama,384.3
2009-04,Coquimbo,377.4
2009-04,Valparaíso,369.6
2009-04,O'Higgins,401.8
2009-04,Maule,371.8
2009-04,Biobío,388.7
2009-04,Araucanía,392.4
2009-04,Los Ríos,430
2009-04,Los Lagos,407.1
2009-04,Aysén,396
2009-04,Magallanes,376.2
2009-05,Metropolitana,413.36
2009-05,Arica y Parinacota,414.8
2009-05,Tarapacá,417.4
2009-05,Antofagasta,423.9
2009-05,Atacama,423.4
2009-05,Coquimbo,417.8
2009-05,Valparaíso,405.6
2009-05,O'Higgins,427.5
2009-05,Maule,415.8
2009-05,Biobío,431.6
2009-05,Araucanía,436.3
2009-05,Los Ríos,446.6
2009-05,Los Lagos,451.3
2009-05,Aysén,436
2009-05,Magallanes,416.1
2009-06,Metropolitana,404.13
2009-06,Arica y Parinacota,396.5
2009-06,Tarapacá,408.5
2009-06,Antofagasta,415.9
2009-06,Atacama,414.4
2009-06,Coquimbo,405.5
2009-06,Valparaíso,398.5
2009-06,O'Higgins,421
2009-06,Maule,406.8
2009-06,Biobío,422.9
2009-06,Araucanía,427.2
2009-06,Los Ríos,437.5
2009-06,Los Lagos,441.9
2009-06,Aysén,427
2009-06,Magallanes,411.5
2009-07,Metropolitana,421.98
2009-07,Arica y Parinacota,411
2009-07,Tarapacá,427
2009-07,Antofagasta,434.6
2009-07,Atacama,432.3
2009-07,Coquimbo,427.5
2009-07,Valparaíso,417.4
2009-07,O'Higgins,438.2
2009-07,Maule,425.7
2009-07,Biobío,441.8
2009-07,Araucanía,445.9
2009-07,Los Ríos,456.5
2009-07,Los Lagos,461.1
2009-07,Aysén,442
2009-07,Magallanes,426.5
2009-08,Metropolitana,414.46
2009-08,Arica y Parinacota,410.4
2009-08,Tarapacá,422.5
2009-08,Antofagasta,428.3
2009-08,Atacama,426.9
2009-08,Coquimbo,422.6
2009-08,Valparaíso,411.8
2009-08,O'Higgins,433.3
2009-08,Maule,420.8
2009-08,Biobío,436.7
2009-08,Araucanía,441.3
2009-08,Los Ríos,451.6
2009-08,Los Lagos,456.3
2009-08,Aysén,442
2009-08,Magallanes,421.5
2009-09,Metropolitana,448.58
2009-09,Arica y Parinacota,444.4
2009-09,Tarapacá,456.7
2009-09,Antofagasta,463.3
2009-09,Atacama,461.2
2009-09,Coquimbo,456.5
2009-09,Valparaíso,447.5
2009-09,O'Higgins,467.8
2009-09,Maule,455.1
2009-09,Biobío,471.1
2009-09,Araucanía,475.8
2009-09,Los Ríos,485.9
2009-09,Los Lagos,490.4
2009-09,Aysén,476
2009-09,Magallanes,459.9
2009-10,Metropolitana,443.14
2009-10,Arica y Parinacota,438.6
2009-10,Tarapacá,449
2009-10,Antofagasta,457
2009-10,Atacama,453.6
2009-10,Coquimbo,452.6
2009-10,Valparaíso,442.5
2009-10,O'Higgins,462.6
2009-10,Maule,449.5
2009-10,Biobío,465.9
2009-10,Araucanía,470.1
2009-10,Los Ríos,480.7
2009-10,Los Lagos,484.3
2009-10,Aysén,470.7
2009-10,Magallanes,450.8
2009-11,Metropolitana,454.04
2009-11,Arica y Parinacota,450.6
2009-11,Tarapacá,460.8
2009-11,Antofagasta,468.4
2009-11,Atacama,461.8
2009-11,Coquimbo,462.6
2009-11,Valparaíso,455.6
2009-11,O'Higgins,473.3
2009-11,Maule,461.1
2009-11,Biobío,477.3
2009-11,Araucanía,481.4
2009-11,Los Ríos,491.4
2009-11,Los Lagos,496.3
2009-11,Aysén,482
2009-11,Magallanes,462.3
2009-12,Metropolitana,444.98
2009-12,Arica y Parinacota,441.7
2009-12,Tarapacá,451
2009-12,Antofagasta,460.8
2009-12,Atacama,451.8
2009-12,Coquimbo,454.4
2009-12,Valparaíso,441.9
2009-12,O'Higgins,462.7
2009-12,Maule,449.8
2009-12,Biobío,466.8
2009-12,Araucanía,470.2
2009-12,Los Ríos,481.1
2009-12,Los Lagos,485.9
2009-12,Aysén,471.5
2009-12,Magallanes,452.1
2010-01,Metropolitana,443.94
2010-01,Arica y Parinacota,446.3
2010-01,Tarapacá,454.1
2010-01,Antofagasta,463.1
2010-01,Atacama,456.5
2010-01,Coquimbo,458.2
2010-01,Valparaíso,443.8
2010-01,O'Higgins,463.9
2010-01,Maule,451.7
2010-01,Biobío,468.3
2010-01,Araucanía,472.1
2010-01,Los Ríos,482.5
2010-01,Los Lagos,487.7
2010-01,Aysén,476
2010-01,Magallanes,454.3
2010-02,Metropolitana,470.21
2010-02,Arica y Parinacota,475.4
2010-02,Tarapacá,483.2
2010-02,Antofagasta,493.8
2010-02,Atacama,485.9
2010-02,Coquimbo,487.6
2010-02,Valparaíso,472.4
2010-02,O'Higgins,498.9
2010-02,Maule,480.8
2010-02,Biobío,497.3
2010-02,Araucanía,501.2
2010-02,Los Ríos,511.6
2010-02,Los Lagos,516.4
2010-02,Aysén,511
2010-02,Magallanes,482.9
2010-03,Metropolitana,468.18
2010-03,Arica y Parinacota,471.1
2010-03,Tarapacá,479.2
2010-03,Antofagasta,489.3
2010-03,Atacama,481.8
2010-03,Coquimbo,482.7
2010-03,Valparaíso,468
2010-03,O'Higgins,489.2
2010-03,Los Ríos,507.3
2010-03,Los Lagos,512.3
2010-03,Aysén,501
2010-03,Magallanes,477
2010-04,Metropolitana,498.2
2010-04,Arica y Parinacota,496.4
2010-04,Tarapacá,506.6
2010-04,Antofagasta,518
2010-04,Atacama,506.2
2010-04,Coquimbo,514.5
2010-04,Valparaíso,493.5
2010-04,O'Higgins,519.7
2010-04,Maule,504.8
2010-04,Biobío,518.3
2010-04,Araucanía,526.7
2010-04,Los Ríos,532.1
2010-04,Los Lagos,539.4
2010-04,Aysén,532
2010-04,Magallanes,516.1
2010-05,Metropolitana,507.79
2010-05,Arica y Parinacota,512.1
2010-05,Tarapacá,519.9
2010-05,Antofagasta,529.5
2010-05,Atacama,523
2010-05,Coquimbo,524.4
2010-05,Valparaíso,509.2
2010-05,O'Higgins,530.4
2010-05,Maule,517.7
2010-05,Biobío,533.8
2010-05,Araucanía,538
2010-05,Los Ríos,548.4
2010-05,Los Lagos,554
2010-05,Aysén,542
2010-05,Magallanes,527.7
2010-06,Metropolitana,515.68
2010-06,Arica y Parinacota,520.4
2010-06,Tarapacá,528.5
2010-06,Antofagasta,538
2010-06,Atacama,531.1
2010-06,Coquimbo,532.7
2010-06,Valparaíso,518.3
2010-06,O'Higgins,536
2010-06,Maule,526.2
2010-06,Biobío,542.2
2010-06,Araucanía,546.5
2010-06,Los Ríos,556.5
2010-06,Los Lagos,561.7
2010-06,Aysén,550.3
2010-06,Magallanes,536.1
2010-07,Metropolitana,489.13
2010-07,Arica y Parinacota,498.4
2010-07,Tarapacá,501.7
2010-07,Antofagasta,509.7
2010-07,Atacama,500.1
2010-07,Coquimbo,503.9
2010-07,Valparaíso,491.8
2010-07,O'Higgins,515.8
2010-07,Maule,497.6
2010-07,Biobío,512.4
2010-07,Araucanía,523.1
2010-07,Los Ríos,523.8
2010-07,Los Lagos,541.3
2010-07,Aysén,528.7
2010-07,Magallanes,511.6
2010-08,Metropolitana,476.89
2010-08,Arica y Parinacota,482
2010-08,Tarapacá,489.3
2010-08,Antofagasta,498.1
2010-08,Atacama,492.1
2010-08,Coquimbo,495.7
2010-08,Valparaíso,479.9
2010-08,O'Higgins,499.1
2010-08,Maule,486.6
2010-08,Biobío,503
2010-08,Araucanía,508.2
2010-08,Los Ríos,517.9
2010-08,Los Lagos,522.1
2010-08,Aysén,511.7
2010-08,Magallanes,497
2010-09,Metropolitana,480.05
2010-09,Arica y Parinacota,476.1
2010-09,Tarapacá,482.4
2010-09,Antofagasta,493.9
2010-09,Atacama,494.7
2010-09,Coquimbo,491.3
2010-09,Valparaíso,476.4
2010-09,O'Higgins,496.8
2010-09,Maule,485.4
2010-09,Biobío,495.1
2010-09,Araucanía,502
2010-09,Los Ríos,519.8
2010-09,Los Lagos,514.4
2010-09,Aysén,511.7
2010-09,Magallanes,496.3
2010-10,Metropolitana,463.2
2010-10,Arica y Parinacota,469.4
2010-10,Tarapacá,477.7
2010-10,Antofagasta,484.1
2010-10,Atacama,480.7
2010-10,Coquimbo,481.3
2010-10,Valparaíso,468.8
2010-10,O'Higgins,486.6
2010-10,Maule,474.8
2010-10,Biobío,491.2
2010-10,Araucanía,495.9
2010-10,Los Ríos,506
2010-10,Los Lagos,510.4
2010-10,Aysén,499.7
2010-10,Magallanes,487.1
2010-11,Metropolitana,486.5
2010-11,Arica y Parinacota,494.7
2010-11,Tarapacá,502.2
2010-11,Antofagasta,510.2
2010-11,Atacama,505.8
2010-11,Coquimbo,506.6
2010-11,Valparaíso,493.5
2010-11,O'Higgins,511.5
2010-11,Maule,498.9
2010-11,Biobío,516.2
2010-11,Araucanía,521.1
2010-11,Los Ríos,531.1
2010-11,Los Lagos,535.4
2010-11,Aysén,524.7
2010-11,Magallanes,509.7
2010-12,Metropolitana,491.8
2010-12,Arica y Parinacota,500.7
2010-12,Tarapacá,507.4
2010-12,Antofagasta,514.4
2010-12,Atacama,510.4
2010-12,Coquimbo,513
2010-12,Valparaíso,499.2
2010-12,O'Higgins,517.5
2010-12,Maule,505.8
2010-12,Biobío,521.2
2010-12,Araucanía,527
2010-12,Los Ríos,535.6
2010-12,Los Lagos,542
2010-12,Aysén,529.7
2010-12,Magallanes,514.5
2011-01,Metropolitana,499.9
2011-01,Arica y Parinacota,507.5
2011-01,Tarapacá,515.3
2011-01,Antofagasta,522
2011-01,Atacama,519.2
2011-01,Coquimbo,519.4
2011-01,Valparaíso,506.2
2011-01,O'Higgins,524.5
2011-01,Maule,512.9
2011-01,Biobío,528.8
2011-01,Araucanía,534.5
2011-01,Los Ríos,544.1
2011-01,Los Lagos,548.4
2011-01,Aysén,537.7
2011-01,Magallanes,522.8
2011-02,Metropolitana,551.2
2011-02,Arica y Parinacota,554.4
2011-02,Tarapacá,559.5
2011-02,Antofagasta,567.6
2011-02,Atacama,568
2011-02,Coquimbo,566.1
2011-02,Valparaíso,549.1
2011-02,O'Higgins,570
2011-02,Maule,559.6
2011-02,Biobío,572.8
2011-02,Araucanía,578.4
2011-02,Los Ríos,591.3
2011-02,Los Lagos,591.4
2011-02,Aysén,584.3
2011-02,Magallanes,568.1
2011-03,Metropolitana,545.9
2011-03,Arica y Parinacota,551.3
2011-03,Tarapacá,559.2
2011-03,Antofagasta,566.1
2011-03,Atacama,563.4
2011-03,Coquimbo,562.6
2011-03,Valparaíso,550.2
2011-03,O'Higgins,568.3
2011-03,Maule,557.3
2011-03,Biobío,572.7
2011-03,Araucanía,577.7
2011-03,Los Ríos,588
2011-03,Los Lagos,592.4
2011-03,Aysén,581.5
2011-03,Magallanes,566.7
2011-04,Metropolitana,591.2
2011-04,Arica y Parinacota,600.4
2011-04,Tarapacá,608.1
2011-04,Antofagasta,614
2011-04,Atacama,612.6
2011-04,Coquimbo,612.5
2011-04,Valparaíso,599.3
2011-04,O'Higgins,617.6
2011-04,Maule,606.1
2011-04,Biobío,621.9
2011-04,Araucanía,626.9
2011-04,Los Ríos,636.9
2011-04,Los Lagos,641.1
2011-04,Aysén,632.3
2011-04,Magallanes,615.8
2011-05,Metropolitana,596.5
2011-05,Arica y Parinacota,611.4
2011-05,Tarapacá,618.6
2011-05,Antofagasta,625.6
2011-05,Atacama,623.6
2011-05,Coquimbo,623.1
2011-05,Valparaíso,610
2011-05,O'Higgins,627.8
2011-05,Maule,616.6
2011-05,Biobío,632.4
2011-05,Araucanía,638
2011-05,Los Ríos,643
2011-05,Los Lagos,642.4
2011-05,Aysén,642.2
2011-05,Magallanes,626.8
2011-06,Metropolitana,566.2
2011-06,Arica y Parinacota,585.9
2011-06,Tarapacá,597.4
2011-06,Antofagasta,603.5
2011-06,Atacama,605.2
2011-06,Coquimbo,603.1
2011-06,Valparaíso,589
2011-06,O'Higgins,605.9
2011-06,Maule,598.3
2011-06,Biobío,607.6
2011-06,Araucanía,613.4
2011-06,Los Ríos,622.6
2011-06,Los Lagos,609.1
2011-06,Aysén,621.2
2011-06,Magallanes,605.8
2011-07,Metropolitana,576.8
2011-07,Arica y Parinacota,595.9
2011-07,Tarapacá,604.1
2011-07,Antofagasta,610.4
2011-07,Atacama,608.1
2011-07,Coquimbo,608.1
2011-07,Valparaíso,592.9
2011-07,O'Higgins,613
2011-07,Maule,601.8
2011-07,Biobío,618.4
2011-07,Araucanía,623.6
2011-07,Los Ríos,629
2011-07,Los Lagos,617.6
2011-07,Aysén,626.2
2011-07,Magallanes,611.6
2011-08,Metropolitana,591
2011-08,Arica y Parinacota,608.8
2011-08,Tarapacá,617.1
2011-08,Antofagasta,623.8
2011-08,Atacama,621.4
2011-08,Coquimbo,621.3
2011-08,Valparaíso,608.9
2011-08,O'Higgins,625.2
2011-08,Maule,614.9
2011-08,Biobío,631.3
2011-08,Araucanía,635.8
2011-08,Los Ríos,642.5
2011-08,Los Lagos,629.1
2011-08,Aysén,639.2
2011-08,Magallanes,624.8
2011-09,Metropolitana,567.1
2011-09,Arica y Parinacota,586
2011-09,Tarapacá,592.5
2011-09,Antofagasta,598.3
2011-09,Atacama,595.2
2011-09,Coquimbo,596
2011-09,Valparaíso,580.8
2011-09,O'Higgins,601.6
2011-09,Maule,589.5
2011-09,Biobío,607.9
2011-09,Araucanía,611.3
2011-09,Los Ríos,615.4
2011-09,Los Lagos,605.7
2011-09,Aysén,613.5
2011-09,Magallanes,599.9
2011-10,Metropolitana,619.6
2011-10,Arica y Parinacota,632.2
2011-10,Tarapacá,640.5
2011-10,Antofagasta,646.4
2011-10,Atacama,644.3
2011-10,Coquimbo,644.1
2011-10,Valparaíso,630.2
2011-10,O'Higgins,647.4
2011-10,Maule,637.2
2011-10,Biobío,653.4
2011-10,Araucanía,658.6
2011-10,Los Ríos,665
2011-10,Los Lagos,655.2
2011-10,Aysén,662.2
2011-10,Magallanes,647.7
2011-11,Metropolitana,624.5
2011-11,Arica y Parinacota,630.5
2011-11,Tarapacá,639.8
2011-11,Antofagasta,645.5
2011-11,Atacama,646.8
2011-11,Coquimbo,646.4
2011-11,Valparaíso,630
2011-11,O'Higgins,649
2011-11,Maule,640.2
2011-11,Biobío,652.1
2011-11,Araucanía,659.4
2011-11,Los Ríos,667.8
2011-11,Los Lagos,655.9
2011-11,Aysén,664.2
2011-11,Magallanes,648.9
2011-12,Metropolitana,625
2011-12,Arica y Parinacota,660.8
2011-12,Tarapacá,669.5
2011-12,Antofagasta,676.4
2011-12,Atacama,675.8
2011-12,Coquimbo,674.8
2011-12,Valparaíso,656.5
2011-12,O'Higgins,679.1
2011-12,Maule,669.6
2011-12,Biobío,682.4
2011-12,Araucanía,684
2011-12,Los Ríos,695.4
2011-12,Los Lagos,680.8
2011-12,Aysén,692.8
2011-12,Magallanes,677.1
2012-01,Metropolitana,609.6
2012-01,Arica y Parinacota,624.9
2012-01,Tarapacá,633.1
2012-01,Antofagasta,639.6
2012-01,Atacama,637.5
2012-01,Coquimbo,637.4
2012-01,Valparaíso,620.4
2012-01,O'Higgins,642
2012-01,Maule,631.9
2012-01,Biobío,646
2012-01,Araucanía,649
2012-01,Los Ríos,658
2012-01,Los Lagos,646.6
2012-01,Aysén,655.2
2012-01,Magallanes,640.6
2012-02,Metropolitana,603.6
2012-02,Arica y Parinacota,614.9
2012-02,Tarapacá,636.2
2012-02,Antofagasta,642.6
2012-02,Atacama,640.2
2012-02,Coquimbo,627.5
2012-02,Valparaíso,622.9
2012-02,O'Higgins,645.8
2012-02,Maule,635.2
2012-02,Biobío,649.1
2012-02,Araucanía,652.9
2012-02,Los Ríos,660.9
2012-02,Los Lagos,649.6
2012-02,Aysén,658.2
2012-02,Magallanes,643.5
2012-03,Metropolitana,619
2012-03,Arica y Parinacota,631.1
2012-03,Tarapacá,643.2
2012-03,Antofagasta,647.4
2012-03,Atacama,643.8
2012-03,Coquimbo,646.4
2012-03,Valparaíso,627.2
2012-03,O'Higgins,652.3
2012-03,Maule,646.3
2012-03,Biobío,653.3
2012-03,Araucanía,659.9
2012-03,Los Ríos,664.9
2012-03,Los Lagos,661.1
2012-03,Magallanes,649.7
2012-04,Metropolitana,638.2
2012-04,Arica y Parinacota,657.4
2012-04,Tarapacá,666
2012-04,Antofagasta,672.5
2012-04,Atacama,670.3
2012-04,Coquimbo,672.7
2012-04,Valparaíso,653
2012-04,O'Higgins,674.2
2012-04,Maule,665.6
2012-04,Biobío,679.3
2012-04,Araucanía,682.4
2012-04,Los Ríos,691
2012-04,Los Lagos,679.6
2012-04,Aysén,688.2
2012-04,Magallanes,673.8
2012-05,Metropolitana,625
2012-05,Arica y Parinacota,641.9
2012-05,Tarapacá,650.2
2012-05,Antofagasta,656.8
2012-05,Atacama,654.3
2012-05,Coquimbo,653.8
2012-05,Valparaíso,637
2012-05,O'Higgins,668.5
2012-05,Maule,649.8
2012-05,Biobío,663.5
2012-05,Araucanía,667.3
2012-05,Los Ríos,675
2012-05,Los Lagos,663.6
2012-05,Aysén,672.2
2012-05,Magallanes,657.4
2012-06,Metropolitana,598.1
2012-06,Arica y Parinacota,614.9
2012-06,Tarapacá,623.1
2012-06,Antofagasta,629.8
2012-06,Atacama,627
2012-06,Coquimbo,626.7
2012-06,Valparaíso,609.4
2012-06,O'Higgins,630.3
2012-06,Maule,622.9
2012-06,Biobío,636.5
2012-06,Araucanía,639.4
2012-06,Los Ríos,648
2012-06,Los Lagos,637.1
2012-06,Aysén,645.2
2012-06,Magallanes,629.3
2012-07,Metropolitana,555.2
2012-07,Arica y Parinacota,569.9
2012-07,Tarapacá,578.5
2012-07,Antofagasta,584.6
2012-07,Atacama,582.2
2012-07,Coquimbo,581.9
2012-07,Valparaíso,564.5
2012-07,O'Higgins,585.5
2012-07,Maule,577.9
2012-07,Biobío,591.6
2012-07,Araucanía,594.7
2012-07,Los Ríos,603.1
2012-07,Los Lagos,592.1
2012-07,Aysén,600.5
2012-07,Magallanes,584
2012-08,Metropolitana,581
2012-08,Arica y Parinacota,593.9
2012-08,Tarapacá,602.6
2012-08,Antofagasta,608.7
2012-08,Atacama,605.6
2012-08,Coquimbo,606
2012-08,Valparaíso,587.9
2012-08,O'Higgins,609.9
2012-08,Maule,601.8
2012-08,Biobío,615.1
2012-08,Araucanía,618.4
2012-08,Los Ríos,627
2012-08,Los Lagos,615.4
2012-08,Aysén,624.2
2012-08,Magallanes,607.7
2012-09,Metropolitana,622.1
2012-09,Arica y Parinacota,632.9
2012-09,Tarapacá,641.2
2012-09,Antofagasta,647.6
2012-09,Atacama,644.5
2012-09,Coquimbo,644.5
2012-09,Valparaíso,624.6
2012-09,O'Higgins,648.8
2012-09,Maule,640.5
2012-09,Biobío,654.5
2012-09,Araucanía,657.5
2012-09,Los Ríos,665.9
2012-09,Los Lagos,654.4
2012-09,Aysén,663.2
2012-09,Magallanes,646.5
2012-10,Metropolitana,611.2
2012-10,Arica y Parinacota,620.9
2012-10,Tarapacá,629.6
2012-10,Antofagasta,635.8
2012-10,Atacama,633.3
2012-10,Coquimbo,632.8
2012-10,Valparaíso,616.3
2012-10,O'Higgins,636.5
2012-10,Maule,628.9
2012-10,Biobío,641.2
2012-10,Araucanía,645.8
2012-10,Los Ríos,654
2012-10,Los Lagos,642.5
2012-10,Aysén,651.5
2012-10,Magallanes,633.7
2012-11,Metropolitana,614.8
2012-11,Arica y Parinacota,622.9
2012-11,Tarapacá,631.4
2012-11,Antofagasta,637.6
2012-11,Atacama,635
2012-11,Coquimbo,635.5
2012-11,Valparaíso,617.8
2012-11,O'Higgins,639
2012-11,Maule,631.4
2012-11,Biobío,643.1
2012-11,Araucanía,647.3
2012-11,Los Ríos,656.2
2012-11,Los Lagos,644.6
2012-11,Aysén,653.5
2012-11,Magallanes,635.5
2012-12,Metropolitana,603
2012-12,Arica y Parinacota,611.1
2012-12,Tarapacá,619.4
2012-12,Antofagasta,625.8
2012-12,Atacama,623.1
2012-12,Coquimbo,622.8
2012-12,Valparaíso,607
2012-12,O'Higgins,626.4
2012-12,Maule,620
2012-12,Biobío,631
2012-12,Araucanía,635.5
2012-12,Los Ríos,644
2012-12,Los Lagos,632.7
2012-12,Aysén,641.5
2012-12,Magallanes,624.5
2013-01,Metropolitana,600.32
2013-01,Arica y Parinacota,611.92
2013-01,Tarapacá,617.68
2013-01,Antofagasta,625.19
2013-01,Atacama,620.58
2013-01,Coquimbo,620.75
2013-01,Valparaíso,603.8
2013-01,O'Higgins,628.09
2013-01,Maule,618.69
2013-01,Biobío,628.91
2013-01,Araucanía,633.61
2013-01,Los Ríos,640.64
2013-01,Los Lagos,630.5
2013-01,Aysén,646.17
2013-01,Magallanes,621.45
2013-02,Metropolitana,604.84
2013-02,Arica y Parinacota,624.07
2013-02,Tarapacá,628.74
2013-02,Antofagasta,636.32
2013-02,Atacama,633.17
2013-02,Coquimbo,632.58
2013-02,Valparaíso,616.4
2013-02,O'Higgins,640.09
2013-02,Maule,628.46
2013-02,Biobío,641.27
2013-02,Araucanía,645.16
2013-02,Los Ríos,655.09
2013-02,Los Lagos,643.5
2013-02,Aysén,658.17
2013-02,Magallanes,635.91
2013-03,Metropolitana,639.61
2013-03,Arica y Parinacota,650.23
2013-03,Tarapacá,655.11
2013-03,Antofagasta,662.72
2013-03,Atacama,658.92
2013-03,Coquimbo,658.15
2013-03,Valparaíso,641.48
2013-03,O'Higgins,665.91
2013-03,Maule,653
2013-03,Biobío,667.8
2013-03,Araucanía,670.35
2013-03,Los Ríos,681.09
2013-03,Los Lagos,669.64
2013-03,Aysén,684.17
2013-03,Magallanes,661.82
2013-04,Metropolitana,601.2
2013-04,Arica y Parinacota,608.23
2013-04,Tarapacá,613.32
2013-04,Antofagasta,619.92
2013-04,Atacama,620.25
2013-04,Coquimbo,616.31
2013-04,Valparaíso,600.28
2013-04,O'Higgins,634.46
2013-04,Maule,618.27
2013-04,Biobío,626.33
2013-04,Araucanía,629.74
2013-04,Los Ríos,638.09
2013-04,Los Lagos,626.64
2013-04,Aysén,641.17
2013-04,Magallanes,622.45
2013-05,Metropolitana,575.16
2013-05,Arica y Parinacota,583.31
2013-05,Tarapacá,587.95
2013-05,Antofagasta,593.19
2013-05,Atacama,591.42
2013-05,Coquimbo,588.92
2013-05,Valparaíso,576.2
2013-05,O'Higgins,598.08
2013-05,Maule,593.53
2013-05,Biobío,597.95
2013-05,Araucanía,603.77
2013-05,Los Ríos,611.09
2013-05,Los Lagos,599.93
2013-05,Aysén,614.17
2013-05,Magallanes,596.18
2013-06,Metropolitana,592.62
2013-06,Arica y Parinacota,599.92
2013-06,Tarapacá,604.53
2013-06,Antofagasta,611.25
2013-06,Atacama,607.42
2013-06,Coquimbo,607
2013-06,Valparaíso,592.2
2013-06,O'Higgins,613.92
2013-06,Maule,610.4
2013-06,Biobío,611.57
2013-06,Araucanía,620.55
2013-06,Los Ríos,629
2013-06,Los Lagos,617.93
2013-06,Aysén,631.83
2013-06,Magallanes,612.64
2013-07,Metropolitana,614.36
2013-07,Arica y Parinacota,620.92
2013-07,Tarapacá,624.79
2013-07,Antofagasta,632.59
2013-07,Atacama,629.33
2013-07,Coquimbo,627.08
2013-07,Valparaíso,612.5
2013-07,O'Higgins,636.13
2013-07,Maule,626.67
2013-07,Biobío,636.52
2013-07,Araucanía,641.26
2013-07,Los Ríos,650.82
2013-07,Los Lagos,639.93
2013-07,Aysén,652.67
2013-07,Magallanes,633.82
2013-08,Metropolitana,639.04
2013-08,Arica y Parinacota,644.5
2013-08,Tarapacá,648.21
2013-08,Antofagasta,658.19
2013-08,Atacama,653.58
2013-08,Coquimbo,653.46
2013-08,Valparaíso,636.1
2013-08,O'Higgins,656.29
2013-08,Maule,653.07
2013-08,Biobío,661.74
2013-08,Araucanía,664.66
2013-08,Los Ríos,675.82
2013-08,Los Lagos,664.93
2013-08,Aysén,678
2013-08,Magallanes,659.64
2013-09,Metropolitana,649.11
2013-09,Arica y Parinacota,654.79
2013-09,Tarapacá,660.58
2013-09,Antofagasta,668.46
2013-09,Atacama,663.5
2013-09,Coquimbo,661.08
2013-09,Valparaíso,645.8
2013-09,O'Higgins,672.08
2013-09,Maule,661.73
2013-09,Biobío,671.64
2013-09,Araucanía,676.66
2013-09,Los Ríos,685.91
2013-09,Los Lagos,676.43
2013-09,Aysén,689.67
2013-09,Magallanes,665.18
2013-10,Metropolitana,620
2013-10,Arica y Parinacota,626.14
2013-10,Tarapacá,631.47
2013-10,Antofagasta,639.13
2013-10,Atacama,637.83
2013-10,Coquimbo,635.15
2013-10,Valparaíso,618.75
2013-10,O'Higgins,646.5
2013-10,Maule,633.93
2013-10,Biobío,642.29
2013-10,Araucanía,648.31
2013-10,Los Ríos,655.91
2013-10,Los Lagos,646.71
2013-10,Aysén,667.83
2013-10,Magallanes,641.91
2013-11,Metropolitana,614
2013-11,Arica y Parinacota,620.29
2013-11,Tarapacá,625.63
2013-11,Antofagasta,633.06
2013-11,Atacama,629.92
2013-11,Coquimbo,628.77
2013-11,Valparaíso,612.5
2013-11,O'Higgins,638.68
2013-11,Maule,629.73
2013-11,Biobío,636.95
2013-11,Araucanía,641.94
2013-11,Los Ríos,649.91
2013-11,Los Lagos,640.43
2013-11,Aysén,661.17
2013-11,Magallanes,633
2013-12,Metropolitana,620
2013-12,Arica y Parinacota,629.14
2013-12,Tarapacá,631.68
2013-12,Antofagasta,639.06
2013-12,Atacama,634.5
2013-12,Coquimbo,634.08
2013-12,Valparaíso,618
2013-12,O'Higgins,644
2013-12,Maule,635.4
2013-12,Biobío,642.36
2013-12,Araucanía,647.38
2013-12,Los Ríos,655.82
2013-12,Los Lagos,646.43
2013-12,Aysén,659.5
2013-12,Magallanes,638.55
2014-01,Metropolitana,650
2014-01,Arica y Parinacota,657.21
2014-01,Tarapacá,665.89
2014-01,Antofagasta,669.99
2014-01,Atacama,663.5
2014-01,Coquimbo,665.85
2014-01,Valparaíso,646.8
2014-01,O'Higgins,676
2014-01,Maule,666.93
2014-01,Biobío,673.4
2014-01,Araucanía,677.56
2014-01,Los Ríos,692.55
2014-01,Los Lagos,682.29
2014-01,Aysén,692.33
2014-01,Magallanes,673.36
2014-02,Metropolitana,659.17
2014-02,Arica y Parinacota,664.43
2014-02,Tarapacá,672
2014-02,Antofagasta,676.59
2014-02,Atacama,672.08
2014-02,Coquimbo,671.38
2014-02,Valparaíso,653.5
2014-02,O'Higgins,682.71
2014-02,Maule,673.13
2014-02,Biobío,680.78
2014-02,Araucanía,685.34
2014-02,Los Ríos,695.73
2014-02,Los Lagos,686.14
2014-02,Aysén,699.5
2014-02,Magallanes,677
2014-03,Metropolitana,683.76
2014-03,Arica y Parinacota,688.43
2014-03,Tarapacá,696
2014-03,Antofagasta,700.59
2014-03,Atacama,697.5
2014-03,Coquimbo,695.38
2014-03,Valparaíso,675.18
2014-03,O'Higgins,707.58
2014-03,Maule,697.2
2014-03,Biobío,703.67
2014-03,Araucanía,709.5
2014-03,Los Ríos,719.73
2014-03,Los Lagos,710.14
2014-03,Aysén,720.67
2014-03,Magallanes,703.09
2014-04,Metropolitana,667.15
2014-04,Arica y Parinacota,672.43
2014-04,Tarapacá,683.05
2014-04,Antofagasta,686.06
2014-04,Atacama,682.42
2014-04,Coquimbo,680.23
2014-04,Valparaíso,663.03
2014-04,O'Higgins,691.5
2014-04,Maule,681.87
2014-04,Biobío,688.22
2014-04,Araucanía,693.59
2014-04,Los Ríos,706.45
2014-04,Los Lagos,696
2014-04,Aysén,710
2014-04,Magallanes,678.27
2014-05,Metropolitana,688.04
2014-05,Arica y Parinacota,695.29
2014-05,Tarapacá,697.37
2014-05,Antofagasta,706.59
2014-05,Atacama,703.58
2014-05,Coquimbo,701.69
2014-05,Valparaíso,683.9
2014-05,O'Higgins,707.54
2014-05,Maule,703.8
2014-05,Biobío,706.4
2014-05,Araucanía,714.56
2014-05,Los Ríos,725.27
2014-05,Los Lagos,716.29
2014-05,Aysén,728.33
2014-05,Magallanes,699.73
2014-06,Metropolitana,668.4
2014-06,Arica y Parinacota,674.29
2014-06,Tarapacá,682.26
2014-06,Antofagasta,685.39
2014-06,Atacama,683.5
2014-06,Coquimbo,681.85
2014-06,Valparaíso,664.25
2014-06,O'Higgins,690.38
2014-06,Maule,682.67
2014-06,Biobío,689.64
2014-06,Araucanía,695.16
2014-06,Los Ríos,707.36
2014-06,Los Lagos,695.29
2014-06,Aysén,710.83
2014-06,Magallanes,677.91
2014-07,Metropolitana,682.53
2014-07,Arica y Parinacota,690.07
2014-07,Tarapacá,695.05
2014-07,Antofagasta,700.39
2014-07,Atacama,698.25
2014-07,Coquimbo,697.08
2014-07,Valparaíso,678.4
2014-07,O'Higgins,703.88
2014-07,Maule,698.4
2014-07,Biobío,703.1
2014-07,Araucanía,709.56
2014-07,Los Ríos,721
2014-07,Los Lagos,710.57
2014-07,Aysén,722.67
2014-07,Magallanes,692.09
2014-08,Metropolitana,671.36
2014-08,Arica y Parinacota,679.14
2014-08,Tarapacá,686.26
2014-08,Antofagasta,689.39
2014-08,Atacama,687.67
2014-08,Coquimbo,686.15
2014-08,Valparaíso,668.35
2014-08,O'Higgins,694.54
2014-08,Maule,686.33
2014-08,Biobío,693.41
2014-08,Araucanía,698.56
2014-08,Los Ríos,708.91
2014-08,Los Lagos,699.57
2014-08,Aysén,722.17
2014-08,Magallanes,681.18
2014-09,Metropolitana,680
2014-09,Arica y Parinacota,688.21
2014-09,Tarapacá,694.74
2014-09,Antofagasta,698.46
2014-09,Atacama,697
2014-09,Coquimbo,695.62
2014-09,Valparaíso,676.35
2014-09,O'Higgins,703.13
2014-09,Maule,695.73
2014-09,Biobío,698
2014-09,Araucanía,707.69
2014-09,Los Ríos,717.91
2014-09,Los Lagos,708.71
2014-09,Aysén,721.5
2014-09,Magallanes,690.36
2014-10,Metropolitana,675.01
2014-10,Arica y Parinacota,682.79
2014-10,Tarapacá,688.58
2014-10,Antofagasta,693.19
2014-10,Atacama,690.25
2014-10,Coquimbo,689.69
2014-10,Valparaíso,671.7
2014-10,O'Higgins,697.33
2014-10,Maule,687.53
2014-10,Biobío,694
2014-10,Araucanía,702.06
2014-10,Los Ríos,711.82
2014-10,Los Lagos,703.86
2014-10,Aysén,716
2014-10,Magallanes,684.45
2014-11,Metropolitana,655.45
2014-11,Arica y Parinacota,662.86
2014-11,Tarapacá,669.53
2014-11,Antofagasta,674.66
2014-11,Atacama,670.75
2014-11,Coquimbo,669.69
2014-11,Valparaíso,652.95
2014-11,O'Higgins,680.04
2014-11,Maule,661.73
2014-11,Biobío,675.41
2014-11,Araucanía,681.88
2014-11,Los Ríos,692.73
2014-11,Los Lagos,681.57
2014-11,Aysén,695.33
2014-11,Magallanes,664.36
2014-12,Metropolitana,632.35
2014-12,Arica y Parinacota,639.14
2014-12,Tarapacá,647
2014-12,Antofagasta,654.66
2014-12,Atacama,647.33
2014-12,Coquimbo,648.77
2014-12,Valparaíso,630.45
2014-12,O'Higgins,656.75
2014-12,Maule,639.47
2014-12,Biobío,653.76
2014-12,Araucanía,660.34
2014-12,Los Ríos,669.36
2014-12,Los Lagos,659
2014-12,Aysén,673.17
2014-12,Magallanes,640.91
2015-01,Metropolitana,548.26
2015-01,Arica y Parinacota,551.14
2015-01,Tarapacá,563.47
2015-01,Antofagasta,571.53
2015-01,Atacama,563.25
2015-01,Coquimbo,569.31
2015-01,Valparaíso,546.4
2015-01,O'Higgins,580.96
2015-01,Maule,551
2015-01,Biobío,582.76
2015-01,Araucanía,579.5
2015-01,Los Ríos,583.73
2015-01,Los Lagos,571
2015-01,Aysén,584.33
2015-01,Magallanes,555.18
2015-02,Metropolitana,490.14
2015-02,Arica y Parinacota,492.14
2015-02,Tarapacá,508.05
2015-02,Antofagasta,514.93
2015-02,Atacama,500.33
2015-02,Coquimbo,513.08
2015-02,Valparaíso,491
2015-02,O'Higgins,515.96
2015-02,Maule,492.4
2015-02,Biobío,515.34
2015-02,Araucanía,511.03
2015-02,Los Ríos,522.09
2015-02,Los Lagos,512
2015-02,Aysén,525.33
2015-02,Magallanes,499.27
2015-03,Metropolitana,503.97
2015-03,Arica y Parinacota,506.07
2015-03,Tarapacá,521.11
2015-03,Antofagasta,516.99
2015-03,Atacama,514.17
2015-03,Coquimbo,514.46
2015-03,Valparaíso,504.55
2015-03,O'Higgins,529.04
2015-03,Maule,507
2015-03,Biobío,529.9
2015-03,Araucanía,525.25
2015-03,Los Ríos,537.18
2015-03,Los Lagos,528.14
2015-03,Aysén,539.5
2015-03,Magallanes,512.64
2015-04,Metropolitana,517.9
2015-04,Arica y Parinacota,523.21
2015-04,Tarapacá,535.53
2015-04,Antofagasta,532.33
2015-04,Atacama,529.42
2015-04,Coquimbo,528.23
2015-04,Valparaíso,518.4
2015-04,O'Higgins,544.67
2015-04,Maule,522.13
2015-04,Biobío,539.14
2015-04,Araucanía,540.72
2015-04,Los Ríos,550.45
2015-04,Los Lagos,543.14
2015-04,Aysén,555.33
2015-04,Magallanes,530.36
2015-05,Metropolitana,517
2015-05,Arica y Parinacota,522
2015-05,Tarapacá,535
2015-05,Antofagasta,532
2015-05,Atacama,532
2015-05,Coquimbo,528
2015-05,Valparaíso,518
2015-05,O'Higgins,544
2015-05,Maule,522
2015-05,Biobío,538
2015-05,Araucanía,541
2015-05,Los Ríos,552
2015-05,Los Lagos,541
2015-05,Aysén,554
2015-05,Magallanes,529
2015-06,Metropolitana,534.97
2015-06,Arica y Parinacota,542.14
2015-06,Tarapacá,554.32
2015-06,Antofagasta,551.99
2015-06,Atacama,551.17
2015-06,Coquimbo,545.23
2015-06,Valparaíso,534.1
2015-06,O'Higgins,563.71
2015-06,Maule,542.27
2015-06,Biobío,557.52
2015-06,Araucanía,572
2015-06,Los Ríos,559.5
2015-06,Los Lagos,560.14
2015-06,Aysén,575.33
2015-06,Magallanes,549
2015-07,Metropolitana,535.54
2015-07,Arica y Parinacota,543.14
2015-07,Tarapacá,548.32
2015-07,Antofagasta,552.93
2015-07,Atacama,552.92
2015-07,Coquimbo,548.38
2015-07,Valparaíso,534.75
2015-07,O'Higgins,564.17
2015-07,Maule,543.47
2015-07,Biobío,559.1
2015-07,Araucanía,560.69
2015-07,Los Ríos,573.73
2015-07,Los Lagos,561.71
2015-07,Aysén,576.33
2015-07,Magallanes,550.82
2015-08,Metropolitana,521.45
2015-08,Arica y Parinacota,529.86
2015-08,Tarapacá,534.32
2015-08,Antofagasta,539.93
2015-08,Atacama,538.58
2015-08,Coquimbo,538.38
2015-08,Valparaíso,520.7
2015-08,O'Higgins,552
2015-08,Maule,530.13
2015-08,Biobío,545.72
2015-08,Araucanía,547.72
2015-08,Los Ríos,562.36
2015-08,Los Lagos,547.14
2015-08,Aysén,562.33
2015-08,Magallanes,536.45
2015-09,Metropolitana,500.58
2015-09,Arica y Parinacota,509.14
2015-09,Tarapacá,514.84
2015-09,Antofagasta,519.27
2015-09,Atacama,518.58
2015-09,Coquimbo,516.75
2015-09,Valparaíso,494.05
2015-09,O'Higgins,524.79
2015-09,Maule,507.29
2015-09,Biobío,527.57
2015-09,Araucanía,528.28
2015-09,Los Ríos,541.36
2015-09,Los Lagos,528.71
2015-09,Aysén,542.33
2015-09,Magallanes,517.09
2015-10,Metropolitana,494.7
2015-10,Arica y Parinacota,502.14
2015-10,Tarapacá,507.32
2015-10,Antofagasta,512.73
2015-10,Atacama,512.25
2015-10,Coquimbo,513.15
2015-10,Valparaíso,494.65
2015-10,O'Higgins,518.79
2015-10,Maule,502.8
2015-10,Biobío,520.83
2015-10,Araucanía,521.47
2015-10,Los Ríos,534.55
2015-10,Los Lagos,521.71
2015-10,Aysén,536.17
2015-10,Magallanes,510.18
2015-11,Metropolitana,484.74
2015-11,Arica y Parinacota,492.14
2015-11,Tarapacá,497.84
2015-11,Antofagasta,503.4
2015-11,Atacama,501.67
2015-11,Coquimbo,500
2015-11,Valparaíso,485.65
2015-11,O'Higgins,508.17
2015-11,Maule,488.53
2015-11,Biobío,511.79
2015-11,Araucanía,512.31
2015-11,Los Ríos,525.36
2015-11,Los Lagos,508.86
2015-11,Aysén,525.33
2015-11,Magallanes,499.73
2015-12,Metropolitana,483.73
2015-12,Arica y Parinacota,491.21
2015-12,Tarapacá,496.63
2015-12,Antofagasta,500.93
2015-12,Atacama,500.58
2015-12,Coquimbo,498.92
2015-12,Valparaíso,484.3
2015-12,O'Higgins,507.17
2015-12,Maule,487.73
2015-12,Biobío,511
2015-12,Araucanía,511.47
2015-12,Los Ríos,524.55
2015-12,Los Lagos,508
2015-12,Aysén,524.33
2015-12,Magallanes,498.55
2016-01,Metropolitana,440.25
2016-01,Arica y Parinacota,448.21
2016-01,Tarapacá,452.84
2016-01,Antofagasta,458.27
2016-01,Atacama,458.42
2016-01,Coquimbo,460.08
2016-01,Valparaíso,444
2016-01,O'Higgins,465.5
2016-01,Maule,444.8
2016-01,Biobío,472.79
2016-01,Araucanía,475.5
2016-01,Los Ríos,482.18
2016-01,Los Lagos,467.29
2016-01,Aysén,488.5
2016-01,Magallanes,454.45
2016-02,Metropolitana,401.72
2016-02,Arica y Parinacota,409.86
2016-02,Tarapacá,412.32
2016-02,Antofagasta,417
2016-02,Atacama,416.58
2016-02,Coquimbo,421.23
2016-02,Valparaíso,412.65
2016-02,O'Higgins,426.54
2016-02,Maule,408.4
2016-02,Biobío,429.76
2016-02,Araucanía,431.44
2016-02,Los Ríos,442.36
2016-02,Los Lagos,425.86
2016-02,Aysén,443.33
2016-02,Magallanes,420.64
2016-03,Metropolitana,382.83
2016-03,Arica y Parinacota,389.64
2016-03,Tarapacá,392.32
2016-03,Antofagasta,396.93
2016-03,Atacama,396.08
2016-03,Coquimbo,393.58
2016-03,Valparaíso,381.58
2016-03,O'Higgins,406.92
2016-03,Maule,371.19
2016-03,Biobío,396.71
2016-03,Araucanía,412.94
2016-03,Los Ríos,422.18
2016-03,Los Lagos,406.14
2016-03,Aysén,423.33
2016-03,Magallanes,400.55
2016-04,Metropolitana,407.04
2016-04,Arica y Parinacota,411.64
2016-04,Tarapacá,414.32
2016-04,Antofagasta,418.93
2016-04,Atacama,418.33
2016-04,Coquimbo,422.15
2016-04,Valparaíso,414.55
2016-04,O'Higgins,426.46
2016-04,Maule,386.69
2016-04,Biobío,417.32
2016-04,Araucanía,432.69
2016-04,Los Ríos,444.27
2016-04,Los Lagos,428.14
2016-04,Aysén,445.5
2016-04,Magallanes,423.09
2016-05,Metropolitana,407.43
2016-05,Arica y Parinacota,411.29
2016-05,Tarapacá,414.32
2016-05,Antofagasta,418.93
2016-05,Atacama,418.5
2016-05,Coquimbo,416
2016-05,Valparaíso,414.4
2016-05,O'Higgins,431.88
2016-05,Maule,382.69
2016-05,Biobío,418.25
2016-05,Araucanía,433.13
2016-05,Los Ríos,444.36
2016-05,Los Lagos,429.57
2016-05,Aysén,445.33
2016-05,Magallanes,425.36
2016-06,Metropolitana,431
2016-06,Arica y Parinacota,439
2016-06,Tarapacá,442
2016-06,Antofagasta,446
2016-06,Atacama,445
2016-06,Coquimbo,443
2016-06,Valparaíso,440
2016-06,O'Higgins,455
2016-06,Maule,412
2016-06,Biobío,445
2016-06,Araucanía,454
2016-06,Los Ríos,471
2016-06,Los Lagos,458
2016-06,Aysén,472
2016-06,Magallanes,453
2016-07,Metropolitana,453.78
2016-07,Arica y Parinacota,461.64
2016-07,Tarapacá,465.05
2016-07,Antofagasta,468.93
2016-07,Atacama,468.67
2016-07,Coquimbo,465.54
2016-07,Valparaíso,452.26
2016-07,O'Higgins,477.75
2016-07,Maule,432.63
2016-07,Biobío,468.36
2016-07,Araucanía,477.19
2016-07,Los Ríos,493.64
2016-07,Los Lagos,481.71
2016-07,Aysén,495.33
2016-07,Magallanes,476.91
2016-08,Metropolitana,443.72
2016-08,Arica y Parinacota,450.64
2016-08,Tarapacá,454.16
2016-08,Antofagasta,457.8
2016-08,Atacama,458.33
2016-08,Coquimbo,454.69
2016-08,Valparaíso,441.95
2016-08,O'Higgins,468.04
2016-08,Maule,422.31
2016-08,Biobío,458.86
2016-08,Araucanía,466.84
2016-08,Los Ríos,484.45
2016-08,Los Lagos,470.86
2016-08,Aysén,484.5
2016-08,Magallanes,465
2016-09,Metropolitana,439.38
2016-09,Arica y Parinacota,445.64
2016-09,Tarapacá,449.26
2016-09,Antofagasta,453
2016-09,Atacama,452.67
2016-09,Coquimbo,449.31
2016-09,Valparaíso,436.79
2016-09,O'Higgins,462.04
2016-09,Maule,416
2016-09,Biobío,453
2016-09,Araucanía,461.35
2016-09,Los Ríos,479.64
2016-09,Los Lagos,466.33
2016-09,Aysén,479.5
2016-09,Magallanes,460.09
2016-10,Metropolitana,447.5
2016-10,Arica y Parinacota,454.64
2016-10,Tarapacá,458.58
2016-10,Antofagasta,462.13
2016-10,Atacama,486.92
2016-10,Coquimbo,459.08
2016-10,Valparaíso,445.84
2016-10,O'Higgins,472
2016-10,Maule,429.75
2016-10,Biobío,464.46
2016-10,Araucanía,470.63
2016-10,Los Ríos,488.45
2016-10,Los Lagos,475.14
2016-10,Aysén,488.33
2016-10,Magallanes,468.09
2016-11,Metropolitana,472.69
2016-11,Arica y Parinacota,481.36
2016-11,Tarapacá,485.74
2016-11,Antofagasta,489.73
2016-11,Atacama,488.67
2016-11,Coquimbo,486
2016-11,Valparaíso,468.47
2016-11,O'Higgins,498.27
2016-11,Maule,456.44
2016-11,Biobío,487.5
2016-11,Araucanía,497.31
2016-11,Los Ríos,514.09
2016-11,Los Lagos,502.83
2016-11,Aysén,515.33
2016-11,Magallanes,495.09
2016-12,Metropolitana,461.94
2016-12,Arica y Parinacota,465
2016-12,Tarapacá,474.42
2016-12,Antofagasta,478.87
2016-12,Atacama,477.58
2016-12,Coquimbo,474.77
2016-12,Valparaíso,462.39
2016-12,O'Higgins,487.32
2016-12,Maule,445.56
2016-12,Biobío,476.61
2016-12,Araucanía,486.44
2016-12,Los Ríos,503.73
2016-12,Los Lagos,489.14
2016-12,Aysén,504.33
2016-12,Magallanes,486.45
2017-01,Metropolitana,484.34
2017-01,Arica y Parinacota,492.71
2017-01,Tarapacá,496.42
2017-01,Antofagasta,500.8
2017-01,Atacama,499.5
2017-01,Coquimbo,496.38
2017-01,Valparaíso,484.39
2017-01,O'Higgins,509.09
2017-01,Maule,466.63
2017-01,Biobío,497.96
2017-01,Araucanía,508.09
2017-01,Los Ríos,526.18
2017-01,Los Lagos,508
2017-01,Aysén,526.33
2017-01,Magallanes,508.73
2017-02,Metropolitana,485
2017-02,Arica y Parinacota,492.62
2017-02,Tarapacá,496.84
2017-02,Antofagasta,500.87
2017-02,Atacama,500.58
2017-02,Coquimbo,497.08
2017-02,Valparaíso,483.84
2017-02,O'Higgins,509.64
2017-02,Maule,468.44
2017-02,Biobío,499.81
2017-02,Araucanía,509.45
2017-02,Los Ríos,526.45
2017-02,Los Lagos,514.83
2017-02,Aysén,526.33
2017-02,Magallanes,508.73
2017-03,Metropolitana,482.81
2017-03,Arica y Parinacota,497.31
2017-03,Tarapacá,501.95
2017-03,Antofagasta,505.87
2017-03,Atacama,504
2017-03,Coquimbo,501.31
2017-03,Valparaíso,488.74
2017-03,O'Higgins,514.48
2017-03,Maule,470.44
2017-03,Biobío,506.81
2017-03,Araucanía,512.65
2017-03,Los Ríos,531.27
2017-03,Los Lagos,518.83
2017-03,Aysén,530.67
2017-03,Magallanes,513.73
2017-04,Metropolitana,479.66
2017-04,Arica y Parinacota,488.62
2017-04,Tarapacá,492.74
2017-04,Antofagasta,496.87
2017-04,Atacama,495.42
2017-04,Coquimbo,491.92
2017-04,Valparaíso,480.26
2017-04,O'Higgins,506.2
2017-04,Maule,461.25
2017-04,Biobío,495.04
2017-04,Araucanía,504.1
2017-04,Los Ríos,522.27
2017-04,Los Lagos,509.83
2017-04,Aysén,522.33
2017-04,Magallanes,504.64
2017-05,Metropolitana,485.09
2017-05,Arica y Parinacota,497.62
2017-05,Tarapacá,501.79
2017-05,Antofagasta,505.87
2017-05,Atacama,504.5
2017-05,Coquimbo,500
2017-05,Valparaíso,488.28
2017-05,O'Higgins,514.32
2017-05,Maule,471.81
2017-05,Biobío,499.85
2017-05,Araucanía,512.68
2017-05,Los Ríos,531
2017-05,Los Lagos,518.83
2017-05,Aysén,531.33
2017-05,Magallanes,513.45
2017-06,Metropolitana,475.05
2017-06,Arica y Parinacota,487.62
2017-06,Tarapacá,491.79
2017-06,Antofagasta,495.87
2017-06,Atacama,494.58
2017-06,Coquimbo,490.33
2017-06,Valparaíso,478.63
2017-06,O'Higgins,504.5
2017-06,Maule,457.69
2017-06,Biobío,492.67
2017-06,Araucanía,502.44
2017-06,Los Ríos,520.73
2017-06,Los Lagos,510.17
2017-06,Aysén,521.33
2017-06,Magallanes,503.64
2017-07,Metropolitana,462.05
2017-07,Arica y Parinacota,472.46
2017-07,Tarapacá,477.11
2017-07,Antofagasta,479.8
2017-07,Atacama,480.5
2017-07,Coquimbo,476
2017-07,Valparaíso,465.53
2017-07,O'Higgins,490
2017-07,Maule,446.13
2017-07,Biobío,477.67
2017-07,Araucanía,488.13
2017-07,Los Ríos,505.64
2017-07,Los Lagos,495.17
2017-07,Aysén,506.33
2017-07,Magallanes,488.64
2017-08,Metropolitana,465.71
2017-08,Arica y Parinacota,477.15
2017-08,Tarapacá,482.26
2017-08,Antofagasta,484.93
2017-08,Atacama,483.73
2017-08,Coquimbo,479.83
2017-08,Valparaíso,469.61
2017-08,O'Higgins,493.71
2017-08,Maule,444.5
2017-08,Biobío,479.92
2017-08,Araucanía,492.71
2017-08,Los Ríos,510.64
2017-08,Los Lagos,500.29
2017-08,Aysén,511.33
2017-08,Magallanes,492.9
2017-09,Metropolitana,480.32
2017-09,Arica y Parinacota,487.62
2017-09,Tarapacá,492.32
2017-09,Antofagasta,494.93
2017-09,Atacama,493.73
2017-09,Coquimbo,490.42
2017-09,Valparaíso,479.21
2017-09,O'Higgins,504.24
2017-09,Maule,456.81
2017-09,Ñuble,466.21
2017-09,Biobío,492.26
2017-09,Araucanía,503.16
2017-09,Los Ríos,520.91
2017-09,Los Lagos,510.57
2017-09,Aysén,521.83
2017-09,Magallanes,503.64
2017-10,Metropolitana,501.59
2017-10,Arica y Parinacota,516.62
2017-10,Tarapacá,519.5
2017-10,Antofagasta,522.93
2017-10,Atacama,523.42
2017-10,Coquimbo,519.17
2017-10,Valparaíso,508.26
2017-10,O'Higgins,532.6
2017-10,Maule,494.13
2017-10,Ñuble,490.63
2017-10,Biobío,525.48
2017-10,Araucanía,533
2017-10,Los Ríos,549.91
2017-10,Los Lagos,539.5
2017-10,Aysén,550.33
2017-10,Magallanes,532.55
2017-11,Metropolitana,503.65
2017-11,Arica y Parinacota,519.62
2017-11,Tarapacá,522.67
2017-11,Antofagasta,526.86
2017-11,Atacama,525.83
2017-11,Coquimbo,518.92
2017-11,Valparaíso,510.26
2017-11,O'Higgins,534.76
2017-11,Maule,501.13
2017-11,Ñuble,497.25
2017-11,Biobío,528.48
2017-11,Araucanía,536.81
2017-11,Los Ríos,552.91
2017-11,Los Lagos,542.5
2017-11,Aysén,553.33
2017-11,Magallanes,535.18
2017-12,Metropolitana,526.32
2017-12,Arica y Parinacota,541.23
2017-12,Tarapacá,544.39
2017-12,Antofagasta,548.64
2017-12,Atacama,547.83
2017-12,Coquimbo,540.92
2017-12,Valparaíso,531.05
2017-12,O'Higgins,557.86
2017-12,Maule,524
2017-12,Ñuble,519.63
2017-12,Biobío,550.85
2017-12,Araucanía,559.09
2017-12,Los Ríos,574.64
2017-12,Los Lagos,564.5
2017-12,Aysén,575.33
2017-12,Magallanes,558.45
2018-01,Metropolitana,531.98
2018-01,Arica y Parinacota,546.62
2018-01,Tarapacá,549.39
2018-01,Antofagasta,553.79
2018-01,Atacama,553.17
2018-01,Coquimbo,544.85
2018-01,Valparaíso,534.11
2018-01,O'Higgins,562.45
2018-01,Maule,522.06
2018-01,Ñuble,523.17
2018-01,Biobío,553.07
2018-01,Araucanía,565.81
2018-01,Los Ríos,577.55
2018-01,Los Lagos,561.86
2018-01,Aysén,580.33
2018-01,Magallanes,563.73
2018-02,Metropolitana,537.89
2018-02,Arica y Parinacota,550.38
2018-02,Tarapacá,555.37
2018-02,Antofagasta,558.64
2018-02,Atacama,558.58
2018-02,Coquimbo,549.85
2018-02,Valparaíso,540.79
2018-02,O'Higgins,568.33
2018-02,Maule,526.5
2018-02,Ñuble,528.48
2018-02,Biobío,558.04
2018-02,Araucanía,571.6
2018-02,Los Ríos,581.09
2018-02,Los Lagos,565.43
2018-02,Aysén,585.33
2018-02,Magallanes,569.27
2018-03,Metropolitana,515.93
2018-03,Arica y Parinacota,528.62
2018-03,Tarapacá,529.56
2018-03,Antofagasta,536.2
2018-03,Atacama,536.17
2018-03,Coquimbo,527
2018-03,Valparaíso,508.84
2018-03,O'Higgins,545.37
2018-03,Maule,503.94
2018-03,Ñuble,506.09
2018-03,Biobío,534.56
2018-03,Araucanía,549.69
2018-03,Los Ríos,557.64
2018-03,Los Lagos,543.43
2018-03,Aysén,562.33
2018-03,Magallanes,547.09
2018-04,Metropolitana,520.74
2018-04,Arica y Parinacota,534.62
2018-04,Tarapacá,534.4
2018-04,Antofagasta,542
2018-04,Atacama,541.92
2018-04,Coquimbo,533.31
2018-04,Valparaíso,505.89
2018-04,O'Higgins,551.33
2018-04,Maule,508.75
2018-04,Ñuble,511.64
2018-04,Biobío,539.19
2018-04,Araucanía,555.22
2018-04,Los Ríos,563.73
2018-04,Los Lagos,551.43
2018-04,Aysén,568.33
2018-04,Magallanes,552.27
2018-05,Metropolitana,550.54
2018-05,Arica y Parinacota,563.62
2018-05,Tarapacá,565.18
2018-05,Antofagasta,571
2018-05,Atacama,570.91
2018-05,Coquimbo,562.23
2018-05,Valparaíso,531.58
2018-05,O'Higgins,580.38
2018-05,Maule,537.94
2018-05,Ñuble,540.77
2018-05,Biobío,567.48
2018-05,Araucanía,585.53
2018-05,Los Ríos,592.73
2018-05,Los Lagos,581.29
2018-05,Aysén,597.33
2018-05,Magallanes,581.27
2018-06,Metropolitana,579.16
2018-06,Arica y Parinacota,592.62
2018-06,Tarapacá,593.82
2018-06,Antofagasta,599.2
2018-06,Atacama,600.55
2018-06,Coquimbo,591.46
2018-06,Valparaíso,563.05
2018-06,O'Higgins,609.45
2018-06,Maule,567.69
2018-06,Ñuble,569.9
2018-06,Biobío,596.12
2018-06,Araucanía,613.33
2018-06,Los Ríos,621.91
2018-06,Los Lagos,610.29
2018-06,Aysén,626.33
2018-06,Magallanes,610.45
2018-07,Metropolitana,592.76
2018-07,Arica y Parinacota,606.62
2018-07,Tarapacá,607.53
2018-07,Antofagasta,613.93
2018-07,Atacama,616.09
2018-07,Coquimbo,605.62
2018-07,Valparaíso,581.47
2018-07,O'Higgins,623.6
2018-07,Maule,582
2018-07,Ñuble,583.9
2018-07,Biobío,610.15
2018-07,Araucanía,628.1
2018-07,Los Ríos,636.82
2018-07,Los Lagos,623.43
2018-07,Aysén,640.33
2018-07,Magallanes,624.36
2018-08,Metropolitana,591.51
2018-08,Arica y Parinacota,605.38
2018-08,Tarapacá,606.47
2018-08,Antofagasta,612.93
2018-08,Atacama,615.55
2018-08,Coquimbo,604.85
2018-08,Valparaíso,582.05
2018-08,O'Higgins,622.6
2018-08,Maule,581
2018-08,Ñuble,582.86
2018-08,Biobío,608.77
2018-08,Araucanía,626.86
2018-08,Los Ríos,636
2018-08,Los Lagos,622.86
2018-08,Aysén,639.33
2018-08,Magallanes,625
2018-09,Metropolitana,619.31
2018-09,Arica y Parinacota,635.62
2018-09,Tarapacá,636.68
2018-09,Antofagasta,643.5
2018-09,Atacama,645.64
2018-09,Coquimbo,636.08
2018-09,Valparaíso,611.26
2018-09,O'Higgins,650.85
2018-09,Maule,610.88
2018-09,Ñuble,612.71
2018-09,Biobío,638.16
2018-09,Araucanía,656.66
2018-09,Los Ríos,665.91
2018-09,Los Lagos,653.83
2018-09,Aysén,669.33
2018-09,Magallanes,655.18
2018-10,Metropolitana,635.38
2018-10,Arica y Parinacota,652.62
2018-10,Tarapacá,653.63
2018-10,Antofagasta,660.6
2018-10,Atacama,662.82
2018-10,Coquimbo,653.08
2018-10,Valparaíso,627.89
2018-10,O'Higgins,669.26
2018-10,Maule,627.94
2018-10,Ñuble,629.81
2018-10,Biobío,655.54
2018-10,Araucanía,673.21
2018-10,Los Ríos,682.91
2018-10,Los Lagos,670.43
2018-10,Aysén,686.33
2018-10,Magallanes,672.36
2018-11,Metropolitana,653.64
2018-11,Arica y Parinacota,670.62
2018-11,Tarapacá,671.63
2018-11,Antofagasta,679.4
2018-11,Atacama,679.58
2018-11,Coquimbo,671.08
2018-11,Valparaíso,645.68
2018-11,O'Higgins,687.26
2018-11,Maule,645.56
2018-11,Ñuble,647.24
2018-11,Biobío,673.27
2018-11,Araucanía,690.55
2018-11,Los Ríos,701.64
2018-11,Los Lagos,686.57
2018-11,Aysén,704.33
2018-11,Magallanes,688.82
2018-12,Metropolitana,641.24
2018-12,Arica y Parinacota,658.62
2018-12,Tarapacá,659.53
2018-12,Antofagasta,667.4
2018-12,Atacama,668.42
2018-12,Coquimbo,659.08
2018-12,Valparaíso,633.79
2018-12,O'Higgins,675.45
2018-12,Maule,633.94
2018-12,Ñuble,635.52
2018-12,Biobío,659.12
2018-12,Araucanía,678.83
2018-12,Los Ríos,690
2018-12,Los Lagos,676.29
2018-12,Aysén,692.33
2018-12,Magallanes,678.91
2019-01,Metropolitana,610.85
2019-01,Arica y Parinacota,628.62
2019-01,Tarapacá,622.58
2019-01,Antofagasta,638.27
2019-01,Atacama,638.25
2019-01,Coquimbo,630.23
2019-01,Valparaíso,606.79
2019-01,O'Higgins,646.3
2019-01,Maule,605.8
2019-01,Ñuble,606.14
2019-01,Biobío,629.62
2019-01,Araucanía,649
2019-01,Los Ríos,659.82
2019-01,Los Lagos,646.29
2019-01,Aysén,662.33
2019-01,Magallanes,649.36
2019-02,Metropolitana,587.38
2019-02,Arica y Parinacota,605.62
2019-02,Tarapacá,585.42
2019-02,Antofagasta,613.93
2019-02,Atacama,615.08
2019-02,Coquimbo,607.85
2019-02,Valparaíso,580.68
2019-02,O'Higgins,623.25
2019-02,Maule,582.67
2019-02,Ñuble,583.52
2019-02,Biobío,605
2019-02,Araucanía,625.68
2019-02,Los Ríos,637.45
2019-02,Los Lagos,623.71
2019-02,Aysén,640.17
2019-02,Magallanes,625.82
2019-03,Metropolitana,564.87
2019-03,Arica y Parinacota,583.62
2019-03,Tarapacá,563.95
2019-03,Antofagasta,591.47
2019-03,Atacama,594
2019-03,Coquimbo,585.92
2019-03,Valparaíso,559.68
2019-03,O'Higgins,600.7
2019-03,Maule,560.73
2019-03,Ñuble,561.52
2019-03,Biobío,587.19
2019-03,Araucanía,606.23
2019-03,Los Ríos,619.27
2019-03,Los Lagos,602
2019-03,Aysén,622.33
2019-03,Magallanes,605.18
2019-04,Metropolitana,574.2
2019-04,Arica y Parinacota,592.38
2019-04,Tarapacá,574.68
2019-04,Antofagasta,600.33
2019-04,Atacama,602.33
2019-04,Coquimbo,594.31
2019-04,Valparaíso,568.47
2019-04,O'Higgins,609.35
2019-04,Maule,569.87
2019-04,Ñuble,570.62
2019-04,Biobío,595.27
2019-04,Araucanía,613.74
2019-04,Los Ríos,623.09
2019-04,Los Lagos,611
2019-04,Aysén,626.33
2019-04,Magallanes,614
2019-05,Metropolitana,595.6
2019-05,Arica y Parinacota,613.15
2019-05,Tarapacá,601.16
2019-05,Antofagasta,621.33
2019-05,Atacama,623.25
2019-05,Coquimbo,614.85
2019-05,Valparaíso,590.94
2019-05,O'Higgins,630.6
2019-05,Maule,591.47
2019-05,Ñuble,591.52
2019-05,Biobío,616.32
2019-05,Araucanía,635.14
2019-05,Los Ríos,643.91
2019-05,Los Lagos,631.71
2019-05,Aysén,647.33
2019-05,Magallanes,636.91
2019-06,Metropolitana,613.05
2019-06,Arica y Parinacota,629.85
2019-06,Tarapacá,618.26
2019-06,Antofagasta,638.33
2019-06,Atacama,640.25
2019-06,Coquimbo,632.46
2019-06,Valparaíso,606.5
2019-06,O'Higgins,647.3
2019-06,Maule,609.6
2019-06,Ñuble,608.9
2019-06,Biobío,633.36
2019-06,Araucanía,652.03
2019-06,Los Ríos,660.91
2019-06,Los Lagos,648.43
2019-06,Aysén,664
2019-06,Magallanes,657.36
2019-07,Metropolitana,576.16
2019-07,Arica y Parinacota,605.38
2019-07,Tarapacá,595.26
2019-07,Antofagasta,614.53
2019-07,Atacama,616.25
2019-07,Coquimbo,608.69
2019-07,Valparaíso,581.17
2019-07,O'Higgins,624.35
2019-07,Maule,585.8
2019-07,Ñuble,584.95
2019-07,Biobío,610.77
2019-07,Araucanía,628.24
2019-07,Los Ríos,636.91
2019-07,Los Lagos,624.43
2019-07,Aysén,640.33
2019-07,Magallanes,634.27
2019-08,Metropolitana,579.09
2019-08,Arica y Parinacota,592.38
2019-08,Tarapacá,583.53
2019-08,Antofagasta,601.47
2019-08,Atacama,603.33
2019-08,Coquimbo,596.08
2019-08,Valparaíso,569.39
2019-08,O'Higgins,610.55
2019-08,Maule,572.53
2019-08,Ñuble,573.24
2019-08,Biobío,597.85
2019-08,Araucanía,615
2019-08,Los Ríos,623.09
2019-08,Los Lagos,611.43
2019-08,Aysén,627.33
2019-08,Magallanes,620.55
2019-09,Metropolitana,581.04
2019-09,Arica y Parinacota,594.08
2019-09,Tarapacá,585.21
2019-09,Antofagasta,603.67
2019-09,Atacama,605.25
2019-09,Coquimbo,598.15
2019-09,Valparaíso,569.33
2019-09,O'Higgins,612.65
2019-09,Maule,574.67
2019-09,Ñuble,575.05
2019-09,Biobío,600.92
2019-09,Araucanía,616.76
2019-09,Los Ríos,625.09
2019-09,Los Lagos,613.43
2019-09,Aysén,629.33
2019-09,Magallanes,622.55
2019-10,Metropolitana,605.13
2019-10,Arica y Parinacota,618.69
2019-10,Tarapacá,609.11
2019-10,Antofagasta,627.6
2019-10,Atacama,629.58
2019-10,Coquimbo,622.38
2019-10,Valparaíso,593.61
2019-10,O'Higgins,636.7
2019-10,Maule,598.73
2019-10,Ñuble,599.05
2019-10,Biobío,625.5
2019-10,Araucanía,640.62
2019-10,Los Ríos,649.27
2019-10,Los Lagos,637.29
2019-10,Aysén,653.33
2019-10,Magallanes,646.27
2019-11,Metropolitana,605.87
2019-11,Arica y Parinacota,618.69
2019-11,Tarapacá,609.05
2019-11,Antofagasta,627.6
2019-11,Atacama,630
2019-11,Coquimbo,622.46
2019-11,Valparaíso,591.5
2019-11,O'Higgins,637.6
2019-11,Maule,599
2019-11,Ñuble,599.29
2019-11,Biobío,625.62
2019-11,Araucanía,640.69
2019-11,Los Ríos,648
2019-11,Los Lagos,637.57
2019-11,Aysén,655.33
2019-11,Magallanes,647
2019-12,Metropolitana,617.45
2019-12,Arica y Parinacota,630.85
2019-12,Tarapacá,620.88
2019-12,Antofagasta,639.2
2019-12,Atacama,641.08
2019-12,Coquimbo,634.08
2019-12,Valparaíso,602.78
2019-12,O'Higgins,649.4
2019-12,Maule,610.47
2019-12,Ñuble,611.14
2019-12,Biobío,637.13
2019-12,Araucanía,652.73
2019-12,Los Ríos,658.9
2019-12,Los Lagos,649.86
2019-12,Aysén,667.33
2019-12,Magallanes,659
2020-01,Metropolitana,647.77
2020-01,Arica y Parinacota,661.54
2020-01,Tarapacá,651.06
2020-01,Antofagasta,669.67
2020-01,Atacama,672.75
2020-01,Coquimbo,666.25
2020-01,Valparaíso,635.11
2020-01,O'Higgins,679.8
2020-01,Maule,640.53
2020-01,Ñuble,641.33
2020-01,Biobío,669.96
2020-01,Araucanía,682.77
2020-01,Los Ríos,690.64
2020-01,Los Lagos,681.29
2020-01,Aysén,701.17
2020-01,Magallanes,691.36
2020-02,Metropolitana,650.08
2020-02,Arica y Parinacota,664.54
2020-02,Tarapacá,654.31
2020-02,Antofagasta,672.57
2020-02,Atacama,674.91
2020-02,Coquimbo,667.15
2020-02,Valparaíso,635.44
2020-02,O'Higgins,682.9
2020-02,Maule,645.4
2020-02,Ñuble,645.52
2020-02,Biobío,670.64
2020-02,Araucanía,684.2
2020-02,Los Ríos,692.18
2020-02,Los Lagos,682.57
2020-02,Aysén,705.67
2020-02,Magallanes,692.82
2020-03,Metropolitana,627.47
2020-03,Arica y Parinacota,642.85
2020-03,Tarapacá,632.56
2020-03,Antofagasta,650.79
2020-03,Atacama,651.64
2020-03,Coquimbo,643.31
2020-03,Valparaíso,612.94
2020-03,O'Higgins,661.89
2020-03,Maule,623.93
2020-03,Ñuble,621.95
2020-03,Biobío,647.44
2020-03,Araucanía,660.83
2020-03,Los Ríos,669.45
2020-03,Los Lagos,661.29
2020-03,Aysén,683.33
2020-03,Magallanes,670.82
2020-04,Metropolitana,596.98
2020-04,Arica y Parinacota,612.77
2020-04,Tarapacá,602.5
2020-04,Antofagasta,622.79
2020-04,Atacama,622.82
2020-04,Coquimbo,613.23
2020-04,Valparaíso,583.33
2020-04,O'Higgins,632.16
2020-04,Maule,594.67
2020-04,Ñuble,591.9
2020-04,Biobío,616.92
2020-04,Araucanía,630.73
2020-04,Los Ríos,639.55
2020-04,Los Lagos,630.43
2020-04,Aysén,653.33
2020-04,Magallanes,641.27
2020-05,Metropolitana,575.28
2020-05,Arica y Parinacota,591.46
2020-05,Tarapacá,582.75
2020-05,Antofagasta,600.5
2020-05,Atacama,599.55
2020-05,Coquimbo,591.23
2020-05,Valparaíso,559.94
2020-05,O'Higgins,609.58
2020-05,Maule,574.2
2020-05,Ñuble,571
2020-05,Biobío,594.08
2020-05,Araucanía,607.43
2020-05,Los Ríos,615.91
2020-05,Los Lagos,608.86
2020-05,Aysén,633.17
2020-05,Magallanes,619.45
2020-06,Metropolitana,550.42
2020-06,Arica y Parinacota,571.23
2020-06,Tarapacá,562.63
2020-06,Antofagasta,579.5
2020-06,Atacama,578.18
2020-06,Coquimbo,570.23
2020-06,Valparaíso,536.33
2020-06,O'Higgins,585.58
2020-06,Maule,549.87
2020-06,Ñuble,546.86
2020-06,Biobío,569.83
2020-06,Araucanía,583.1
2020-06,Los Ríos,590.91
2020-06,Los Lagos,586.86
2020-06,Aysén,610.33
2020-06,Magallanes,600.09
2020-07,Metropolitana,521.53
2020-07,Arica y Parinacota,544.31
2020-07,Tarapacá,536.63
2020-07,Antofagasta,551.21
2020-07,Atacama,550.3
2020-07,Coquimbo,541.69
2020-07,Valparaíso,506.89
2020-07,O'Higgins,556.3
2020-07,Maule,521.4
2020-07,Ñuble,517.86
2020-07,Biobío,541.46
2020-07,Araucanía,553.3
2020-07,Los Ríos,560.91
2020-07,Los Lagos,557
2020-07,Aysén,582.33
2020-07,Magallanes,573.73
2020-08,Metropolitana,497.6
2020-08,Arica y Parinacota,520
2020-08,Tarapacá,514
2020-08,Antofagasta,529
2020-08,Atacama,526
2020-08,Coquimbo,518
2020-08,Valparaíso,483
2020-08,O'Higgins,535
2020-08,Maule,497
2020-08,Ñuble,494
2020-08,Biobío,517
2020-08,Araucanía,530
2020-08,Los Ríos,538
2020-08,Los Lagos,533
2020-08,Aysén,558
2020-08,Magallanes,550
2020-09,Metropolitana,493.57
2020-09,Arica y Parinacota,511.31
2020-09,Tarapacá,507.25
2020-09,Antofagasta,521
2020-09,Atacama,516.1
2020-09,Coquimbo,508.58
2020-09,Valparaíso,479.06
2020-09,O'Higgins,534.15
2020-09,Maule,491.87
2020-09,Ñuble,487.95
2020-09,Biobío,513.29
2020-09,Araucanía,526.27
2020-09,Los Ríos,528.27
2020-09,Los Lagos,523
2020-09,Aysén,549.33
2020-09,Magallanes,547.45
2020-10,Metropolitana,468.34
2020-10,Arica y Parinacota,487.77
2020-10,Tarapacá,485.25
2020-10,Antofagasta,500.36
2020-10,Atacama,492.82
2020-10,Coquimbo,485.17
2020-10,Valparaíso,455.78
2020-10,O'Higgins,506.05
2020-10,Maule,472.73
2020-10,Ñuble,463.76
2020-10,Biobío,489.58
2020-10,Araucanía,502.9
2020-10,Los Ríos,503.18
2020-10,Los Lagos,499
2020-10,Aysén,529.5
2020-10,Magallanes,525.45
2020-11,Metropolitana,470.28
2020-11,Arica y Parinacota,490.54
2020-11,Tarapacá,489.38
2020-11,Antofagasta,503.57
2020-11,Atacama,493.45
2020-11,Coquimbo,488.42
2020-11,Valparaíso,458.72
2020-11,O'Higgins,508.21
2020-11,Maule,473.53
2020-11,Ñuble,468.86
2020-11,Biobío,492.54
2020-11,Araucanía,505.27
2020-11,Los Ríos,506.64
2020-11,Los Lagos,503
2020-11,Aysén,529.33
2020-11,Magallanes,528.18
2020-12,Metropolitana,474
2020-12,Arica y Parinacota,494.38
2020-12,Tarapacá,494.25
2020-12,Antofagasta,508.29
2020-12,Atacama,496.1
2020-12,Coquimbo,493.67
2020-12,Valparaíso,461.71
2020-12,O'Higgins,513
2020-12,Maule,477.13
2020-12,Ñuble,473.43
2020-12,Biobío,497.42
2020-12,Araucanía,510.47
2020-12,Los Ríos,511.2
2020-12,Los Lagos,508
2020-12,Aysén,533.33
2020-12,Magallanes,533
2021-01,Metropolitana,495.98
2021-01,Arica y Parinacota,522.38
2021-01,Tarapacá,522.63
2021-01,Antofagasta,535.14
2021-01,Atacama,528.27
2021-01,Coquimbo,523.5
2021-01,Valparaíso,486.67
2021-01,O'Higgins,539.25
2021-01,Maule,501.93
2021-01,Ñuble,497.43
2021-01,Biobío,521.04
2021-01,Araucanía,534.57
2021-01,Los Ríos,535
2021-01,Los Lagos,532.29
2021-01,Aysén,555.33
2021-01,Magallanes,564.64
2021-02,Metropolitana,517.4
2021-02,Arica y Parinacota,546
2021-02,Tarapacá,546
2021-02,Antofagasta,556
2021-02,Atacama,552
2021-02,Coquimbo,550
2021-02,Valparaíso,510
2021-02,O'Higgins,564
2021-02,Maule,525
2021-02,Ñuble,521
2021-02,Biobío,544
2021-02,Araucanía,557
2021-02,Los Ríos,559
2021-02,Los Lagos,556
2021-02,Aysén,578
2021-02,Magallanes,595
2021-03,Metropolitana,543.9
2021-03,Arica y Parinacota,570
2021-03,Tarapacá,569
2021-03,Antofagasta,582
2021-03,Atacama,579
2021-03,Coquimbo,574
2021-03,Valparaíso,534
2021-03,O'Higgins,587
2021-03,Maule,549
2021-03,Ñuble,546
2021-03,Biobío,568
2021-03,Araucanía,582
2021-03,Los Ríos,583
2021-03,Los Lagos,579
2021-03,Aysén,604
2021-03,Magallanes,622
2021-04,Metropolitana,575.6
2021-04,Arica y Parinacota,599.38
2021-04,Tarapacá,599.25
2021-04,Antofagasta,612.07
2021-04,Atacama,609.45
2021-04,Coquimbo,603.67
2021-04,Valparaíso,564.83
2021-04,O'Higgins,617.75
2021-04,Maule,578.6
2021-04,Ñuble,577.24
2021-04,Biobío,597.78
2021-04,Araucanía,612.77
2021-04,Los Ríos,612.45
2021-04,Los Lagos,609
2021-04,Aysén,634.2
2021-04,Magallanes,653
2021-05,Metropolitana,583.56
2021-05,Arica y Parinacota,606
2021-05,Tarapacá,605
2021-05,Antofagasta,618
2021-05,Atacama,616
2021-05,Coquimbo,610
2021-05,Valparaíso,572
2021-05,O'Higgins,624
2021-05,Maule,587
2021-05,Ñuble,588
2021-05,Biobío,603
2021-05,Araucanía,620
2021-05,Los Ríos,620
2021-05,Los Lagos,615
2021-05,Aysén,641
2021-05,Magallanes,658
2021-06,Metropolitana,617.5
2021-06,Arica y Parinacota,641
2021-06,Tarapacá,639
2021-06,Antofagasta,649
2021-06,Atacama,648
2021-06,Coquimbo,640
2021-06,Valparaíso,605
2021-06,O'Higgins,657
2021-06,Maule,623
2021-06,Ñuble,621
2021-06,Biobío,635
2021-06,Araucanía,654
2021-06,Los Ríos,650
2021-06,Los Lagos,647
2021-06,Aysén,676
2021-06,Magallanes,694
2021-07,Metropolitana,644.5
2021-07,Arica y Parinacota,668
2021-07,Tarapacá,665
2021-07,Antofagasta,673
2021-07,Atacama,672
2021-07,Coquimbo,664
2021-07,Valparaíso,632
2021-07,O'Higgins,686
2021-07,Maule,649
2021-07,Ñuble,648
2021-07,Biobío,660
2021-07,Araucanía,681
2021-07,Los Ríos,675
2021-07,Los Lagos,671
2021-07,Aysén,704
2021-07,Magallanes,723
2021-08,Metropolitana,672.15
2021-08,Arica y Parinacota,696.08
2021-08,Tarapacá,693.24
2021-08,Antofagasta,696.43
2021-08,Atacama,698.73
2021-08,Coquimbo,688.5
2021-08,Valparaíso,661.67
2021-08,O'Higgins,711.65
2021-08,Maule,678.4
2021-08,Ñuble,675.14
2021-08,Biobío,684.52
2021-08,Araucanía,708.23
2021-08,Los Ríos,699.18
2021-08,Los Lagos,695.57
2021-08,Aysén,731.6
2021-08,Magallanes,750.73
2021-09,Metropolitana,679.79
2021-09,Arica y Parinacota,702
2021-09,Tarapacá,700
2021-09,Antofagasta,699
2021-09,Atacama,704
2021-09,Coquimbo,692
2021-09,Valparaíso,666
2021-09,O'Higgins,718
2021-09,Maule,686
2021-09,Ñuble,681
2021-09,Biobío,689
2021-09,Araucanía,715
2021-09,Los Ríos,702
2021-09,Los Lagos,699
2021-09,Aysén,738
2021-09,Magallanes,757
2021-10,Metropolitana,706.75
2021-10,Arica y Parinacota,730.08
2021-10,Tarapacá,726.47
2021-10,Antofagasta,723.6
2021-10,Atacama,728.09
2021-10,Coquimbo,716.58
2021-10,Valparaíso,693.35
2021-10,O'Higgins,744.42
2021-10,Maule,714.73
2021-10,Ñuble,708.67
2021-10,Biobío,716
2021-10,Araucanía,742.27
2021-10,Los Ríos,726.36
2021-10,Los Lagos,723.43
2021-10,Aysén,764.33
2021-10,Magallanes,785.36
2021-11,Metropolitana,735.75
2021-11,Arica y Parinacota,761.08
2021-11,Tarapacá,755.24
2021-11,Antofagasta,752.2
2021-11,Atacama,757.27
2021-11,Coquimbo,745.33
2021-11,Valparaíso,721.88
2021-11,O'Higgins,774.39
2021-11,Maule,746.53
2021-11,Ñuble,738.57
2021-11,Biobío,747.96
2021-11,Araucanía,773.3
2021-11,Los Ríos,754.73
2021-11,Los Lagos,752
2021-11,Aysén,790
2021-11,Magallanes,813.09
2021-12,Metropolitana,760.02
2021-12,Arica y Parinacota,787.31
2021-12,Tarapacá,779.53
2021-12,Antofagasta,778.2
2021-12,Atacama,782.09
2021-12,Coquimbo,770.83
2021-12,Valparaíso,747.06
2021-12,O'Higgins,798.68
2021-12,Maule,770.13
2021-12,Ñuble,763.67
2021-12,Biobío,774.43
2021-12,Araucanía,798.93
2021-12,Los Ríos,782
2021-12,Los Lagos,778.29
2021-12,Aysén,804
2021-12,Magallanes,827.09
2022-01,Metropolitana,785.42
2022-01,Arica y Parinacota,814.08
2022-01,Tarapacá,804.29
2022-01,Antofagasta,804.27
2022-01,Atacama,806.36
2022-01,Coquimbo,797.5
2022-01,Valparaíso,774.88
2022-01,O'Higgins,825.8
2022-01,Maule,796.4
2022-01,Ñuble,790.95
2022-01,Biobío,802.22
2022-01,Araucanía,825.97
2022-01,Los Ríos,808.91
2022-01,Los Lagos,805.14
2022-01,Aysén,836
2022-01,Magallanes,857.73
2022-02,Metropolitana,818.02
2022-02,Arica y Parinacota,852.31
2022-02,Tarapacá,850.24
2022-02,Antofagasta,852.73
2022-02,Atacama,851.73
2022-02,Coquimbo,840.92
2022-02,Valparaíso,809
2022-02,O'Higgins,855.35
2022-02,Maule,827.67
2022-02,Ñuble,822.95
2022-02,Biobío,835.26
2022-02,Araucanía,857.17
2022-02,Los Ríos,856.45
2022-02,Los Lagos,853.43
2022-02,Aysén,873
2022-02,Magallanes,893.55
2022-03,Metropolitana,843.25
2022-03,Arica y Parinacota,878.62
2022-03,Tarapacá,875.29
2022-03,Antofagasta,879.13
2022-03,Atacama,879.45
2022-03,Coquimbo,869.42
2022-03,Valparaíso,836.82
2022-03,O'Higgins,883.53
2022-03,Maule,853.47
2022-03,Ñuble,850.19
2022-03,Biobío,861.83
2022-03,Araucanía,884.31
2022-03,Los Ríos,882.18
2022-03,Los Lagos,879.14
2022-03,Aysén,903.67
2022-03,Magallanes,922.27
2022-04,Metropolitana,871
2022-04,Arica y Parinacota,905.54
2022-04,Tarapacá,901.65
2022-04,Antofagasta,905.4
2022-04,Atacama,906.64
2022-04,Coquimbo,895.5
2022-04,Valparaíso,865.12
2022-04,O'Higgins,910.37
2022-04,Maule,882.87
2022-04,Ñuble,877.38
2022-04,Biobío,889.83
2022-04,Araucanía,913.38
2022-04,Los Ríos,909.55
2022-04,Los Lagos,907
2022-04,Aysén,935
2022-04,Magallanes,951.64
2022-05,Metropolitana,899.15
2022-05,Arica y Parinacota,933.54
2022-05,Tarapacá,928.35
2022-05,Antofagasta,931
2022-05,Atacama,935.91
2022-05,Coquimbo,923.5
2022-05,Valparaíso,892.18
2022-05,O'Higgins,937.79
2022-05,Maule,911.6
2022-05,Ñuble,905.19
2022-05,Biobío,917.83
2022-05,Araucanía,940.9
2022-05,Los Ríos,938.18
2022-05,Los Lagos,935
2022-05,Aysén,965
2022-05,Magallanes,981
2022-06,Metropolitana,933.88
2022-06,Arica y Parinacota,967.46
2022-06,Tarapacá,962.53
2022-06,Antofagasta,962.93
2022-06,Atacama,967.73
2022-06,Coquimbo,959.83
2022-06,Valparaíso,932.53
2022-06,O'Higgins,972.85
2022-06,Maule,946.4
2022-06,Ñuble,940.43
2022-06,Biobío,953
2022-06,Araucanía,976.1
2022-06,Los Ríos,971.73
2022-06,Los Lagos,970.71
2022-06,Aysén,1000
2022-06,Magallanes,1013.36
2022-07,Metropolitana,978
2022-07,Arica y Parinacota,1012
2022-07,Tarapacá,1008
2022-07,Antofagasta,1008
2022-07,Atacama,1012
2022-07,Coquimbo,1005
2022-07,Valparaíso,954
2022-07,O'Higgins,1017
2022-07,Maule,992
2022-07,Ñuble,985
2022-07,Biobío,996
2022-07,Araucanía,1020
2022-07,Los Ríos,1019
2022-07,Los Lagos,1016
2022-07,Aysén,1047
2022-07,Magallanes,1059
2022-08,Metropolitana,1028.21
2022-08,Arica y Parinacota,1063.62
2022-08,Tarapacá,1057.88
2022-08,Antofagasta,1059.13
2022-08,Atacama,1064.18
2022-08,Coquimbo,1055.82
2022-08,Valparaíso,1024.71
2022-08,O'Higgins,1068.05
2022-08,Maule,1045.67
2022-08,Ñuble,1038.33
2022-08,Biobío,1048.36
2022-08,Araucanía,1075
2022-08,Los Ríos,1071.36
2022-08,Los Lagos,1069.71
2022-08,Aysén,1102
2022-08,Magallanes,1121.18
2022-09,Metropolitana,1084
2022-09,Arica y Parinacota,1117.69
2022-09,Tarapacá,1114.94
2022-09,Antofagasta,1117.93
2022-09,Atacama,1120.09
2022-09,Coquimbo,1113.3
2022-09,Valparaíso,1081.12
2022-09,O'Higgins,1125.2
2022-09,Maule,1099.93
2022-09,Ñuble,1093.76
2022-09,Biobío,1103.7
2022-09,Araucanía,1131.27
2022-09,Los Ríos,1126.82
2022-09,Los Lagos,1126
2022-09,Aysén,1150.67
2022-09,Magallanes,1176.82
2022-10,Metropolitana,1123.27
2022-10,Arica y Parinacota,1157.46
2022-10,Tarapacá,1155.35
2022-10,Antofagasta,1158.8
2022-10,Atacama,1161.27
2022-10,Coquimbo,1153.36
2022-10,Valparaíso,1120.94
2022-10,O'Higgins,1165.8
2022-10,Maule,1144.64
2022-10,Ñuble,1133.43
2022-10,Biobío,1145.27
2022-10,Araucanía,1171.13
2022-10,Los Ríos,1168.18
2022-10,Los Lagos,1166.71
2022-10,Aysén,1202
2022-10,Magallanes,1219.91
2022-11,Metropolitana,1177.67
2022-11,Arica y Parinacota,1213.77
2022-11,Tarapacá,1209.24
2022-11,Antofagasta,1215.2
2022-11,Atacama,1216.18
2022-11,Coquimbo,1210.27
2022-11,Valparaíso,1177.41
2022-11,O'Higgins,1219.95
2022-11,Maule,1200.71
2022-11,Ñuble,1188.95
2022-11,Biobío,1201
2022-11,Araucanía,1228.48
2022-11,Los Ríos,1222.64
2022-11,Los Lagos,1222.86
2022-11,Aysén,1261
2022-11,Magallanes,1279
2022-12,Metropolitana,1190.4
2022-12,Arica y Parinacota,1227.38
2022-12,Tarapacá,1221.69
2022-12,Antofagasta,1227.33
2022-12,Atacama,1228.82
2022-12,Coquimbo,1221.55
2022-12,Valparaíso,1190.71
2022-12,O'Higgins,1256.4
2022-12,Maule,1212.21
2022-12,Ñuble,1200.71
2022-12,Biobío,1213
2022-12,Araucanía,1240.79
2022-12,Los Ríos,1236.18
2022-12,Los Lagos,1234.14
2022-12,Aysén,1272
2022-12,Magallanes,1287
2023-01,Metropolitana,1166.88
2023-01,Arica y Parinacota,1205
2023-01,Tarapacá,1198.41
2023-01,Antofagasta,1203.07
2023-01,Atacama,1205.73
2023-01,Coquimbo,1198.55
2023-01,Valparaíso,1169.35
2023-01,O'Higgins,1212.1
2023-01,Maule,1188.08
2023-01,Ñuble,1178.95
2023-01,Biobío,1189.71
2023-01,Araucanía,1217.83
2023-01,Los Ríos,1212.18
2023-01,Los Lagos,1211
2023-01,Aysén,1248.33
2023-01,Magallanes,1259.09
2023-02,Metropolitana,1078.82
2023-02,Arica y Parinacota,1113.85
2023-02,Tarapacá,1109.41
2023-02,Antofagasta,1112.87
2023-02,Atacama,1118.09
2023-02,Coquimbo,1110.67
2023-02,Valparaíso,1082.25
2023-02,O'Higgins,1119.6
2023-02,Maule,1097.5
2023-02,Ñuble,1088.1
2023-02,Biobío,1095.86
2023-02,Araucanía,1128.2
2023-02,Los Ríos,1122
2023-02,Los Lagos,1122.14
2023-02,Aysén,1167.17
2023-02,Magallanes,1166.36
2023-03,Metropolitana,1098.26
2023-03,Arica y Parinacota,1135.15
2023-03,Tarapacá,1127.94
2023-03,Antofagasta,1133.4
2023-03,Atacama,1138.7
2023-03,Coquimbo,1129.91
2023-03,Valparaíso,1102.25
2023-03,O'Higgins,1141.05
2023-03,Maule,1118.21
2023-03,Ñuble,1110.14
2023-03,Biobío,1116.24
2023-03,Araucanía,1149.3
2023-03,Los Ríos,1142.27
2023-03,Los Lagos,1143.14
2023-03,Aysén,1182.67
2023-03,Magallanes,1183.73
2023-04,Metropolitana,1056.94
2023-04,Arica y Parinacota,1094.54
2023-04,Tarapacá,1086.53
2023-04,Antofagasta,1092.87
2023-04,Atacama,1097.09
2023-04,Coquimbo,1087.83
2023-04,Valparaíso,1062.24
2023-04,O'Higgins,1098.6
2023-04,Maule,1075.57
2023-04,Ñuble,1066.1
2023-04,Biobío,1074.24
2023-04,Araucanía,1105.73
2023-04,Los Ríos,1100.73
2023-04,Los Lagos,1100.14
2023-04,Aysén,1152.17
2023-04,Magallanes,1146.55
2023-05,Metropolitana,1041.67
2023-05,Arica y Parinacota,1077.85
2023-05,Tarapacá,1069.94
2023-05,Antofagasta,1077.73
2023-05,Atacama,1081.36
2023-05,Coquimbo,1071.75
2023-05,Valparaíso,1046.76
2023-05,O'Higgins,1083.11
2023-05,Maule,1060.79
2023-05,Ñuble,1051.71
2023-05,Biobío,1059
2023-05,Araucanía,1090.5
2023-05,Los Ríos,1084.73
2023-05,Los Lagos,1084.86
2023-05,Aysén,1123
2023-05,Magallanes,1133.27
2023-06,Metropolitana,1011.61
2023-06,Arica y Parinacota,1048.92
2023-06,Tarapacá,1043.87
2023-06,Antofagasta,1049.6
2023-06,Atacama,1053
2023-06,Coquimbo,1043
2023-06,Valparaíso,1015.41
2023-06,O'Higgins,1051.84
2023-06,Maule,1030.43
2023-06,Ñuble,1021.48
2023-06,Biobío,1029.57
2023-06,Araucanía,1062.62
2023-06,Los Ríos,1057.18
2023-06,Los Lagos,1056
2023-06,Aysén,1091.33
2023-06,Magallanes,1101.18
2023-07,Metropolitana,997.57
2023-07,Arica y Parinacota,1033.92
2023-07,Tarapacá,1027.46
2023-07,Antofagasta,1036.4
2023-07,Atacama,1035.27
2023-07,Coquimbo,1029.08
2023-07,Valparaíso,1000.53
2023-07,O'Higgins,1038.7
2023-07,Maule,1016.21
2023-07,Ñuble,1007.3
2023-07,Biobío,1015.38
2023-07,Araucanía,1046.4
2023-07,Los Ríos,1042.2
2023-07,Los Lagos,1043.29
2023-07,Aysén,1075.67
2023-07,Magallanes,1086.55
2023-08,Metropolitana,969.67
2023-08,Arica y Parinacota,1005.77
2023-08,Tarapacá,998.85
2023-08,Antofagasta,1010.93
2023-08,Atacama,1008.82
2023-08,Coquimbo,1000.83
2023-08,Valparaíso,970.94
2023-08,O'Higgins,1010.95
2023-08,Maule,986.36
2023-08,Ñuble,977.81
2023-08,Biobío,987.43
2023-08,Araucanía,1015.9
2023-08,Los Ríos,1012
2023-08,Los Lagos,1016
2023-08,Aysén,1048
2023-08,Magallanes,1061
2023-09,Metropolitana,986.02
2023-09,Arica y Parinacota,1021.92
2023-09,Tarapacá,1012.69
2023-09,Antofagasta,1027.73
2023-09,Atacama,1021.27
2023-09,Coquimbo,1017.83
2023-09,Valparaíso,989.53
2023-09,O'Higgins,1026.25
2023-09,Maule,1003.5
2023-09,Ñuble,994.76
2023-09,Biobío,1001.14
2023-09,Araucanía,1032.17
2023-09,Los Ríos,1027.45
2023-09,Los Lagos,1028.86
2023-09,Aysén,1059.33
2023-09,Magallanes,1079.09
2023-10,Metropolitana,999.88
2023-10,Arica y Parinacota,1039.92
2023-10,Tarapacá,1032.5
2023-10,Antofagasta,1046.29
2023-10,Atacama,1039
2023-10,Coquimbo,1037
2023-10,Valparaíso,1005.71
2023-10,O'Higgins,1043.4
2023-10,Maule,1019.71
2023-10,Ñuble,1011.76
2023-10,Biobío,1020.33
2023-10,Araucanía,1048.66
2023-10,Los Ríos,1044.55
2023-10,Los Lagos,1046.86
2023-10,Aysén,1077.83
2023-10,Magallanes,1098.09
2023-11,Metropolitana,1016.33
2023-11,Arica y Parinacota,1074.54
2023-11,Tarapacá,1066.85
2023-11,Antofagasta,1081.54
2023-11,Atacama,1073.27
2023-11,Coquimbo,1069.45
2023-11,Valparaíso,1043.2
2023-11,O'Higgins,1077.63
2023-11,Maule,1051.83
2023-11,Ñuble,1043.53
2023-11,Biobío,1052.79
2023-11,Araucanía,1081.5
2023-11,Los Ríos,1077.45
2023-11,Los Lagos,1079.86
2023-11,Aysén,1111.83
2023-11,Magallanes,1133.82
2023-12,Metropolitana,1050.49
2023-12,Arica y Parinacota,1090.77
2023-12,Tarapacá,1082.43
2023-12,Antofagasta,1098.07
2023-12,Atacama,1090
2023-12,Coquimbo,1115.82
2023-12,Valparaíso,1062.29
2023-12,O'Higgins,1093.61
2023-12,Maule,1068.58
2023-12,Ñuble,1062.28
2023-12,Biobío,1068.94
2023-12,Araucanía,1098.92
2023-12,Los Ríos,1093.09
2023-12,Los Lagos,1096
2023-12,Aysén,1128
2023-12,Magallanes,1146.45
2024-01,Metropolitana,1019.66
2024-01,Arica y Parinacota,1058.85
2024-01,Tarapacá,1055.43
2024-01,Antofagasta,1066.14
2024-01,Atacama,1058.09
2024-01,Coquimbo,1057.64
2024-01,Valparaíso,1029.93
2024-01,O'Higgins,1064.61
2024-01,Maule,1029.31
2024-01,Ñuble,1031.17
2024-01,Biobío,1036.82
2024-01,Araucanía,1068.68
2024-01,Los Ríos,1062.73
2024-01,Los Lagos,1064.17
2024-01,Aysén,1102.33
2024-01,Magallanes,1115.45
2024-02,Metropolitana,1007.29
2024-02,Arica y Parinacota,1051.92
2024-02,Tarapacá,1047.67
2024-02,Antofagasta,1058.14
2024-02,Atacama,1052.64
2024-02,Coquimbo,1048.45
2024-02,Valparaíso,1019.6
2024-02,O'Higgins,1060.06
2024-02,Maule,1017
2024-02,Ñuble,963.78
2024-02,Biobío,1027.53
2024-02,Araucanía,1056.14
2024-02,Los Ríos,1057.09
2024-02,Los Lagos,1058.71
2024-02,Aysén,1095.17
2024-02,Magallanes,1115.36
2024-03,Metropolitana,1040.58
2024-03,Arica y Parinacota,1086.67
2024-03,Tarapacá,1079.47
2024-03,Antofagasta,1092.69
2024-03,Atacama,1087.45
2024-03,Coquimbo,1084.27
2024-03,Valparaíso,1050.87
2024-03,O'Higgins,1093.12
2024-03,Maule,1047.38
2024-03,Ñuble,1052.22
2024-03,Biobío,1058.18
2024-03,Araucanía,1087.85
2024-03,Los Ríos,1091.18
2024-03,Los Lagos,1093.29
2024-03,Aysén,1125
2024-03,Magallanes,1151
2024-04,Metropolitana,1056.84
2024-04,Arica y Parinacota,1102.58
2024-04,Tarapacá,1095.38
2024-04,Antofagasta,1111
2024-04,Atacama,1105.45
2024-04,Coquimbo,1098.82
2024-04,Valparaíso,1070.6
2024-04,O'Higgins,1112
2024-04,Maule,1061.31
2024-04,Ñuble,1068.28
2024-04,Biobío,1075.29
2024-04,Araucanía,1105.32
2024-04,Los Ríos,1107.45
2024-04,Los Lagos,1110.29
2024-04,Aysén,1175.33
2024-04,Magallanes,1169
2024-05,Metropolitana,1050.47
2024-05,Arica y Parinacota,1095.42
2024-05,Tarapacá,1088.5
2024-05,Antofagasta,1103.79
2024-05,Atacama,1097.45
2024-05,Coquimbo,1092.09
2024-05,Valparaíso,1063.67
2024-05,O'Higgins,1105.71
2024-05,Maule,1053.46
2024-05,Ñuble,1062
2024-05,Biobío,1070.17
2024-05,Araucanía,1098.36
2024-05,Los Ríos,1114.18
2024-05,Los Lagos,1103.14
2024-05,Aysén,1142.5
2024-05,Magallanes,1165.73
2024-06,Metropolitana,1029.35
2024-06,Arica y Parinacota,1070.83
2024-06,Tarapacá,1066.44
2024-06,Antofagasta,1078
2024-06,Atacama,1074.09
2024-06,Coquimbo,1068.27
2024-06,Valparaíso,1039.67
2024-06,O'Higgins,1080.53
2024-06,Maule,1030.08
2024-06,Ñuble,1037.78
2024-06,Biobío,1044.89
2024-06,Araucanía,1074.57
2024-06,Los Ríos,1078
2024-06,Los Lagos,1079.14
2024-06,Aysén,1117.33
2024-06,Magallanes,1134.55
2024-07,Metropolitana,1010.49
2024-07,Arica y Parinacota,1049.83
2024-07,Tarapacá,1044.5
2024-07,Antofagasta,1057.86
2024-07,Atacama,1054.18
2024-07,Coquimbo,1048.45
2024-07,Valparaíso,1020.13
2024-07,O'Higgins,1061.65
2024-07,Maule,1009.92
2024-07,Ñuble,1016.28
2024-07,Biobío,1023
2024-07,Araucanía,1052.46
2024-07,Los Ríos,1057.82
2024-07,Los Lagos,1064.57
2024-07,Aysén,1096.83
2024-07,Magallanes,1115.18
2024-08,Metropolitana,1008.2
2024-08,Arica y Parinacota,1052.17
2024-08,Tarapacá,1045.25
2024-08,Antofagasta,1059
2024-08,Atacama,1055.09
2024-08,Coquimbo,1049.45
2024-08,Valparaíso,1021
2024-08,O'Higgins,1063.69
2024-08,Maule,1010.38
2024-08,Ñuble,1016.83
2024-08,Biobío,1026
2024-08,Araucanía,1054
2024-08,Los Ríos,1059.82
2024-08,Los Lagos,1060.86
2024-08,Aysén,1105.83
2024-08,Magallanes,1117.45
2024-09,Metropolitana,988.15
2024-09,Arica y Parinacota,1030.5
2024-09,Tarapacá,1023.25
2024-09,Antofagasta,1037.07
2024-09,Atacama,1032.82
2024-09,Coquimbo,1029.45
2024-09,Valparaíso,999.07
2024-09,O'Higgins,1040.56
2024-09,Maule,988.33
2024-09,Ñuble,994.72
2024-09,Biobío,1005.61
2024-09,Araucanía,1031.41
2024-09,Los Ríos,1038.36
2024-09,Los Lagos,1039
2024-09,Aysén,1077
2024-09,Magallanes,1093.09
2024-10,Metropolitana,946.55
2024-10,Arica y Parinacota,991.17
2024-10,Tarapacá,980.94
2024-10,Antofagasta,997.07
2024-10,Atacama,992.91
2024-10,Coquimbo,986.7
2024-10,Valparaíso,960.07
2024-10,O'Higgins,1001.71
2024-10,Maule,949.42
2024-10,Ñuble,955.78
2024-10,Biobío,966.5
2024-10,Araucanía,992.72
2024-10,Los Ríos,998.64
2024-10,Los Lagos,1000
2024-10,Aysén,1040.33
2024-10,Magallanes,1053.91
2024-11,Metropolitana,945.18
2024-11,Arica y Parinacota,989.5
2024-11,Tarapacá,979.94
2024-11,Antofagasta,997.29
2024-11,Atacama,992.45
2024-11,Coquimbo,986.6
2024-11,Valparaíso,962.2
2024-11,O'Higgins,1001.76
2024-11,Maule,947.23
2024-11,Ñuble,953.83
2024-11,Biobío,964.28
2024-11,Araucanía,989.45
2024-11,Los Ríos,998.73
2024-11,Los Lagos,1000.14
2024-11,Aysén,1041
2024-11,Magallanes,1055.64
2024-12,Metropolitana,951.51
2024-12,Arica y Parinacota,997.58
2024-12,Tarapacá,986.25
2024-12,Antofagasta,1005.57
2024-12,Atacama,1002.45
2024-12,Coquimbo,996.6
2024-12,Valparaíso,966.47
2024-12,O'Higgins,1013.28
2024-12,Maule,950.54
2024-12,Ñuble,962.39
2024-12,Biobío,976.28
2024-12,Araucanía,997.5
2024-12,Los Ríos,1004.09
2024-12,Los Lagos,1010
2024-12,Aysén,1049.67
2024-12,Magallanes,1065.91
2025-01,Metropolitana,957.45
2025-01,Arica y Parinacota,1030.67
2025-01,Tarapacá,1020.94
2025-01,Antofagasta,1038.71
2025-01,Atacama,1036.18
2025-01,Coquimbo,1031.33
2025-01,Valparaíso,971.93
2025-01,O'Higgins,1015.69
2025-01,Maule,958.54
2025-01,Ñuble,968.06
2025-01,Biobío,976.18
2025-01,Araucanía,1002.29
2025-01,Los Ríos,1031.91
2025-01,Los Lagos,1037.43
2025-01,Aysén,1099.17
2025-01,Magallanes,1105.45
2025-02,Metropolitana,1001.68
2025-02,Arica y Parinacota,1077.75
2025-02,Tarapacá,1066.5
2025-02,Antofagasta,1084.5
2025-02,Atacama,1078.82
2025-02,Coquimbo,1074.56
2025-02,Valparaíso,1013.53
2025-02,O'Higgins,1058.67
2025-02,Maule,1003.46
2025-02,Ñuble,1009.39
2025-02,Biobío,1020.61
2025-02,Araucanía,1045.58
2025-02,Los Ríos,1075.36
2025-02,Los Lagos,1082.57
2025-02,Aysén,1141.67
2025-02,Magallanes,1152.64
2025-03,Metropolitana,1004.43
2025-03,Arica y Parinacota,1077.75
2025-03,Tarapacá,1067.31
2025-03,Antofagasta,1086.07
2025-03,Atacama,1081.2
2025-03,Coquimbo,1078.13
2025-03,Valparaíso,1015.6
2025-03,O'Higgins,1061.47
2025-03,Maule,1005.85
2025-03,Ñuble,1540
2025-03,Biobío,1021.44
2025-03,Araucanía,1049.96
2025-03,Los Ríos,1081.64
2025-03,Los Lagos,1083
2025-03,Aysén,1141.33
2025-03,Magallanes,1151.27
2025-04,Metropolitana,963.89
2025-04,Arica y Parinacota,1041.67
2025-04,Tarapacá,1027.88
2025-04,Antofagasta,1044.57
2025-04,Atacama,1038.3
2025-04,Coquimbo,1034.75
2025-04,Valparaíso,970
2025-04,O'Higgins,1025.89
2025-04,Maule,963.23
2025-04,Ñuble,973.89
2025-04,Biobío,985
2025-04,Araucanía,1013.31
2025-04,Los Ríos,1042.55
2025-04,Los Lagos,1041
2025-04,Aysén,1104
2025-04,Magallanes,1108.27
2025-05,Metropolitana,953.11
2025-05,Arica y Parinacota,1025.83
2025-05,Tarapacá,1034.56
2025-05,Antofagasta,1034.36
2025-05,Atacama,1029.5
2025-05,Coquimbo,1024.78
2025-05,Valparaíso,963.4
2025-05,O'Higgins,1011.21
2025-05,Maule,954.15
2025-05,Ñuble,963.32
2025-05,Biobío,975.53
2025-05,Araucanía,999.54
2025-05,Los Ríos,1030.09
2025-05,Los Lagos,1032
2025-05,Aysén,1091.83
2025-05,Magallanes,1101.09
2025-06,Metropolitana,942.32
2025-06,Arica y Parinacota,1014.67
2025-06,Tarapacá,1004.38
2025-06,Antofagasta,1023.07
2025-06,Atacama,1017.2
2025-06,Coquimbo,1013.56
2025-06,Valparaíso,953.2
2025-06,O'Higgins,998.47
2025-06,Maule,943.62
2025-06,Ñuble,952.32
2025-06,Biobío,963.65
2025-06,Araucanía,989.81
2025-06,Los Ríos,1017.64
2025-06,Los Lagos,1020.71
2025-06,Aysén,1078
2025-06,Magallanes,1089.09
2025-07,Metropolitana,949.52
2025-07,Arica y Parinacota,1021.67
2025-07,Tarapacá,1011.44
2025-07,Antofagasta,1030.14
2025-07,Atacama,1024.82
2025-07,Coquimbo,1021.1
2025-07,Valparaíso,959.4
2025-07,O'Higgins,1007.42
2025-07,Maule,951.23
2025-07,Ñuble,956.47
2025-07,Biobío,968.39
2025-07,Araucanía,995.08
2025-07,Los Ríos,1021.18
2025-07,Los Lagos,1028
2025-07,Aysén,1085.33
2025-07,Magallanes,1096.27
2025-08,Metropolitana,968.73
2025-08,Arica y Parinacota,1040.75
2025-08,Tarapacá,1030.56
2025-08,Antofagasta,1049.36
2025-08,Atacama,1044.27
2025-08,Coquimbo,1039.6
2025-08,Valparaíso,977.67
2025-08,O'Higgins,1026.26
2025-08,Maule,969.08
2025-08,Ñuble,976.37
2025-08,Biobío,984.18
2025-08,Araucanía,1013.54
2025-08,Los Ríos,1043.64
2025-08,Los Lagos,1047
2025-08,Aysén,1103.83
2025-08,Magallanes,1115.27
2025-09,Metropolitana,970.2
2025-09,Arica y Parinacota,1043.58
2025-09,Tarapacá,1031.56
2025-09,Antofagasta,1050.29
2025-09,Atacama,1045.91
2025-09,Coquimbo,1042.4
2025-09,Valparaíso,977.87
2025-09,O'Higgins,1031.32
2025-09,Maule,972.69
2025-09,Ñuble,980.32
2025-09,Biobío,984.76
2025-09,Araucanía,1014
2025-09,Los Ríos,1052.55
2025-09,Los Lagos,1048.29
2025-09,Aysén,1108.83
2025-09,Magallanes,1121.91
2025-10,Metropolitana,969.7
2025-10,Arica y Parinacota,1040.75
2025-10,Tarapacá,1030.5
2025-10,Antofagasta,1049.07
2025-10,Atacama,1043.82
2025-10,Coquimbo,1038.7
2025-10,Valparaíso,976.67
2025-10,O'Higgins,1024.58
2025-10,Maule,968.69
2025-10,Ñuble,973.32
2025-10,Biobío,984.06
2025-10,Araucanía,1012.41
2025-10,Los Ríos,1044.18
2025-10,Los Lagos,1047
2025-10,Aysén,1102.5
2025-10,Magallanes,1115.55
2025-11,Metropolitana,959.5
2025-11,Arica y Parinacota,1034.25
2025-11,Tarapacá,1023.06
2025-11,Antofagasta,1043.57
2025-11,Atacama,1033.55
2025-11,Coquimbo,1028.4
2025-11,Valparaíso,965
2025-11,O'Higgins,1015.42
2025-11,Maule,957.62
2025-11,Ñuble,963.68
2025-11,Biobío,971.94
2025-11,Araucanía,1001.81
2025-11,Los Ríos,1034.82
2025-11,Los Lagos,1037
2025-11,Aysén,1092
2025-11,Magallanes,1108.91
2025-12,Metropolitana,978.89
2025-12,Arica y Parinacota,1049.17
2025-12,Tarapacá,1038.47
2025-12,Antofagasta,1057.21
2025-12,Atacama,1051.73
2025-12,Coquimbo,1046.5
2025-12,Valparaíso,984
2025-12,O'Higgins,1031.95
2025-12,Maule,978.62
2025-12,Ñuble,982.84
2025-12,Biobío,992.94
2025-12,Araucanía,1022.54
2025-12,Los Ríos,1052.18
2025-12,Los Lagos,1055.14
2025-12,Aysén,1110.17
2025-12,Magallanes,1122.27
2026-01,Metropolitana,941.26
2026-01,Arica y Parinacota,1015.17
2026-01,Tarapacá,1009.88
2026-01,Antofagasta,1026.5
2026-01,Atacama,1020.73
2026-01,Coquimbo,1012.2
2026-01,Valparaíso,946.73
2026-01,O'Higgins,1000.89
2026-01,Maule,941.08
2026-01,Ñuble,950.16
2026-01,Biobío,958.24
2026-01,Araucanía,987.04
2026-01,Los Ríos,1014.64
2026-01,Los Lagos,1009
2026-01,Aysén,1065.33
2026-01,Magallanes,999.09
2026-02,Metropolitana,922.26
2026-02,Arica y Parinacota,994.42
2026-02,Tarapacá,988
2026-02,Antofagasta,1003.07
2026-02,Atacama,997.45
2026-02,Coquimbo,990.4
2026-02,Valparaíso,925.93
2026-02,O'Higgins,974.59
2026-02,Maule,918.46
2026-02,Ñuble,926.05
2026-02,Biobío,938.65
2026-02,Araucanía,963.89
2026-02,Los Ríos,983.45
2026-02,Los Lagos,987.43
2026-02,Aysén,1023.5
2026-02,Magallanes,1055.55
2026-03,Metropolitana,907.24
2026-03,Arica y Parinacota,982.17
2026-03,Tarapacá,971.5
2026-03,Antofagasta,990.79
2026-03,Atacama,985.18
2026-03,Coquimbo,980.5
2026-03,Valparaíso,911.67
2026-03,O'Higgins,962.82
2026-03,Maule,906.31
2026-03,Ñuble,910.84
2026-03,Biobío,923.81
2026-03,Araucanía,952.56
2026-03,Los Ríos,970.45
2026-03,Los Lagos,973.14
2026-03,Aysén,1013.5
2026-03,Magallanes,1042.82
2026-04,Metropolitana,1506.27
2026-04,Arica y Parinacota,1585.75
2026-04,Tarapacá,1533.44
2026-04,Antofagasta,1591.29
2026-04,Atacama,1589
2026-04,Coquimbo,1582.3
2026-04,Valparaíso,1511.73
2026-04,O'Higgins,1529.82
2026-04,Maule,1507.54
2026-04,Ñuble,1510
2026-04,Biobío,1485.13
2026-04,Araucanía,1550.19
2026-04,Los Ríos,1572.27
2026-04,Los Lagos,1574.86
2026-04,Aysén,1622.67
2026-04,Magallanes,1646.82
2026-05,Metropolitana,1543.74
2026-05,Arica y Parinacota,1619.92
2026-05,Tarapacá,1601.75
2026-05,Antofagasta,1624.86
2026-05,Atacama,1623.09
2026-05,Coquimbo,1616.7
2026-05,Valparaíso,1547.8
2026-05,O'Higgins,1600.29
2026-05,Maule,1544.31
2026-05,Ñuble,1544.53
2026-05,Biobío,1554.81
2026-05,Araucanía,1585.96
2026-05,Los Ríos,1606.55
2026-05,Los Lagos,1604.29
2026-05,Aysén,1659.67
2026-05,Magallanes,1678.73
2026-06,Metropolitana,1438.47
2026-06,Arica y Parinacota,1508.92
2026-06,Tarapacá,1508
2026-06,Antofagasta,1513.71
2026-06,Atacama,1511.91
2026-06,Coquimbo,1512.4
2026-06,Valparaíso,1436
2026-06,O'Higgins,1496.06
2026-06,Maule,1432.54
2026-06,Ñuble,1442.37
2026-06,Biobío,1444.63
2026-06,Araucanía,1476.37
2026-06,Los Ríos,1506.18
2026-06,Los Lagos,1517.57
2026-06,Aysén,1557.5
2026-06,Magallanes,1568.64
2026-07,Metropolitana,1313.47
2026-07,Arica y Parinacota,1398.75
2026-07,Tarapacá,1405.5
2026-07,Antofagasta,1403.71
2026-07,Atacama,1401.64
2026-07,Coquimbo,1395.6
2026-07,Valparaíso,1318.67
2026-07,O'Higgins,1371.71
2026-07,Maule,1316.46
2026-07,Ñuble,1318.63
2026-07,Biobío,1326.69
2026-07,Araucanía,1355.63
2026-07,Los Ríos,1378.09
2026-07,Los Lagos,1381.83
2026-07,Aysén,1440.17
2026-07,Magallanes,1478.36
2026-08,Metropolitana,1182.26
2026-08,Arica y Parinacota,1271.17
2026-08,Tarapacá,1229
2026-08,Antofagasta,1277.79
2026-08,Atacama,1274.09
2026-08,Coquimbo,1264.6
2026-08,Valparaíso,1176.27
2026-08,O'Higgins,1242.59
2026-08,Maule,1190.54
2026-08,Ñuble,1186.21
2026-08,Biobío,1197.56
2026-08,Araucanía,1224.56
2026-08,Los Ríos,1243.73
2026-08,Los Lagos,1277.17
2026-08,Aysén,1306.5
2026-08,Magallanes,1367.64
2026-09,Metropolitana,1279.93
2026-09,Arica y Parinacota,1368.92
2026-09,Tarapacá,1309.69
2026-09,Antofagasta,1373.64
2026-09,Atacama,1372.73
2026-09,Coquimbo,1366.3
2026-09,Valparaíso,1284.87
2026-09,O'Higgins,1336.59
2026-09,Maule,1287.64
2026-09,Ñuble,1289.15
2026-09,Biobío,1298.25
2026-09,Araucanía,1317.78
2026-09,Los Ríos,1347.64
2026-09,Los Lagos,1357
2026-09,Aysén,1412
2026-09,Magallanes,1425.64
