fecha,region,precio_clp_litro
1994-01,Metropolitana,166.5
1994-01,Tarapacá,179.4
1994-01,Antofagasta,180.9
1994-01,Atacama,181.7
1994-01,Coquimbo,179.6
1994-01,Valparaíso,174.8
1994-01,O'Higgins,173.1
1994-01,Maule,175.3
1994-01,Biobío,175.2
1994-01,Araucanía,180.4
1994-01,Los Lagos,183.6
1994-01,Aysén,194.1
1994-01,Magallanes,185.8
1994-02,Metropolitana,166.3
1994-02,Tarapacá,179.6
1994-02,Atacama,181.7
1994-02,Coquimbo,180.7
1994-02,Valparaíso,174.5
1994-02,O'Higgins,173.2
1994-02,Maule,175.3
1994-02,Biobío,175.5
1994-02,Araucanía,180.6
1994-02,Los Lagos,183.8
1994-02,Aysén,194.8
1994-02,Magallanes,186.4
1994-03,Metropolitana,166.3
1994-03,Tarapacá,179.6
1994-03,Antofagasta,181
1994-03,Atacama,181.7
1994-03,Coquimbo,179.8
1994-03,Valparaíso,174.7
1994-03,O'Higgins,173.2
1994-03,Maule,175.3
1994-03,Biobío,175.6
1994-03,Araucanía,180.8
1994-03,Los Lagos,183.8
1994-03,Aysén,195.1
1994-03,Magallanes,184.1
1994-04,Metropolitana,170.7
1994-04,Tarapacá,184.9
1994-04,Antofagasta,185.7
1994-04,Atacama,185.5
1994-04,Coquimbo,184.5
1994-04,Valparaíso,179.2
1994-04,O'Higgins,178.2
1994-04,Maule,182.2
1994-04,Biobío,180.6
1994-04,Araucanía,185.6
1994-04,Los Lagos,187.1
1994-04,Aysén,201.1
1994-04,Magallanes,189.3
1994-05,Metropolitana,170.1
1994-05,Tarapacá,184.6
1994-05,Antofagasta,185.7
1994-05,Atacama,185.4
1994-05,Coquimbo,184.5
1994-05,Valparaíso,179.3
1994-05,O'Higgins,178.2
1994-05,Maule,182.2
1994-05,Biobío,180.6
1994-05,Araucanía,185.7
1994-05,Los Lagos,187.3
1994-05,Aysén,201.1
1994-05,Magallanes,188.7
1994-06,Metropolitana,184.5
1994-06,Tarapacá,184.5
1994-06,Antofagasta,185.7
1994-06,Atacama,185.4
1994-06,Coquimbo,184.4
1994-06,Valparaíso,179.4
1994-06,O'Higgins,178.1
1994-06,Maule,182.3
1994-06,Biobío,180.7
1994-06,Araucanía,185.7
1994-06,Los Lagos,187.1
1994-06,Aysén,201.1
1994-06,Magallanes,188.2
1994-07,Metropolitana,185.3
1994-07,Tarapacá,184.5
1994-07,Antofagasta,185.5
1994-07,Atacama,185.4
1994-07,Coquimbo,184.4
1994-07,Valparaíso,179.3
1994-07,O'Higgins,178.1
1994-07,Maule,182.4
1994-07,Biobío,180.8
1994-07,Araucanía,185.7
1994-07,Los Lagos,187.1
1994-07,Aysén,201.1
1994-07,Magallanes,190.4
1994-08,Metropolitana,194
1994-08,Tarapacá,194
1994-08,Antofagasta,195.4
1994-08,Atacama,195.5
1994-08,Coquimbo,194.1
1994-08,Valparaíso,189
1994-08,O'Higgins,188
1994-08,Maule,193.1
1994-08,Biobío,190.7
1994-08,Araucanía,195.4
1994-08,Los Lagos,197.2
1994-08,Aysén,211.1
1994-08,Magallanes,198.6
1994-09,Metropolitana,194.6
1994-09,Tarapacá,193.8
1994-09,Antofagasta,194.8
1994-09,Atacama,160
1994-09,Coquimbo,194.1
1994-09,Valparaíso,188.9
1994-09,O'Higgins,188.5
1994-09,Maule,190.8
1994-09,Biobío,190.8
1994-09,Araucanía,195.4
1994-09,Los Lagos,197.6
1994-09,Aysén,211.1
1994-09,Magallanes,199.7
1994-10,Metropolitana,190.8
1994-10,Tarapacá,190.4
1994-10,Antofagasta,192
1994-10,Atacama,193.9
1994-10,Coquimbo,191.3
1994-10,Valparaíso,185.6
1994-10,O'Higgins,186.2
1994-10,Maule,186.6
1994-10,Biobío,187.37
1994-10,Araucanía,192.3
1994-10,Los Lagos,193.6
1994-10,Aysén,207.1
1994-10,Magallanes,197.7
1994-11,Metropolitana,189.1
1994-11,Tarapacá,190.1
1994-11,Antofagasta,192
1994-11,Atacama,194
1994-11,Coquimbo,191.6
1994-11,Valparaíso,185.6
1994-11,O'Higgins,186.2
1994-11,Maule,186.6
1994-11,Biobío,187.3
1994-11,Araucanía,192.2
1994-11,Los Lagos,192.6
1994-11,Aysén,207.1
1994-11,Magallanes,197.6
1994-12,Metropolitana,171.7
1994-12,Tarapacá,189.6
1994-12,Antofagasta,189.8
1994-12,Atacama,194
1994-12,Coquimbo,189.8
1994-12,Valparaíso,185.6
1994-12,O'Higgins,186.2
1994-12,Maule,186.8
1994-12,Biobío,183.9
1994-12,Araucanía,191.9
1994-12,Los Lagos,187.9
1994-12,Aysén,207.1
1994-12,Magallanes,196.4
1995-01,Metropolitana,170.9
1995-01,Tarapacá,184.4
1995-01,Antofagasta,186.7
1995-01,Atacama,190.9
1995-01,Coquimbo,186.3
1995-01,Valparaíso,180.8
1995-01,O'Higgins,182.1
1995-01,Maule,181.1
1995-01,Biobío,182.5
1995-01,Araucanía,187.7
1995-01,Los Lagos,187.2
1995-01,Aysén,203
1995-01,Magallanes,192
1995-02,Metropolitana,174.8
1995-02,Tarapacá,188.6
1995-02,Antofagasta,191.2
1995-02,Atacama,196.8
1995-02,Coquimbo,190.8
1995-02,Valparaíso,185.1
1995-02,O'Higgins,186.8
1995-02,Maule,184.9
1995-02,Biobío,186.6
1995-02,Araucanía,192.2
1995-02,Los Lagos,191.3
1995-02,Aysén,209
1995-02,Magallanes,195.7
1995-03,Metropolitana,180.2
1995-03,Tarapacá,194.6
1995-03,Antofagasta,197.8
1995-03,Atacama,203.4
1995-03,Coquimbo,197
1995-03,Valparaíso,191.5
1995-03,O'Higgins,193.1
1995-03,Maule,190.9
1995-03,Biobío,193
1995-03,Araucanía,197.7
1995-03,Los Lagos,196.8
1995-03,Aysén,215
1995-03,Magallanes,202.4
1995-04,Metropolitana,178.5
1995-04,Tarapacá,194.6
1995-04,Antofagasta,197.7
1995-04,Atacama,203.1
1995-04,Coquimbo,196.9
1995-04,Valparaíso,191.4
1995-04,O'Higgins,193.1
1995-04,Maule,190.8
1995-04,Biobío,192.5
1995-04,Araucanía,198
1995-04,Los Lagos,198
1995-04,Aysén,215
1995-04,Magallanes,202.4
1995-05,Metropolitana,177
1995-05,Tarapacá,194.6
1995-05,Antofagasta,197.7
1995-05,Atacama,203.1
1995-05,Coquimbo,196.6
1995-05,Valparaíso,191.1
1995-05,O'Higgins,193.1
1995-05,Maule,190.2
1995-05,Biobío,192.4
1995-05,Araucanía,198.1
1995-05,Los Lagos,197.9
1995-05,Aysén,215
1995-05,Magallanes,202.3
1995-06,Metropolitana,188.1
1995-06,Tarapacá,201.6
1995-06,Antofagasta,205
1995-06,Atacama,211.4
1995-06,Coquimbo,204.5
1995-06,Valparaíso,197.7
1995-06,O'Higgins,200.1
1995-06,Maule,197.7
1995-06,Biobío,199.5
1995-06,Araucanía,205.5
1995-06,Los Lagos,205.9
1995-06,Aysén,223
1995-06,Magallanes,208.6
1995-07,Metropolitana,188.1
1995-07,Tarapacá,201.7
1995-07,Antofagasta,204.6
1995-07,Atacama,211.4
1995-07,Coquimbo,205.1
1995-07,Valparaíso,198.8
1995-07,O'Higgins,200.1
1995-07,Maule,197.8
1995-07,Biobío,199.5
1995-07,Araucanía,205.5
1995-07,Los Lagos,205.1
1995-07,Aysén,223
1995-07,Magallanes,208.6
1995-08,Metropolitana,185.5
1995-08,Tarapacá,209
1995-08,Antofagasta,208.8
1995-08,Atacama,206.3
1995-08,Coquimbo,212.4
1995-08,Valparaíso,206.4
1995-08,O'Higgins,208
1995-08,Maule,205.3
1995-08,Biobío,206.6
1995-08,Araucanía,212.2
1995-08,Los Lagos,211.7
1995-08,Aysén,231
1995-08,Magallanes,214.5
1995-09,Metropolitana,196.1
1995-09,Tarapacá,208.5
1995-09,Antofagasta,211.8
1995-09,Atacama,217.5
1995-09,Coquimbo,211.9
1995-09,Valparaíso,206.5
1995-09,O'Higgins,207.8
1995-09,Maule,205.9
1995-09,Biobío,206.4
1995-09,Araucanía,212.6
1995-09,Los Lagos,211.7
1995-09,Aysén,231
1995-09,Magallanes,214.8
1995-10,Metropolitana,195.1
1995-10,Tarapacá,211.6
1995-10,Antofagasta,211.6
1995-10,Atacama,217.5
1995-10,Coquimbo,212.1
1995-10,Valparaíso,206.5
1995-10,O'Higgins,207.9
1995-10,Maule,205.1
1995-10,Biobío,206.5
1995-10,Araucanía,212.6
1995-10,Los Lagos,212
1995-10,Aysén,231
1995-10,Magallanes,214.6
1995-11,Metropolitana,192.8
1995-11,Tarapacá,208
1995-11,Antofagasta,211.6
1995-11,Atacama,217.5
1995-11,Coquimbo,212
1995-11,Valparaíso,206.5
1995-11,O'Higgins,207.8
1995-11,Maule,206.3
1995-11,Biobío,206.2
1995-11,Araucanía,212.5
1995-11,Los Lagos,212
1995-11,Aysén,231
1995-11,Magallanes,213.8
1995-12,Metropolitana,196.7
1995-12,Tarapacá,210.6
1995-12,Antofagasta,214.2
1995-12,Atacama,219.8
1995-12,Coquimbo,214.8
1995-12,Valparaíso,209.2
1995-12,O'Higgins,210.6
1995-12,Maule,206.3
1995-12,Biobío,209.3
1995-12,Araucanía,215.2
1995-12,Los Lagos,214.7
1995-12,Aysén,231
1995-12,Magallanes,217.6
1996-01,Metropolitana,209.9
1996-01,Tarapacá,215.7
1996-01,Antofagasta,219.6
1996-01,Atacama,224.7
1996-01,Coquimbo,219.8
1996-01,O'Higgins,216.1
1996-01,Maule,212.3
1996-01,Biobío,215.3
1996-01,Araucanía,220.2
1996-01,Los Lagos,219.7
1996-01,Aysén,236
1996-01,Magallanes,222.6
1996-02,Metropolitana,211
1996-02,Tarapacá,224.3
1996-02,Antofagasta,228.3
1996-02,Atacama,233.2
1996-02,Coquimbo,228.3
1996-02,Valparaíso,223.3
1996-02,O'Higgins,225.6
1996-02,Maule,219.8
1996-02,Biobío,224.1
1996-02,Araucanía,229
1996-02,Los Lagos,228.6
1996-02,Aysén,245
1996-02,Magallanes,231.3
1996-03,Metropolitana,211
1996-03,Tarapacá,224.2
1996-03,Antofagasta,228.3
1996-03,Atacama,233.1
1996-03,Coquimbo,228.8
1996-03,Valparaíso,223.3
1996-03,O'Higgins,225.5
1996-03,Maule,220.8
1996-03,Biobío,224.5
1996-03,Araucanía,228.9
1996-03,Los Lagos,228.6
1996-03,Aysén,245
1996-03,Magallanes,231.3
1996-04,Metropolitana,223
1996-04,Tarapacá,235.6
1996-04,Antofagasta,239
1996-04,Atacama,243
1996-04,Coquimbo,239.1
1996-04,Valparaíso,234.3
1996-04,O'Higgins,236.4
1996-04,Maule,231.7
1996-04,Biobío,235.2
1996-04,Araucanía,239.5
1996-04,Los Lagos,239.6
1996-04,Aysén,256
1996-04,Magallanes,242
1996-05,Metropolitana,229.9
1996-05,Tarapacá,242.4
1996-05,Antofagasta,246.1
1996-05,Atacama,250
1996-05,Coquimbo,246.1
1996-05,Valparaíso,241.3
1996-05,O'Higgins,243.9
1996-05,Maule,241.1
1996-05,Biobío,242.1
1996-05,Araucanía,246.8
1996-05,Los Lagos,246.3
1996-05,Aysén,263
1996-05,Magallanes,248.6
1996-06,Metropolitana,227.7
1996-06,Tarapacá,237.2
1996-06,Antofagasta,240.2
1996-06,Atacama,244.3
1996-06,Coquimbo,240.3
1996-06,Valparaíso,235.7
1996-06,O'Higgins,232.6
1996-06,Maule,236.5
1996-06,Biobío,239.3
1996-06,Araucanía,242.6
1996-06,Los Lagos,240.3
1996-06,Aysén,257
1996-06,Magallanes,235.9
1996-07,Metropolitana,217
1996-07,Tarapacá,229.7
1996-07,Antofagasta,233.4
1996-07,Atacama,236.7
1996-07,Coquimbo,233.4
1996-07,Valparaíso,228.9
1996-07,O'Higgins,227.2
1996-07,Maule,229.8
1996-07,Biobío,228.5
1996-07,Araucanía,234
1996-07,Los Lagos,233.3
1996-07,Aysén,250
1996-07,Magallanes,229.8
1996-08,Metropolitana,218
1996-08,Tarapacá,234.4
1996-08,Antofagasta,237.8
1996-08,Atacama,241
1996-08,Coquimbo,237.9
1996-08,Valparaíso,228.9
1996-08,O'Higgins,231.3
1996-08,Maule,233.4
1996-08,Biobío,232.6
1996-08,Araucanía,238.3
1996-08,Los Lagos,238
1996-08,Aysén,255
1996-08,Magallanes,234.9
1996-09,Metropolitana,217.4
1996-09,Tarapacá,234.4
1996-09,Antofagasta,237.4
1996-09,Atacama,241
1996-09,Coquimbo,237.9
1996-09,Valparaíso,227.3
1996-09,O'Higgins,231.4
1996-09,Maule,230.8
1996-09,Biobío,232.4
1996-09,Araucanía,238.1
1996-09,Los Lagos,238
1996-09,Aysén,255
1996-09,Magallanes,234.7
1996-10,Metropolitana,226.9
1996-10,Tarapacá,242.4
1996-10,Antofagasta,245.2
1996-10,Atacama,248.5
1996-10,Coquimbo,245.4
1996-10,Valparaíso,237
1996-10,O'Higgins,239.3
1996-10,Maule,239.9
1996-10,Biobío,240.5
1996-10,Araucanía,246
1996-10,Los Lagos,246
1996-10,Aysén,257
1996-10,Magallanes,242.3
1996-11,Metropolitana,232.68
1996-11,Tarapacá,247.4
1996-11,Antofagasta,251.2
1996-11,Atacama,254
1996-11,Coquimbo,251.4
1996-11,Valparaíso,243
1996-11,O'Higgins,245.4
1996-11,Maule,246.5
1996-11,Biobío,245.9
1996-11,Araucanía,251.7
1996-11,Los Lagos,252.9
1996-11,Aysén,263
1996-11,Magallanes,247.9
1996-12,Metropolitana,232.63
1996-12,Tarapacá,247.2
1996-12,Antofagasta,251.3
1996-12,Atacama,254
1996-12,Coquimbo,251.2
1996-12,Valparaíso,242.6
1996-12,O'Higgins,245.4
1996-12,Maule,243.4
1996-12,Biobío,245.5
1996-12,Araucanía,251.4
1996-12,Los Lagos,252.9
1996-12,Aysén,263
1996-12,Magallanes,247.9
1997-01,Metropolitana,237.4
1997-01,Tarapacá,251.1
1997-01,Antofagasta,255.4
1997-01,Atacama,258.2
1997-01,Coquimbo,254.7
1997-01,Valparaíso,246.5
1997-01,O'Higgins,249.6
1997-01,Maule,247.7
1997-01,Biobío,250.1
1997-01,Araucanía,255.7
1997-01,Los Lagos,257.8
1997-01,Aysén,267.5
1997-01,Magallanes,252.6
1997-02,Metropolitana,237.4
1997-02,Tarapacá,251.1
1997-02,Antofagasta,255.3
1997-02,Atacama,258.2
1997-02,Coquimbo,255.2
1997-02,Valparaíso,245.7
1997-02,O'Higgins,249.4
1997-02,Maule,247.7
1997-02,Biobío,250.1
1997-02,Araucanía,255.7
1997-02,Los Lagos,257.8
1997-02,Aysén,267.5
1997-02,Magallanes,253.2
1997-03,Metropolitana,230
1997-03,Tarapacá,251.1
1997-03,Antofagasta,255.2
1997-03,Atacama,258.1
1997-03,Coquimbo,254.8
1997-03,Valparaíso,246.3
1997-03,O'Higgins,249.5
1997-03,Maule,247.4
1997-03,Biobío,250.2
1997-03,Araucanía,255.6
1997-03,Los Lagos,257.7
1997-03,Aysén,267.5
1997-03,Magallanes,253.2
1997-04,Metropolitana,237.1
1997-04,Tarapacá,251
1997-04,Antofagasta,254.7
1997-04,Atacama,258.1
1997-04,Coquimbo,253.9
1997-04,Valparaíso,246.2
1997-04,O'Higgins,249.5
1997-04,Maule,247.7
1997-04,Biobío,250.9
1997-04,Araucanía,241.7
1997-04,Los Lagos,257.7
1997-04,Aysén,267.5
1997-04,Magallanes,252.3
1997-05,Metropolitana,236.9
1997-05,Tarapacá,251
1997-05,Antofagasta,254.7
1997-05,Atacama,258.1
1997-05,Coquimbo,253.9
1997-05,Valparaíso,246.4
1997-05,O'Higgins,249.4
1997-05,Maule,243.2
1997-05,Biobío,250.6
1997-05,Araucanía,241.3
1997-05,Los Lagos,257.7
1997-05,Aysén,267.5
1997-05,Magallanes,252.9
1997-06,Metropolitana,236.6
1997-06,Tarapacá,250.5
1997-06,Antofagasta,254.7
1997-06,Atacama,258.1
1997-06,Coquimbo,253.6
1997-06,Valparaíso,246.7
1997-06,O'Higgins,249.5
1997-06,Maule,241.2
1997-06,Biobío,249.8
1997-06,Araucanía,241
1997-06,Los Lagos,257.8
1997-06,Aysén,267.5
1997-06,Magallanes,252.9
1997-07,Metropolitana,228.28
1997-07,Tarapacá,239.3
1997-07,Antofagasta,246.6
1997-07,Atacama,250.3
1997-07,Coquimbo,245.2
1997-07,Valparaíso,246.7
1997-07,O'Higgins,242
1997-07,Maule,237.2
1997-07,Biobío,242
1997-07,Araucanía,234
1997-07,Los Lagos,249.5
1997-07,Aysén,263
1997-07,Magallanes,243.7
1997-08,Metropolitana,228.26
1997-08,Tarapacá,238.2
1997-08,Antofagasta,246.6
1997-08,Atacama,249.7
1997-08,Coquimbo,243.3
1997-08,Valparaíso,236.1
1997-08,O'Higgins,242.3
1997-08,Maule,236.7
1997-08,Biobío,242
1997-08,Araucanía,234
1997-08,Los Lagos,249.5
1997-08,Aysén,263
1997-08,Magallanes,243.7
1997-09,Metropolitana,235.24
1997-09,Tarapacá,245.2
1997-09,Antofagasta,254.3
1997-09,Atacama,256.8
1997-09,Coquimbo,249.5
1997-09,Valparaíso,243.8
1997-09,O'Higgins,249.8
1997-09,Maule,243.5
1997-09,Biobío,250.4
1997-09,Araucanía,246.1
1997-09,Los Lagos,257.4
1997-09,Aysén,270.8
1997-09,Magallanes,251.2
1997-10,Metropolitana,233.65
1997-10,Tarapacá,243.2
1997-10,Antofagasta,249.3
1997-10,Atacama,256.8
1997-10,Coquimbo,245.1
1997-10,Valparaíso,243.8
1997-10,O'Higgins,250.3
1997-10,Maule,243.2
1997-10,Biobío,249.3
1997-10,Araucanía,246.1
1997-10,Los Lagos,257.5
1997-10,Aysén,270.8
1997-10,Magallanes,245.8
1997-11,Metropolitana,228.83
1997-11,Tarapacá,240.9
1997-11,Antofagasta,249.2
1997-11,Atacama,251.6
1997-11,Coquimbo,243.8
1997-11,Valparaíso,237.6
1997-11,O'Higgins,244.5
1997-11,Maule,236.8
1997-11,Biobío,244.4
1997-11,Araucanía,240.6
1997-11,Los Lagos,251.6
1997-11,Aysén,265.8
1997-11,Magallanes,246.4
1997-12,Metropolitana,227.58
1997-12,Tarapacá,241
1997-12,Antofagasta,249.2
1997-12,Atacama,251.5
1997-12,Coquimbo,243.6
1997-12,Valparaíso,237.6
1997-12,O'Higgins,243.9
1997-12,Maule,229.1
1997-12,Biobío,243.6
1997-12,Araucanía,240.6
1997-12,Los Lagos,251.8
1997-12,Aysén,265.8
1997-12,Magallanes,246.4
1998-01,Metropolitana,227.27
1998-01,Tarapacá,239.6
1998-01,Antofagasta,249
1998-01,Atacama,251.1
1998-01,Coquimbo,243.5
1998-01,Valparaíso,237.8
1998-01,O'Higgins,244.3
1998-01,Maule,232.6
1998-01,Biobío,244.3
1998-01,Araucanía,240.7
1998-01,Los Lagos,251.5
1998-01,Aysén,265.8
1998-01,Magallanes,246.4
1998-02,Metropolitana,226.3
1998-02,Tarapacá,237.1
1998-02,Antofagasta,246.8
1998-02,Atacama,248.5
1998-02,Coquimbo,242.5
1998-02,Valparaíso,236.1
1998-02,O'Higgins,244
1998-02,Maule,233
1998-02,Biobío,241.7
1998-02,Araucanía,239
1998-02,Los Lagos,251.5
1998-02,Aysén,263.8
1998-02,Magallanes,245.6
1998-03,Metropolitana,226.65
1998-03,Tarapacá,236.9
1998-03,Antofagasta,246.8
1998-03,Atacama,248.5
1998-03,Coquimbo,242.6
1998-03,Valparaíso,235.8
1998-03,O'Higgins,243.9
1998-03,Maule,230.8
1998-03,Biobío,241.7
1998-03,Araucanía,238.7
1998-03,Los Lagos,248.9
1998-03,Aysén,263.8
1998-03,Magallanes,245.2
1998-04,Metropolitana,223.93
1998-04,Tarapacá,233.3
1998-04,Antofagasta,243.7
1998-04,Atacama,245.4
1998-04,Coquimbo,239.6
1998-04,Valparaíso,232.1
1998-04,O'Higgins,240
1998-04,Maule,228.6
1998-04,Biobío,238.9
1998-04,Araucanía,236.6
1998-04,Los Lagos,246
1998-04,Aysén,260.8
1998-04,Magallanes,245.2
1998-05,Metropolitana,224.18
1998-05,Tarapacá,233
1998-05,Antofagasta,243.4
1998-05,Atacama,245.1
1998-05,Coquimbo,239.6
1998-05,Valparaíso,232.1
1998-05,O'Higgins,239.7
1998-05,Maule,229.6
1998-05,Biobío,238.9
1998-05,Araucanía,236.5
1998-05,Los Lagos,246.7
1998-05,Aysén,260.8
1998-05,Magallanes,240.6
1998-06,Tarapacá,235.5
1998-06,Antofagasta,246.2
1998-06,Atacama,247.4
1998-06,Coquimbo,242.8
1998-06,Valparaíso,235.5
1998-06,O'Higgins,242.1
1998-06,Maule,234.3
1998-06,Biobío,241.8
1998-06,Araucanía,240.3
1998-06,Los Lagos,249.7
1998-06,Aysén,263.8
1998-06,Magallanes,240.6
1998-07,Metropolitana,230.77
1998-07,Tarapacá,237.9
1998-07,Antofagasta,248.4
1998-07,Atacama,249.4
1998-07,Coquimbo,244.3
1998-07,Valparaíso,238.3
1998-07,O'Higgins,243.7
1998-07,Maule,236.2
1998-07,Biobío,242.7
1998-07,Araucanía,241.6
1998-07,Los Lagos,251.9
1998-07,Aysén,266.5
1998-07,Magallanes,246.1
1998-08,Metropolitana,231.11
1998-08,Tarapacá,238
1998-08,Antofagasta,248.5
1998-08,Atacama,249.5
1998-08,Coquimbo,244.3
1998-08,Valparaíso,238.8
1998-08,O'Higgins,244.9
1998-08,Maule,236.8
1998-08,Biobío,243.9
1998-08,Araucanía,241.2
1998-08,Los Lagos,251.9
1998-08,Aysén,266.5
1998-08,Magallanes,246.1
1998-09,Metropolitana,230.66
1998-09,Tarapacá,237.8
1998-09,Antofagasta,248.5
1998-09,Atacama,249.7
1998-09,Coquimbo,244.2
1998-09,Valparaíso,238.9
1998-09,O'Higgins,244.8
1998-09,Maule,236.8
1998-09,Biobío,243.9
1998-09,Araucanía,241.3
1998-09,Los Lagos,250.4
1998-09,Aysén,266.5
1998-09,Magallanes,241.5
1998-10,Metropolitana,230.12
1998-10,Tarapacá,231.1
1998-10,Antofagasta,248.5
1998-10,Atacama,249.7
1998-10,Coquimbo,244.2
1998-10,Valparaíso,238.7
1998-10,O'Higgins,244.7
1998-10,Maule,236.8
1998-10,Biobío,243.7
1998-10,Araucanía,240.9
1998-10,Los Lagos,251.5
1998-10,Aysén,266.5
1998-10,Magallanes,241.5
1998-11,Metropolitana,225.81
1998-11,Tarapacá,236.9
1998-11,Antofagasta,248.5
1998-11,Atacama,249.7
1998-11,Coquimbo,243.9
1998-11,Valparaíso,240
1998-11,O'Higgins,244.5
1998-11,Maule,238.6
1998-11,Biobío,243.8
1998-11,Araucanía,240.3
1998-11,Los Lagos,251.5
1998-11,Aysén,267
1998-11,Magallanes,241.5
1998-12,Metropolitana,227.12
1998-12,Tarapacá,236.9
1998-12,Antofagasta,249.8
1998-12,Atacama,252
1998-12,Coquimbo,243.9
1998-12,Valparaíso,240
1998-12,O'Higgins,245.1
1998-12,Maule,238.6
1998-12,Biobío,243.8
1998-12,Araucanía,240.2
1998-12,Los Lagos,226.6
1998-12,Aysén,267
1998-12,Magallanes,242.3
1999-01,Metropolitana,222.94
1999-01,Tarapacá,235.2
1999-01,Antofagasta,248.1
1999-01,Atacama,251.2
1999-01,Coquimbo,243.6
1999-01,Valparaíso,238
1999-01,O'Higgins,243
1999-01,Maule,237.1
1999-01,Biobío,242.5
1999-01,Araucanía,238.4
1999-01,Los Lagos,248.9
1999-01,Aysén,265
1999-01,Magallanes,240.4
1999-02,Metropolitana,223.67
1999-02,Tarapacá,233.7
1999-02,Antofagasta,248.1
1999-02,Atacama,250.5
1999-02,Coquimbo,242.3
1999-02,Valparaíso,238
1999-02,O'Higgins,243
1999-02,Maule,236.9
1999-02,Biobío,242.6
1999-02,Araucanía,238.2
1999-02,Los Lagos,248.9
1999-02,Aysén,265
1999-02,Magallanes,240.4
1999-03,Metropolitana,223.23
1999-03,Tarapacá,233.2
1999-03,Antofagasta,249.4
1999-03,Atacama,251
1999-03,Coquimbo,242.5
1999-03,Valparaíso,239.1
1999-03,O'Higgins,244
1999-03,Maule,239
1999-03,Biobío,246.8
1999-03,Araucanía,239.5
1999-03,Los Lagos,251.1
1999-03,Aysén,266.8
1999-03,Magallanes,242.1
1999-04,Metropolitana,237.68
1999-04,Tarapacá,249.7
1999-04,Antofagasta,265.4
1999-04,Atacama,266.7
1999-04,Coquimbo,258.6
1999-04,Valparaíso,255.8
1999-04,O'Higgins,261.2
1999-04,Maule,256
1999-04,Biobío,262.4
1999-04,Araucanía,256.2
1999-04,Los Lagos,268.6
1999-04,Aysén,284.5
1999-04,Magallanes,258.4
1999-05,Metropolitana,242.64
1999-05,Tarapacá,253.2
1999-05,Antofagasta,268.7
1999-05,Atacama,270.4
1999-05,Coquimbo,262.2
1999-05,Valparaíso,257.3
1999-05,O'Higgins,261.8
1999-05,Maule,259
1999-05,Biobío,267.1
1999-05,Araucanía,259.2
1999-05,Los Lagos,271.7
1999-05,Aysén,287.5
1999-05,Magallanes,259.7
1999-06,Metropolitana,245.66
1999-06,Tarapacá,253.2
1999-06,Antofagasta,269.1
1999-06,Atacama,270.8
1999-06,Coquimbo,262.5
1999-06,Valparaíso,256.5
1999-06,O'Higgins,260.9
1999-06,Maule,259.6
1999-06,Biobío,267.9
1999-06,Araucanía,261.5
1999-06,Los Lagos,272.1
1999-06,Aysén,288
1999-06,Magallanes,260.5
1999-07,Metropolitana,244.85
1999-07,Tarapacá,260.4
1999-07,Antofagasta,271.6
1999-07,Atacama,275.4
1999-07,Coquimbo,270.4
1999-07,Valparaíso,265.4
1999-07,O'Higgins,269
1999-07,Maule,267.9
1999-07,Biobío,274.9
1999-07,Araucanía,269.3
1999-07,Los Lagos,280.1
1999-07,Aysén,296
1999-07,Magallanes,268.1
1999-08,Metropolitana,263.38
1999-08,Tarapacá,271.4
1999-08,Antofagasta,287.2
1999-08,Atacama,289.4
1999-08,Coquimbo,281.6
1999-08,Valparaíso,275.9
1999-08,O'Higgins,276.9
1999-08,Maule,278.7
1999-08,Biobío,286.3
1999-08,Araucanía,280.3
1999-08,Los Lagos,290.4
1999-08,Aysén,296
1999-08,Magallanes,278.3
1999-09,Metropolitana,261.74
1999-09,Tarapacá,271.4
1999-09,Antofagasta,285.4
1999-09,Atacama,289.3
1999-09,Coquimbo,281.5
1999-09,Valparaíso,276.1
1999-09,O'Higgins,275.3
1999-09,Maule,278.1
1999-09,Biobío,286.2
1999-09,Araucanía,279.9
1999-09,Los Lagos,290.4
1999-09,Aysén,308.3
1999-09,Magallanes,278.3
1999-10,Metropolitana,260.34
1999-10,Tarapacá,271.4
1999-10,Antofagasta,285.4
1999-10,Atacama,289.3
1999-10,Coquimbo,281.1
1999-10,Valparaíso,276.4
1999-10,O'Higgins,275.3
1999-10,Maule,278.3
1999-10,Biobío,286.6
1999-10,Araucanía,279.9
1999-10,Los Lagos,290.6
1999-10,Aysén,308.3
1999-10,Magallanes,276.7
1999-11,Metropolitana,257.43
1999-11,Tarapacá,271.4
1999-11,Antofagasta,285.8
1999-11,Atacama,289.1
1999-11,Coquimbo,280.9
1999-11,Valparaíso,277.6
1999-11,O'Higgins,275.1
1999-11,Maule,278.2
1999-11,Biobío,286.2
1999-11,Araucanía,280.2
1999-11,Los Lagos,290.6
1999-11,Aysén,308.8
1999-11,Magallanes,277.2
1999-12,Metropolitana,262.1
1999-12,Tarapacá,271.4
1999-12,Antofagasta,287.2
1999-12,Atacama,290
1999-12,Coquimbo,281.6
1999-12,Valparaíso,276.6
1999-12,O'Higgins,277.1
1999-12,Maule,279.7
1999-12,Biobío,287.1
1999-12,Araucanía,282.1
1999-12,Los Lagos,290.3
1999-12,Aysén,308.8
1999-12,Magallanes,279.1
2000-01,Metropolitana,268.73
2000-01,Tarapacá,279
2000-01,Antofagasta,293.4
2000-01,Atacama,295.9
2000-01,Coquimbo,286.5
2000-01,Valparaíso,280.8
2000-01,O'Higgins,282.4
2000-01,Maule,285.1
2000-01,Biobío,291
2000-01,Araucanía,288.2
2000-01,Los Lagos,296.2
2000-01,Aysén,315.8
2000-01,Magallanes,284.6
2000-02,Metropolitana,269.07
2000-02,Tarapacá,278.9
2000-02,Antofagasta,292.9
2000-02,Atacama,295.6
2000-02,Coquimbo,284.5
2000-02,Valparaíso,308.8
2000-02,O'Higgins,282.3
2000-02,Maule,285.3
2000-02,Biobío,291.9
2000-02,Araucanía,288
2000-02,Los Lagos,296
2000-02,Aysén,315.8
2000-02,Magallanes,284.9
2000-03,Metropolitana,298.11
2000-03,Tarapacá,307.2
2000-03,Antofagasta,319.5
2000-03,Atacama,321.7
2000-03,Coquimbo,310.5
2000-03,Valparaíso,308.7
2000-03,O'Higgins,309.1
2000-03,Maule,312.4
2000-03,Biobío,317.9
2000-03,Araucanía,314.2
2000-03,Los Lagos,322.3
2000-03,Aysén,343.5
2000-03,Magallanes,309
2000-04,Metropolitana,312.53
2000-04,Tarapacá,307.2
2000-04,Antofagasta,319.5
2000-04,Atacama,336.3
2000-04,Coquimbo,309.3
2000-04,Valparaíso,323.2
2000-04,O'Higgins,308
2000-04,Maule,310.9
2000-04,Biobío,317.9
2000-04,Araucanía,314.7
2000-04,Los Lagos,322.3
2000-04,Aysén,343
2000-04,Magallanes,309
2000-05,Metropolitana,314.58
2000-05,Tarapacá,326.6
2000-05,Antofagasta,334.9
2000-05,Atacama,337.6
2000-05,Coquimbo,325.8
2000-05,Valparaíso,324.6
2000-05,O'Higgins,324.7
2000-05,Maule,329
2000-05,Biobío,334.8
2000-05,Araucanía,332
2000-05,Los Lagos,296
2000-05,Aysén,360
2000-05,Magallanes,326.2
2000-06,Metropolitana,314.18
2000-06,Tarapacá,326.6
2000-06,Antofagasta,335.4
2000-06,Atacama,338.1
2000-06,Coquimbo,326.4
2000-06,Valparaíso,323.6
2000-06,O'Higgins,324.8
2000-06,Maule,328.9
2000-06,Biobío,335
2000-06,Araucanía,332.1
2000-06,Los Lagos,338.6
2000-06,Aysén,359.5
2000-06,Magallanes,326.4
2000-07,Metropolitana,326.78
2000-07,Tarapacá,326.6
2000-07,Antofagasta,335.5
2000-07,Atacama,348.5
2000-07,Coquimbo,334.2
2000-07,Valparaíso,336.1
2000-07,O'Higgins,336.3
2000-07,Maule,341.3
2000-07,Biobío,335.1
2000-07,Araucanía,332
2000-07,Los Lagos,348.7
2000-07,Aysén,363
2000-07,Magallanes,339
2000-08,Metropolitana,336.99
2000-08,Tarapacá,346.9
2000-08,Antofagasta,355.3
2000-08,Atacama,358.7
2000-08,Coquimbo,347.6
2000-08,Valparaíso,344.8
2000-08,O'Higgins,345.8
2000-08,Maule,350.5
2000-08,Biobío,354.4
2000-08,Araucanía,352.4
2000-08,Los Lagos,358.1
2000-08,Aysén,373.2
2000-08,Magallanes,348.8
2000-09,Metropolitana,342.84
2000-09,Tarapacá,356.1
2000-09,Antofagasta,364.8
2000-09,Atacama,363.2
2000-09,Coquimbo,348.7
2000-09,Valparaíso,354.2
2000-09,O'Higgins,355.7
2000-09,Maule,360.7
2000-09,Biobío,357.3
2000-09,Araucanía,362.7
2000-09,Los Lagos,368.6
2000-09,Aysén,381.2
2000-09,Magallanes,364.7
2000-10,Metropolitana,358.98
2000-10,Tarapacá,372.7
2000-10,Antofagasta,381.9
2000-10,Atacama,390.6
2000-10,Coquimbo,374.3
2000-10,Valparaíso,370.8
2000-10,O'Higgins,373.5
2000-10,Maule,378.8
2000-10,Biobío,382.1
2000-10,Araucanía,382.7
2000-10,Los Lagos,387.2
2000-10,Aysén,401
2000-10,Magallanes,378
2000-11,Metropolitana,362.72
2000-11,Tarapacá,380.2
2000-11,Antofagasta,387.8
2000-11,Atacama,394.2
2000-11,Coquimbo,380
2000-11,Valparaíso,377.9
2000-11,O'Higgins,378.4
2000-11,Maule,384.7
2000-11,Biobío,387.7
2000-11,Araucanía,391.2
2000-11,Los Lagos,392.7
2000-11,Aysén,406
2000-11,Magallanes,384.7
2000-12,Metropolitana,356.9
2000-12,Tarapacá,377.1
2000-12,Antofagasta,387.8
2000-12,Atacama,391.7
2000-12,Coquimbo,376.7
2000-12,Valparaíso,378
2000-12,O'Higgins,369.9
2000-12,Maule,381.3
2000-12,Biobío,375.8
2000-12,Araucanía,385.5
2000-12,Los Lagos,380.2
2000-12,Aysén,405
2000-12,Magallanes,382
2001-01,Metropolitana,351.83
2001-01,Tarapacá,371.7
2001-01,Antofagasta,373.2
2001-01,Atacama,385.6
2001-01,Coquimbo,368.5
2001-01,Valparaíso,372.9
2001-01,O'Higgins,370.4
2001-01,Maule,375.5
2001-01,Biobío,379.5
2001-01,Araucanía,381
2001-01,Los Lagos,384.4
2001-01,Aysén,401
2001-01,Magallanes,376.3
2001-02,Metropolitana,390.94
2001-02,Tarapacá,408.7
2001-02,Antofagasta,415.8
2001-02,Atacama,422.4
2001-02,Coquimbo,402.8
2001-02,Valparaíso,406.2
2001-02,O'Higgins,405.8
2001-02,Maule,408.1
2001-02,Biobío,415.4
2001-02,Araucanía,414.8
2001-02,Los Lagos,416.5
2001-02,Aysén,438
2001-02,Magallanes,412.8
2001-03,Metropolitana,376.27
2001-03,Tarapacá,390.7
2001-03,Antofagasta,405.1
2001-03,Atacama,411.6
2001-03,Coquimbo,394.7
2001-03,Valparaíso,397.8
2001-03,O'Higgins,388.2
2001-03,Maule,401.6
2001-03,Biobío,404.4
2001-03,Araucanía,403.5
2001-03,Los Lagos,410.1
2001-03,Aysén,420
2001-03,Magallanes,396.1
2001-04,Metropolitana,380.67
2001-04,Tarapacá,399.8
2001-04,Antofagasta,409.2
2001-04,Atacama,413.5
2001-04,Coquimbo,401.2
2001-04,Valparaíso,409.5
2001-04,O'Higgins,399.2
2001-04,Maule,413.4
2001-04,Biobío,409.5
2001-04,Araucanía,406.5
2001-04,Los Lagos,422
2001-04,Aysén,439
2001-04,Magallanes,405.1
2001-05,Metropolitana,431.7
2001-05,Tarapacá,452.7
2001-05,Antofagasta,460.3
2001-05,Atacama,466.6
2001-05,Coquimbo,444.8
2001-05,Valparaíso,453.2
2001-05,O'Higgins,445.3
2001-05,Maule,456.3
2001-05,Biobío,459.6
2001-05,Araucanía,458.3
2001-05,Los Lagos,465.3
2001-05,Aysén,482
2001-05,Magallanes,456.8
2001-06,Metropolitana,428.51
2001-06,Tarapacá,445
2001-06,Antofagasta,452.4
2001-06,Atacama,459.5
2001-06,Coquimbo,431.6
2001-06,Valparaíso,448.2
2001-06,O'Higgins,435.3
2001-06,Maule,448.1
2001-06,Biobío,453.1
2001-06,Araucanía,450.5
2001-06,Los Lagos,460.8
2001-06,Aysén,474
2001-06,Magallanes,449
2001-07,Metropolitana,373.65
2001-07,Tarapacá,392.6
2001-07,Antofagasta,400.4
2001-07,Atacama,407
2001-07,Coquimbo,378.9
2001-07,Valparaíso,362.6
2001-07,O'Higgins,381.7
2001-07,Maule,396.2
2001-07,Biobío,399.6
2001-07,Araucanía,400.2
2001-07,Los Lagos,405
2001-07,Aysén,422
2001-07,Magallanes,397.2
2001-08,Metropolitana,373.92
2001-08,Tarapacá,403.8
2001-08,Antofagasta,410.6
2001-08,Atacama,416.9
2001-08,Coquimbo,386.5
2001-08,Valparaíso,403
2001-08,O'Higgins,400.1
2001-08,Maule,406.9
2001-08,Biobío,410
2001-08,Araucanía,410.5
2001-08,Los Lagos,422
2001-08,Aysén,432
2001-08,Magallanes,405.4
2001-09,Metropolitana,409.9
2001-09,Tarapacá,425.5
2001-09,Antofagasta,432.2
2001-09,Atacama,438.9
2001-09,Coquimbo,409.6
2001-09,Valparaíso,423
2001-09,O'Higgins,421.8
2001-09,Maule,428
2001-09,Biobío,431.6
2001-09,Araucanía,432.4
2001-09,Los Lagos,437
2001-09,Aysén,454
2001-09,Magallanes,426.9
2001-10,Metropolitana,410.98
2001-10,Tarapacá,422.9
2001-10,Antofagasta,427
2001-10,Atacama,433.8
2001-10,Coquimbo,404.3
2001-10,Valparaíso,421.2
2001-10,O'Higgins,427.5
2001-10,Maule,424.2
2001-10,Biobío,426.9
2001-10,Araucanía,428
2001-10,Los Lagos,434
2001-10,Aysén,449
2001-10,Magallanes,424.5
2001-11,Metropolitana,381.77
2001-11,Tarapacá,394.6
2001-11,Antofagasta,400.2
2001-11,Atacama,407.7
2001-11,Coquimbo,381.9
2001-11,Valparaíso,393.3
2001-11,O'Higgins,389.9
2001-11,Maule,396.4
2001-11,Biobío,398
2001-11,Araucanía,401.2
2001-11,Los Lagos,407.3
2001-11,Aysén,424
2001-11,Magallanes,395.9
2001-12,Metropolitana,365
2001-12,Tarapacá,378.8
2001-12,Antofagasta,384.2
2001-12,Atacama,390.6
2001-12,Coquimbo,365.1
2001-12,Valparaíso,376.8
2001-12,O'Higgins,372.9
2001-12,Maule,380.1
2001-12,Biobío,381.8
2001-12,Araucanía,385.1
2001-12,Los Lagos,389.5
2001-12,Aysén,407
2001-12,Magallanes,377.9
2002-01,Metropolitana,365.02
2002-01,Tarapacá,378.8
2002-01,Antofagasta,384.4
2002-01,Atacama,390.5
2002-01,Coquimbo,365.1
2002-01,Valparaíso,376.6
2002-01,O'Higgins,372.9
2002-01,Maule,380
2002-01,Biobío,381.6
2002-01,Araucanía,384.5
2002-01,Los Lagos,388
2002-01,Aysén,395
2002-01,Magallanes,377.2
2002-02,Metropolitana,367.2
2002-02,Tarapacá,380.6
2002-02,Antofagasta,386.5
2002-02,Atacama,391.5
2002-02,Coquimbo,368.8
2002-02,Valparaíso,377.9
2002-02,O'Higgins,376
2002-02,Maule,382.7
2002-02,Biobío,384.3
2002-02,Araucanía,385.1
2002-02,Los Lagos,394.1
2002-02,Aysén,396
2002-02,Magallanes,380.4
2002-03,Metropolitana,363.13
2002-03,Tarapacá,378.7
2002-03,Antofagasta,386.2
2002-03,Atacama,392.6
2002-03,Coquimbo,368.8
2002-03,Valparaíso,378.7
2002-03,O'Higgins,371.9
2002-03,Maule,381.9
2002-03,Biobío,381.6
2002-03,Araucanía,386.1
2002-03,Los Lagos,391.4
2002-03,Aysén,397
2002-03,Magallanes,380.9
2002-04,Metropolitana,400.28
2002-04,Tarapacá,412.7
2002-04,Antofagasta,426.6
2002-04,Atacama,431.8
2002-04,Coquimbo,410.1
2002-04,Valparaíso,416.3
2002-04,O'Higgins,413.8
2002-04,Maule,422.5
2002-04,Biobío,419.9
2002-04,Araucanía,426.6
2002-04,Los Lagos,431.3
2002-04,Aysén,433.7
2002-04,Magallanes,412.9
2002-05,Metropolitana,394.3
2002-05,Tarapacá,417.6
2002-05,Antofagasta,429.8
2002-05,Atacama,436.9
2002-05,Coquimbo,412.2
2002-05,Valparaíso,424.2
2002-05,O'Higgins,418.9
2002-05,Maule,426.8
2002-05,Biobío,425.3
2002-05,Araucanía,431.5
2002-05,Los Lagos,436.7
2002-05,Aysén,441.8
2002-05,Magallanes,417.1
2002-06,Metropolitana,378.01
2002-06,Tarapacá,405.8
2002-06,Antofagasta,419.6
2002-06,Atacama,428
2002-06,Coquimbo,409
2002-06,Valparaíso,413.4
2002-06,O'Higgins,408.4
2002-06,Maule,415.9
2002-06,Biobío,418.6
2002-06,Araucanía,403.2
2002-06,Los Lagos,426.6
2002-06,Aysén,431.2
2002-06,Magallanes,406.6
2002-07,Metropolitana,399.81
2002-07,Tarapacá,416.9
2002-07,Antofagasta,417.7
2002-07,Atacama,431.6
2002-07,Coquimbo,416.1
2002-07,Valparaíso,418.5
2002-07,O'Higgins,413.5
2002-07,Maule,421.2
2002-07,Biobío,420.6
2002-07,Araucanía,414.5
2002-07,Los Lagos,436
2002-07,Aysén,434.2
2002-07,Magallanes,412.8
2002-08,Metropolitana,423.21
2002-08,Tarapacá,431.5
2002-08,Antofagasta,443.9
2002-08,Atacama,456.8
2002-08,Coquimbo,440.3
2002-08,Valparaíso,441.1
2002-08,O'Higgins,437.4
2002-08,Maule,439.5
2002-08,Biobío,443.2
2002-08,Araucanía,434
2002-08,Los Lagos,453.7
2002-08,Aysén,457.2
2002-08,Magallanes,431
2002-09,Metropolitana,423.17
2002-09,Tarapacá,430
2002-09,Antofagasta,436.7
2002-09,Atacama,456.6
2002-09,Coquimbo,437.5
2002-09,Valparaíso,439.4
2002-09,O'Higgins,434.3
2002-09,Maule,440.2
2002-09,Biobío,441.3
2002-09,Araucanía,436.4
2002-09,Los Lagos,452
2002-09,Aysén,454.8
2002-09,Magallanes,430
2002-10,Metropolitana,432.67
2002-10,Tarapacá,437.2
2002-10,Antofagasta,450.1
2002-10,Atacama,463
2002-10,Coquimbo,445.4
2002-10,Valparaíso,447
2002-10,O'Higgins,442.5
2002-10,Maule,447.8
2002-10,Biobío,449.1
2002-10,Araucanía,446.5
2002-10,Los Lagos,459.5
2002-10,Aysén,462.7
2002-10,Magallanes,437.4
2002-11,Metropolitana,434.8
2002-11,Tarapacá,444.9
2002-11,Antofagasta,461.3
2002-11,Atacama,472.4
2002-11,Coquimbo,453
2002-11,Valparaíso,455.9
2002-11,O'Higgins,451.9
2002-11,Maule,458.8
2002-11,Biobío,454.4
2002-11,Araucanía,459.9
2002-11,Los Lagos,462.4
2002-11,Aysén,474.6
2002-11,Magallanes,448.9
2002-12,Metropolitana,400.82
2002-12,Tarapacá,405.3
2002-12,Antofagasta,418.8
2002-12,Atacama,430.8
2002-12,Coquimbo,414.7
2002-12,Valparaíso,416.4
2002-12,O'Higgins,411.2
2002-12,Maule,417.4
2002-12,Biobío,418.3
2002-12,Araucanía,416.4
2002-12,Los Lagos,429.2
2002-12,Aysén,430.8
2002-12,Magallanes,406.8
2003-01,Metropolitana,433.5
2003-01,Tarapacá,430.2
2003-01,Antofagasta,442.7
2003-01,Atacama,459
2003-01,Coquimbo,438.7
2003-01,Valparaíso,440.4
2003-01,O'Higgins,436.4
2003-01,Maule,441.9
2003-01,Biobío,442.7
2003-01,Araucanía,441.2
2003-01,Los Lagos,454.3
2003-01,Aysén,455.4
2003-01,Magallanes,431.4
2003-02,Metropolitana,450.81
2003-02,Tarapacá,453.5
2003-02,Antofagasta,463.1
2003-02,Atacama,474.8
2003-02,Coquimbo,463.1
2003-02,Valparaíso,458.3
2003-02,O'Higgins,457.9
2003-02,Maule,464.6
2003-02,Biobío,464.6
2003-02,Araucanía,465.9
2003-02,Los Lagos,494
2003-02,Aysén,479.9
2003-02,Magallanes,455.5
2003-03,Metropolitana,480.39
2003-03,Tarapacá,489.3
2003-03,Antofagasta,497.2
2003-03,Atacama,516.5
2003-03,Coquimbo,495.9
2003-03,Valparaíso,498.9
2003-03,O'Higgins,497.5
2003-03,Maule,501.7
2003-03,Biobío,496.7
2003-03,Araucanía,499.5
2003-03,Los Lagos,505.5
2003-03,Aysén,514.3
2003-03,Magallanes,488.3
2003-04,Metropolitana,461.53
2003-04,Tarapacá,465.7
2003-04,Antofagasta,475
2003-04,Atacama,485.8
2003-04,Coquimbo,472.5
2003-04,Valparaíso,473.7
2003-04,O'Higgins,471.1
2003-04,Maule,477
2003-04,Biobío,476.4
2003-04,Araucanía,479
2003-04,Los Lagos,487.3
2003-04,Aysén,488.3
2003-04,Magallanes,464.6
2003-05,Metropolitana,444.47
2003-05,Tarapacá,448
2003-05,Antofagasta,459.7
2003-05,Atacama,472.9
2003-05,Coquimbo,456.7
2003-05,Valparaíso,458.1
2003-05,O'Higgins,452.7
2003-05,Maule,462.9
2003-05,Biobío,460.5
2003-05,Araucanía,464.4
2003-05,Los Lagos,470.5
2003-05,Aysén,474.3
2003-05,Magallanes,450.9
2003-06,Metropolitana,446.82
2003-06,Tarapacá,448.7
2003-06,Antofagasta,460.7
2003-06,Atacama,471.8
2003-06,Coquimbo,458.4
2003-06,Valparaíso,458.9
2003-06,O'Higgins,453.1
2003-06,Maule,462.6
2003-06,Biobío,461.9
2003-06,Araucanía,463.7
2003-06,Los Lagos,464.4
2003-06,Aysén,473
2003-06,Magallanes,451
2003-07,Metropolitana,441.95
2003-07,Tarapacá,444.8
2003-07,Antofagasta,456.9
2003-07,Atacama,468.1
2003-07,Coquimbo,454.4
2003-07,Valparaíso,455.4
2003-07,O'Higgins,448.2
2003-07,Maule,458.4
2003-07,Biobío,459.9
2003-07,Araucanía,460.7
2003-07,Los Lagos,463.3
2003-07,Aysén,469.2
2003-07,Magallanes,446.8
2003-08,Metropolitana,465.34
2003-08,Tarapacá,467.7
2003-08,Antofagasta,479.3
2003-08,Atacama,490.3
2003-08,Coquimbo,477
2003-08,Valparaíso,478.1
2003-08,O'Higgins,472.1
2003-08,Maule,481.1
2003-08,Biobío,463.1
2003-08,Araucanía,482.6
2003-08,Los Lagos,486.8
2003-08,Aysén,491.7
2003-08,Magallanes,469.5
2003-09,Metropolitana,509.75
2003-09,Tarapacá,511.7
2003-09,Antofagasta,506
2003-09,Atacama,516.4
2003-09,Coquimbo,503.1
2003-09,Valparaíso,505
2003-09,O'Higgins,516.2
2003-09,Maule,519.5
2003-09,Biobío,496.8
2003-09,Araucanía,527.5
2003-09,Los Lagos,530.5
2003-09,Aysén,536.3
2003-09,Magallanes,514.1
2003-10,Metropolitana,425.63
2003-10,Tarapacá,448.3
2003-10,Antofagasta,449.9
2003-10,Atacama,459.9
2003-10,Coquimbo,447.4
2003-10,Valparaíso,448.6
2003-10,O'Higgins,441.9
2003-10,Maule,452.6
2003-10,Biobío,448.4
2003-10,Araucanía,455.1
2003-10,Los Lagos,457.3
2003-10,Aysén,463.2
2003-10,Magallanes,440.3
2003-11,Metropolitana,426.1
2003-11,Tarapacá,432.5
2003-11,Antofagasta,446.2
2003-11,Atacama,458.8
2003-11,Coquimbo,437.4
2003-11,Valparaíso,442.8
2003-11,O'Higgins,440.6
2003-11,Maule,447.5
2003-11,Biobío,441.9
2003-11,Araucanía,454.2
2003-11,Los Lagos,448.3
2003-11,Aysén,462.5
2003-11,Magallanes,439.7
2003-12,Metropolitana,425.26
2003-12,Tarapacá,426.9
2003-12,Antofagasta,439
2003-12,Atacama,450.8
2003-12,Coquimbo,437.4
2003-12,Valparaíso,438.7
2003-12,O'Higgins,432.2
2003-12,Maule,441.8
2003-12,Biobío,439.1
2003-12,Araucanía,445.2
2003-12,Los Lagos,440.3
2003-12,Aysén,452.6
2003-12,Magallanes,430.2
2004-01,Metropolitana,416.8
2004-01,Tarapacá,419.5
2004-01,Antofagasta,431.3
2004-01,Atacama,443.2
2004-01,Coquimbo,429.8
2004-01,Valparaíso,431.2
2004-01,O'Higgins,424.9
2004-01,Maule,434.5
2004-01,Biobío,431.4
2004-01,Araucanía,436.6
2004-01,Los Lagos,439.2
2004-01,Aysén,445.4
2004-01,Magallanes,422.9
2004-02,Metropolitana,449.21
2004-02,Tarapacá,430
2004-02,Antofagasta,444.7
2004-02,Atacama,474.7
2004-02,Coquimbo,460.7
2004-02,Valparaíso,463.8
2004-02,O'Higgins,446.7
2004-02,Maule,451.2
2004-02,Biobío,439.5
2004-02,Araucanía,460.7
2004-02,Los Lagos,474
2004-02,Aysén,477
2004-02,Magallanes,446.1
2004-03,Metropolitana,442.84
2004-03,Tarapacá,450.5
2004-03,Antofagasta,462.4
2004-03,Atacama,468.3
2004-03,Coquimbo,457.7
2004-03,Valparaíso,458.8
2004-03,O'Higgins,455.2
2004-03,Maule,457.3
2004-03,Biobío,454.5
2004-03,Araucanía,467.3
2004-03,Los Lagos,469.3
2004-03,Aysén,476.1
2004-03,Magallanes,454.2
2004-04,Metropolitana,467.06
2004-04,Tarapacá,480.4
2004-04,Antofagasta,484.4
2004-04,Atacama,484.1
2004-04,Coquimbo,483.2
2004-04,Valparaíso,484.7
2004-04,O'Higgins,477
2004-04,Maule,487.2
2004-04,Biobío,484.5
2004-04,Araucanía,489.9
2004-04,Los Lagos,492.8
2004-04,Aysén,508.2
2004-04,Magallanes,476.7
2004-05,Metropolitana,492.59
2004-05,Tarapacá,496.4
2004-05,Antofagasta,509.8
2004-05,Atacama,503.1
2004-05,Coquimbo,508.3
2004-05,Valparaíso,509.9
2004-05,O'Higgins,502.2
2004-05,Maule,503.4
2004-05,Biobío,510.3
2004-05,Araucanía,514.6
2004-05,Los Lagos,517.8
2004-05,Aysén,523
2004-05,Magallanes,500.2
2004-06,Metropolitana,551.03
2004-06,Tarapacá,555.2
2004-06,Antofagasta,568.4
2004-06,Atacama,558.3
2004-06,Coquimbo,565.5
2004-06,Valparaíso,564
2004-06,O'Higgins,558.6
2004-06,Maule,548
2004-06,Biobío,568.3
2004-06,Araucanía,573
2004-06,Los Lagos,577
2004-06,Aysén,581.5
2004-06,Magallanes,556.8
2004-07,Metropolitana,491.91
2004-07,Tarapacá,498.2
2004-07,Antofagasta,510.2
2004-07,Atacama,500
2004-07,Coquimbo,509.2
2004-07,Valparaíso,510.7
2004-07,O'Higgins,501.3
2004-07,Maule,507.1
2004-07,Biobío,510.5
2004-07,Araucanía,515.8
2004-07,Los Lagos,514.8
2004-07,Aysén,524.7
2004-07,Magallanes,500.9
2004-08,Metropolitana,515.3
2004-08,Tarapacá,519
2004-08,Antofagasta,530.7
2004-08,Atacama,522
2004-08,Coquimbo,525.5
2004-08,Valparaíso,530.4
2004-08,O'Higgins,522.1
2004-08,Maule,529.8
2004-08,Biobío,529.9
2004-08,Araucanía,532.9
2004-08,Los Lagos,530.6
2004-08,Aysén,547.7
2004-08,Magallanes,522
2004-09,Metropolitana,519.16
2004-09,Tarapacá,517.2
2004-09,Antofagasta,529.3
2004-09,Atacama,517.1
2004-09,Coquimbo,527.9
2004-09,Valparaíso,529.7
2004-09,O'Higgins,520.6
2004-09,Maule,529.1
2004-09,Biobío,528.5
2004-09,Araucanía,533.7
2004-09,Los Lagos,534
2004-09,Aysén,542.2
2004-09,Magallanes,519.6
2004-10,Metropolitana,520.66
2004-10,Tarapacá,510.2
2004-10,Antofagasta,520.5
2004-10,Atacama,506.5
2004-10,Coquimbo,528.8
2004-10,Valparaíso,520.8
2004-10,O'Higgins,515.1
2004-10,Maule,520.2
2004-10,Biobío,516.9
2004-10,Araucanía,525.8
2004-10,Los Lagos,535
2004-10,Aysén,543.2
2004-10,Magallanes,509.9
2004-11,Metropolitana,531.7
2004-11,Tarapacá,530.2
2004-11,Antofagasta,541.3
2004-11,Atacama,527
2004-11,Coquimbo,540.3
2004-11,Valparaíso,541.6
2004-11,O'Higgins,538.9
2004-11,Maule,541.1
2004-11,Biobío,541.5
2004-11,Araucanía,546.8
2004-11,Los Lagos,546
2004-11,Aysén,554.2
2004-11,Magallanes,531.6
2004-12,Metropolitana,490.45
2004-12,Tarapacá,490.2
2004-12,Antofagasta,501.3
2004-12,Atacama,489.1
2004-12,Coquimbo,501.5
2004-12,Valparaíso,501.5
2004-12,O'Higgins,498.7
2004-12,Maule,501.2
2004-12,Biobío,501.4
2004-12,Araucanía,506.6
2004-12,Los Lagos,505.8
2004-12,Aysén,519.2
2004-12,Magallanes,495.6
2005-01,Metropolitana,452.14
2005-01,Tarapacá,454.4
2005-01,Antofagasta,455.9
2005-01,Atacama,439.8
2005-01,Coquimbo,462.4
2005-01,Valparaíso,459.8
2005-01,O'Higgins,460.9
2005-01,Maule,463.1
2005-01,Biobío,454.6
2005-01,Araucanía,468.9
2005-01,Los Lagos,468
2005-01,Aysén,468.2
2005-01,Magallanes,450.7
2005-02,Metropolitana,499.67
2005-02,Tarapacá,504.5
2005-02,Antofagasta,510.5
2005-02,Atacama,493.4
2005-02,Coquimbo,509.6
2005-02,Valparaíso,510.5
2005-02,O'Higgins,508.1
2005-02,Maule,510
2005-02,Biobío,509.9
2005-02,Araucanía,516
2005-02,Los Lagos,515
2005-02,Aysén,523.2
2005-02,Magallanes,500.7
2005-03,Metropolitana,481.39
2005-03,Tarapacá,482.1
2005-03,Antofagasta,493.4
2005-03,Atacama,479.7
2005-03,Coquimbo,492.1
2005-03,Valparaíso,493.5
2005-03,O'Higgins,491.2
2005-03,Maule,492.3
2005-03,Biobío,493.4
2005-03,Araucanía,499
2005-03,Los Lagos,498
2005-03,Aysén,506.2
2005-03,Magallanes,483.5
2005-04,Metropolitana,556.6
2005-04,Tarapacá,544.8
2005-04,Antofagasta,558.9
2005-04,Atacama,545.3
2005-04,Coquimbo,552.9
2005-04,Valparaíso,554.5
2005-04,O'Higgins,566.4
2005-04,Maule,559.5
2005-04,Biobío,558.2
2005-04,Araucanía,571
2005-04,Los Lagos,574
2005-04,Aysén,574
2005-04,Magallanes,566.3
2005-05,Metropolitana,560.97
2005-05,Tarapacá,563
2005-05,Antofagasta,561.1
2005-05,Atacama,544.8
2005-05,Coquimbo,571.4
2005-05,Valparaíso,574.8
2005-05,O'Higgins,571.1
2005-05,Maule,536
2005-05,Biobío,563.1
2005-05,Araucanía,579.9
2005-05,Los Lagos,579
2005-05,Aysén,589.2
2005-05,Magallanes,570.4
2005-06,Metropolitana,527.13
2005-06,Tarapacá,526.2
2005-06,Antofagasta,537.4
2005-06,Atacama,526.4
2005-06,Coquimbo,507.9
2005-06,Valparaíso,535.8
2005-06,O'Higgins,536
2005-06,Maule,508.9
2005-06,Biobío,537.5
2005-06,Araucanía,542.8
2005-06,Los Lagos,542
2005-06,Aysén,552.2
2005-06,Magallanes,532.4
2005-07,Metropolitana,561.17
2005-07,Tarapacá,552.2
2005-07,Antofagasta,567.4
2005-07,Atacama,554
2005-07,Coquimbo,534.1
2005-07,Valparaíso,566.4
2005-07,O'Higgins,567.3
2005-07,Maule,540.3
2005-07,Biobío,567
2005-07,Araucanía,575.6
2005-07,Los Lagos,577
2005-07,Aysén,577.2
2005-07,Magallanes,557.5
2005-08,Metropolitana,557.62
2005-08,Tarapacá,559.3
2005-08,Antofagasta,567.5
2005-08,Atacama,558.8
2005-08,Coquimbo,529.5
2005-08,Valparaíso,566.6
2005-08,O'Higgins,569.3
2005-08,Maule,542.9
2005-08,Biobío,571.8
2005-08,Araucanía,573.4
2005-08,Los Lagos,572.1
2005-08,Aysén,587.8
2005-08,Magallanes,569
2005-09,Metropolitana,586.82
2005-09,Tarapacá,607.2
2005-09,Antofagasta,618.4
2005-09,Atacama,596.5
2005-09,Coquimbo,579.9
2005-09,Valparaíso,615.6
2005-09,O'Higgins,616.6
2005-09,Maule,594
2005-09,Biobío,619.3
2005-09,Araucanía,624
2005-09,Los Lagos,623.1
2005-09,Aysén,635.2
2005-09,Magallanes,612.5
2005-10,Metropolitana,618.93
2005-10,Tarapacá,595.7
2005-10,Antofagasta,614.7
2005-10,Atacama,597.2
2005-10,Coquimbo,574
2005-10,Valparaíso,601.1
2005-10,O'Higgins,625.7
2005-10,Maule,599.8
2005-10,Biobío,612.5
2005-10,Araucanía,631.1
2005-10,Los Lagos,634.1
2005-10,Aysén,639.6
2005-10,Magallanes,621.6
2005-11,Metropolitana,577.45
2005-11,Tarapacá,573.2
2005-11,Antofagasta,584.4
2005-11,Atacama,577.1
2005-11,Coquimbo,555.9
2005-11,Valparaíso,581.9
2005-11,O'Higgins,582.7
2005-11,Maule,569.8
2005-11,Biobío,585.4
2005-11,Araucanía,590.2
2005-11,Los Lagos,589.8
2005-11,Aysén,601.2
2005-11,Magallanes,578.7
2005-12,Metropolitana,519.54
2005-12,Tarapacá,516.2
2005-12,Antofagasta,527.4
2005-12,Atacama,520.2
2005-12,Coquimbo,499.1
2005-12,Valparaíso,519.6
2005-12,O'Higgins,520.8
2005-12,Maule,513
2005-12,Biobío,528.3
2005-12,Araucanía,533.2
2005-12,Los Lagos,531.8
2005-12,Aysén,544.2
2005-12,Magallanes,521.6
2006-01,Metropolitana,535.38
2006-01,Tarapacá,530.2
2006-01,Antofagasta,542.2
2006-01,Atacama,534.7
2006-01,Coquimbo,514.3
2006-01,Valparaíso,532.5
2006-01,O'Higgins,539.5
2006-01,Maule,527.3
2006-01,Biobío,543.2
2006-01,Araucanía,547.7
2006-01,Los Lagos,547.8
2006-01,Aysén,558.2
2006-01,Magallanes,536
2006-02,Metropolitana,576.11
2006-02,Tarapacá,573
2006-02,Antofagasta,585.7
2006-02,Atacama,578.2
2006-02,Coquimbo,556.7
2006-02,Valparaíso,580.8
2006-02,O'Higgins,583
2006-02,Maule,571.1
2006-02,Biobío,586.4
2006-02,Araucanía,590.9
2006-02,Los Lagos,589.8
2006-02,Aysén,602.4
2006-02,Magallanes,570.5
2006-03,Metropolitana,543.75
2006-03,Tarapacá,542.2
2006-03,Antofagasta,553.7
2006-03,Atacama,546.3
2006-03,Coquimbo,526.1
2006-03,Valparaíso,548.3
2006-03,O'Higgins,550.6
2006-03,Maule,538.7
2006-03,Biobío,554.3
2006-03,Araucanía,559.2
2006-03,Los Lagos,557.8
2006-03,Aysén,570.2
2006-03,Magallanes,538.6
2006-04,Metropolitana,585.54
2006-04,Tarapacá,576.3
2006-04,Antofagasta,593.5
2006-04,Atacama,594.6
2006-04,Coquimbo,567.5
2006-04,Valparaíso,589.5
2006-04,O'Higgins,599.3
2006-04,Maule,589
2006-04,Biobío,598.1
2006-04,Araucanía,602.2
2006-04,Los Lagos,598.8
2006-04,Aysén,624.2
2006-04,Magallanes,589.7
2006-05,Metropolitana,627.5
2006-05,Tarapacá,617.9
2006-05,Antofagasta,637.2
2006-05,Atacama,631.2
2006-05,Coquimbo,612.1
2006-05,Valparaíso,634.7
2006-05,O'Higgins,637.2
2006-05,Maule,625
2006-05,Biobío,639.5
2006-05,Araucanía,641.8
2006-05,Los Lagos,646.5
2006-05,Aysén,656.2
2006-05,Magallanes,623.6
2006-06,Metropolitana,622.45
2006-06,Tarapacá,588.2
2006-06,Antofagasta,632.1
2006-06,Atacama,624.5
2006-06,Coquimbo,603.9
2006-06,Valparaíso,627.1
2006-06,O'Higgins,630.2
2006-06,Maule,616.8
2006-06,Biobío,633.8
2006-06,Araucanía,633.2
2006-06,Los Lagos,639.1
2006-06,Aysén,648.2
2006-06,Magallanes,616.3
2006-07,Metropolitana,635.46
2006-07,Tarapacá,636.4
2006-07,Antofagasta,646.3
2006-07,Atacama,641.9
2006-07,Coquimbo,618.4
2006-07,Valparaíso,641
2006-07,O'Higgins,643.3
2006-07,Maule,630.8
2006-07,Biobío,647.9
2006-07,Araucanía,647
2006-07,Los Lagos,653.3
2006-07,Aysén,653.7
2006-07,Magallanes,630.5
2006-08,Metropolitana,638.76
2006-08,Tarapacá,640.2
2006-08,Antofagasta,644.7
2006-08,Atacama,642.4
2006-08,Coquimbo,622.5
2006-08,Valparaíso,648.2
2006-08,O'Higgins,647.5
2006-08,Maule,634.8
2006-08,Biobío,651.9
2006-08,Araucanía,651.2
2006-08,Los Lagos,657.3
2006-08,Aysén,657.7
2006-08,Magallanes,634.4
2006-09,Metropolitana,624.05
2006-09,Tarapacá,619.4
2006-09,Antofagasta,627.5
2006-09,Atacama,624.4
2006-09,Coquimbo,612.7
2006-09,Valparaíso,629.9
2006-09,O'Higgins,630.3
2006-09,Maule,615.4
2006-09,Biobío,639.6
2006-09,Araucanía,635.1
2006-09,Los Lagos,639.1
2006-09,Aysén,639.7
2006-09,Magallanes,616.1
2006-10,Metropolitana,575.2
2006-10,Tarapacá,569.3
2006-10,Antofagasta,577.6
2006-10,Atacama,577.4
2006-10,Coquimbo,559.2
2006-10,Valparaíso,582.4
2006-10,O'Higgins,583
2006-10,Maule,568.9
2006-10,Biobío,586.8
2006-10,Araucanía,587.1
2006-10,Los Lagos,590.8
2006-10,Aysén,591.7
2006-10,Magallanes,568.4
2006-11,Metropolitana,557.88
2006-11,Tarapacá,553.4
2006-11,Antofagasta,561.9
2006-11,Atacama,562
2006-11,Coquimbo,543.8
2006-11,Valparaíso,564.7
2006-11,O'Higgins,568.5
2006-11,Maule,554.3
2006-11,Biobío,571.5
2006-11,Araucanía,571.6
2006-11,Los Lagos,576.5
2006-11,Aysén,576.7
2006-11,Magallanes,553
2006-12,Metropolitana,564.51
2006-12,Tarapacá,551.4
2006-12,Antofagasta,570.2
2006-12,Atacama,570.1
2006-12,Coquimbo,552
2006-12,Valparaíso,572.8
2006-12,O'Higgins,576.5
2006-12,Maule,562.5
2006-12,Biobío,578.4
2006-12,Araucanía,579.8
2006-12,Los Lagos,584.7
2006-12,Aysén,584.7
2006-12,Magallanes,561.1
2007-01,Metropolitana,561.65
2007-01,Tarapacá,551.4
2007-01,Antofagasta,570
2007-01,Atacama,569.2
2007-01,Coquimbo,552.9
2007-01,Valparaíso,571.7
2007-01,O'Higgins,575.6
2007-01,Maule,561.8
2007-01,Biobío,578.4
2007-01,Araucanía,579.3
2007-01,Los Lagos,583.1
2007-01,Aysén,583.7
2007-01,Magallanes,560.3
2007-02,Metropolitana,535.31
2007-02,Tarapacá,536.5
2007-02,Antofagasta,543.3
2007-02,Atacama,543.8
2007-02,Coquimbo,526.1
2007-02,Valparaíso,544.2
2007-02,O'Higgins,550.5
2007-02,Maule,536.6
2007-02,Biobío,552
2007-02,Araucanía,553.9
2007-02,Los Lagos,557.8
2007-02,Aysén,559.7
2007-02,Magallanes,535.9
2007-03,Metropolitana,541.98
2007-03,Tarapacá,545
2007-03,Antofagasta,546
2007-03,Atacama,541.7
2007-03,Coquimbo,532.4
2007-03,Valparaíso,542.5
2007-03,O'Higgins,554.2
2007-03,Maule,541.7
2007-03,Biobío,553.6
2007-03,Araucanía,553.9
2007-03,Los Lagos,564.6
2007-03,Aysén,574.7
2007-03,Magallanes,534.5
2007-04,Metropolitana,563.03
2007-04,Tarapacá,568.7
2007-04,Antofagasta,570
2007-04,Atacama,568.9
2007-04,Coquimbo,555.1
2007-04,Valparaíso,562.7
2007-04,O'Higgins,575.2
2007-04,Maule,561.7
2007-04,Biobío,578.8
2007-04,Araucanía,579
2007-04,Los Lagos,584.9
2007-04,Aysén,583.7
2007-04,Magallanes,559.5
2007-05,Metropolitana,614.69
2007-05,Tarapacá,611.3
2007-05,Antofagasta,613.9
2007-05,Atacama,611.9
2007-05,Coquimbo,598.9
2007-05,Valparaíso,605.2
2007-05,O'Higgins,618.3
2007-05,Maule,605.4
2007-05,Biobío,621.8
2007-05,Araucanía,622
2007-05,Los Lagos,627
2007-05,Aysén,626.7
2007-05,Magallanes,602.5
2007-06,Metropolitana,623.83
2007-06,Tarapacá,628.8
2007-06,Antofagasta,631.8
2007-06,Atacama,632.9
2007-06,Coquimbo,619.9
2007-06,Valparaíso,623.4
2007-06,O'Higgins,638.2
2007-06,Maule,624.5
2007-06,Biobío,641.7
2007-06,Araucanía,642
2007-06,Los Lagos,646.8
2007-06,Aysén,646.7
2007-06,Magallanes,622.5
2007-07,Metropolitana,628.75
2007-07,Tarapacá,622.8
2007-07,Antofagasta,636.2
2007-07,Atacama,638
2007-07,Coquimbo,624.9
2007-07,Valparaíso,627.8
2007-07,O'Higgins,643.2
2007-07,Maule,629.6
2007-07,Biobío,646.7
2007-07,Araucanía,647.1
2007-07,Los Lagos,651.8
2007-07,Aysén,651.7
2007-07,Magallanes,627.5
2007-08,Metropolitana,643.07
2007-08,Tarapacá,622.1
2007-08,Antofagasta,644.1
2007-08,Atacama,652.7
2007-08,Coquimbo,636.9
2007-08,Valparaíso,639
2007-08,O'Higgins,659.4
2007-08,Maule,643.4
2007-08,Biobío,657.4
2007-08,Araucanía,659.6
2007-08,Los Lagos,659.8
2007-08,Aysén,667.7
2007-08,Magallanes,642.7
2007-09,Metropolitana,614.07
2007-09,Tarapacá,601.2
2007-09,Antofagasta,616
2007-09,Atacama,622.1
2007-09,Coquimbo,609.1
2007-09,Valparaíso,611.7
2007-09,O'Higgins,627.3
2007-09,Maule,613.8
2007-09,Biobío,630.9
2007-09,Araucanía,631.2
2007-09,Los Lagos,635.1
2007-09,Aysén,635.7
2007-09,Magallanes,611.4
2007-10,Metropolitana,619.03
2007-10,Tarapacá,608.1
2007-10,Antofagasta,622.8
2007-10,Atacama,629.1
2007-10,Coquimbo,615.9
2007-10,Valparaíso,619.1
2007-10,O'Higgins,634.3
2007-10,Maule,618.5
2007-10,Biobío,637.8
2007-10,Araucanía,638
2007-10,Los Lagos,643.2
2007-10,Aysén,642.7
2007-10,Magallanes,618.5
2007-11,Metropolitana,612.8
2007-11,Tarapacá,614.8
2007-11,Antofagasta,620.6
2007-11,Atacama,626.1
2007-11,Coquimbo,612.8
2007-11,Valparaíso,615.8
2007-11,O'Higgins,631.3
2007-11,Maule,626.8
2007-11,Biobío,634.9
2007-11,Araucanía,635
2007-11,Los Lagos,639.8
2007-11,Aysén,639.7
2007-11,Magallanes,615.2
2007-12,Metropolitana,628.66
2007-12,Tarapacá,647.2
2007-12,Antofagasta,651.7
2007-12,Atacama,657.5
2007-12,Coquimbo,644.9
2007-12,Valparaíso,648.1
2007-12,O'Higgins,662.6
2007-12,Maule,658.7
2007-12,Biobío,666.9
2007-12,Araucanía,667
2007-12,Los Lagos,672.6
2007-12,Aysén,671.7
2007-12,Magallanes,647.4
2008-01,Metropolitana,628.66
2008-01,Tarapacá,626.8
2008-01,Antofagasta,634.1
2008-01,Atacama,635.3
2008-01,Coquimbo,628.8
2008-01,Valparaíso,625.9
2008-01,O'Higgins,643.3
2008-01,Maule,635.8
2008-01,Biobío,644.8
2008-01,Araucanía,652.5
2008-01,Los Lagos,657.8
2008-01,Aysén,648.7
2008-01,Magallanes,626
2008-02,Metropolitana,577.05
2008-02,Tarapacá,584.7
2008-02,Antofagasta,583.6
2008-02,Atacama,589.1
2008-02,Coquimbo,575.4
2008-02,Valparaíso,577.3
2008-02,O'Higgins,594.3
2008-02,Maule,589.6
2008-02,Biobío,597.6
2008-02,Araucanía,597.8
2008-02,Los Lagos,602.4
2008-02,Aysén,602.7
2008-02,Magallanes,578.4
2008-03,Metropolitana,580.01
2008-03,Tarapacá,558.4
2008-03,Antofagasta,585
2008-03,Atacama,595.6
2008-03,Coquimbo,582.2
2008-03,Valparaíso,582
2008-03,O'Higgins,598.7
2008-03,Maule,596.8
2008-03,Biobío,604.9
2008-03,Araucanía,604.9
2008-03,Los Lagos,606.8
2008-03,Aysén,609.5
2008-03,Magallanes,594.9
2008-04,Metropolitana,535.15
2008-04,Arica y Parinacota,546.7
2008-04,Tarapacá,520.1
2008-04,Antofagasta,539.2
2008-04,Atacama,551.1
2008-04,Coquimbo,537.3
2008-04,Valparaíso,538.3
2008-04,O'Higgins,551.5
2008-04,Maule,550.7
2008-04,Biobío,556
2008-04,Araucanía,558.9
2008-04,Los Ríos,565.4
2008-04,Los Lagos,558.8
2008-04,Aysén,565
2008-04,Magallanes,540.6
2008-05,Metropolitana,551.17
2008-05,Arica y Parinacota,571.6
2008-05,Tarapacá,542.5
2008-05,Antofagasta,563
2008-05,Atacama,570.9
2008-05,Coquimbo,558.2
2008-05,Valparaíso,556.7
2008-05,O'Higgins,573.7
2008-05,Maule,571.7
2008-05,Biobío,579.5
2008-05,Araucanía,580.1
2008-05,Los Ríos,585.3
2008-05,Los Lagos,584.4
2008-05,Aysén,585
2008-05,Magallanes,561.2
2008-06,Metropolitana,603.37
2008-06,Arica y Parinacota,661.4
2008-06,Tarapacá,593.2
2008-06,Antofagasta,615
2008-06,Atacama,623
2008-06,Coquimbo,610.2
2008-06,Valparaíso,611.9
2008-06,O'Higgins,625.4
2008-06,Maule,623.1
2008-06,Biobío,631.9
2008-06,Araucanía,631.6
2008-06,Los Ríos,637.6
2008-06,Los Lagos,636.9
2008-06,Aysén,637
2008-06,Magallanes,613.2
2008-07,Metropolitana,625.43
2008-07,Arica y Parinacota,647.6
2008-07,Tarapacá,584.4
2008-07,Antofagasta,639.1
2008-07,Atacama,647.1
2008-07,Coquimbo,634.4
2008-07,Valparaíso,630.3
2008-07,O'Higgins,650.1
2008-07,Maule,645.9
2008-07,Biobío,655.9
2008-07,Araucanía,656
2008-07,Los Ríos,662.4
2008-07,Los Lagos,661.2
2008-07,Aysén,661
2008-07,Magallanes,637.1
2008-08,Metropolitana,648.01
2008-08,Arica y Parinacota,673.6
2008-08,Tarapacá,614.7
2008-08,Antofagasta,665.7
2008-08,Atacama,672.8
2008-08,Coquimbo,658.5
2008-08,Valparaíso,681.1
2008-08,O'Higgins,674.6
2008-08,Maule,671.2
2008-08,Biobío,681.9
2008-08,Araucanía,681.5
2008-08,Los Ríos,687.9
2008-08,Los Lagos,686.8
2008-08,Aysén,687
2008-08,Magallanes,663.2
2008-09,Metropolitana,697.4
2008-09,Arica y Parinacota,725.6
2008-09,Tarapacá,696.5
2008-09,Antofagasta,717.9
2008-09,Atacama,725.1
2008-09,Coquimbo,713.4
2008-09,Valparaíso,722.5
2008-09,O'Higgins,727.2
2008-09,Maule,712.8
2008-09,Biobío,733.9
2008-09,Araucanía,734
2008-09,Los Ríos,739.3
2008-09,Los Lagos,738.5
2008-09,Aysén,739
2008-09,Magallanes,715.3
2008-10,Metropolitana,694.49
2008-10,Arica y Parinacota,729.4
2008-10,Tarapacá,704
2008-10,Antofagasta,722.8
2008-10,Atacama,727.4
2008-10,Coquimbo,728.4
2008-10,Valparaíso,716.2
2008-10,O'Higgins,725.1
2008-10,Maule,718.8
2008-10,Biobío,734.5
2008-10,Araucanía,755.2
2008-10,Los Ríos,740.4
2008-10,Los Lagos,736.6
2008-10,Aysén,748
2008-10,Magallanes,712
2008-11,Metropolitana,659.9
2008-11,Arica y Parinacota,690.6
2008-11,Tarapacá,639.5
2008-11,Antofagasta,683.6
2008-11,Atacama,690.3
2008-11,Coquimbo,678.2
2008-11,Valparaíso,676.2
2008-11,O'Higgins,692.4
2008-11,Maule,680.7
2008-11,Biobío,698.9
2008-11,Araucanía,698.9
2008-11,Los Ríos,715.2
2008-11,Los Lagos,716.1
2008-11,Aysén,704
2008-11,Magallanes,680.3
2008-12,Metropolitana,536.46
2008-12,Arica y Parinacota,565.6
2008-12,Tarapacá,532.7
2008-12,Antofagasta,558.6
2008-12,Atacama,565.7
2008-12,Coquimbo,553.2
2008-12,Valparaíso,557.5
2008-12,O'Higgins,567.5
2008-12,Maule,558.2
2008-12,Biobío,573.8
2008-12,Araucanía,580.9
2008-12,Los Ríos,592.1
2008-12,Los Lagos,599
2008-12,Aysén,579
2008-12,Magallanes,554.4
2009-01,Metropolitana,405.15
2009-01,Arica y Parinacota,438.6
2009-01,Tarapacá,427.6
2009-01,Antofagasta,430.9
2009-01,Atacama,438.8
2009-01,Coquimbo,426.2
2009-01,Valparaíso,424.3
2009-01,O'Higgins,441.8
2009-01,Maule,433.9
2009-01,Biobío,446
2009-01,Araucanía,453.4
2009-01,Los Ríos,464.3
2009-01,Los Lagos,471.2
2009-01,Aysén,451
2009-01,Magallanes,430.6
2009-02,Metropolitana,436.95
2009-02,Arica y Parinacota,466.9
2009-02,Tarapacá,452.4
2009-02,Antofagasta,459.8
2009-02,Atacama,466.2
2009-02,Coquimbo,454.2
2009-02,Valparaíso,448.1
2009-02,O'Higgins,466.6
2009-02,Maule,459.4
2009-02,Biobío,474.6
2009-02,Araucanía,482.2
2009-02,Los Ríos,492.9
2009-02,Los Lagos,499.8
2009-02,Aysén,480
2009-02,Magallanes,455.6
2009-03,Metropolitana,458.63
2009-03,Arica y Parinacota,458.4
2009-03,Tarapacá,448.1
2009-03,Antofagasta,451.4
2009-03,Atacama,470.9
2009-03,Coquimbo,455.9
2009-03,Valparaíso,440.3
2009-03,O'Higgins,468.9
2009-03,Maule,453.8
2009-03,Biobío,466.3
2009-03,Araucanía,476.7
2009-03,Los Ríos,501.8
2009-03,Los Lagos,488
2009-03,Aysén,492.2
2009-03,Magallanes,465.3
2009-04,Metropolitana,451.95
2009-04,Arica y Parinacota,464.5
2009-04,Tarapacá,445.5
2009-04,Antofagasta,452.5
2009-04,Atacama,458.8
2009-04,Coquimbo,447.2
2009-04,Valparaíso,437.7
2009-04,O'Higgins,475
2009-04,Maule,451.8
2009-04,Biobío,467.8
2009-04,Araucanía,475
2009-04,Los Ríos,501.8
2009-04,Los Lagos,493
2009-04,Aysén,471.5
2009-04,Magallanes,448.8
2009-05,Metropolitana,484.2
2009-05,Arica y Parinacota,499.4
2009-05,Tarapacá,500.4
2009-05,Antofagasta,496.9
2009-05,Atacama,504
2009-05,Coquimbo,481.7
2009-05,Valparaíso,481.7
2009-05,O'Higgins,511.8
2009-05,Maule,498.8
2009-05,Biobío,513.9
2009-05,Araucanía,523
2009-05,Los Ríos,534
2009-05,Los Lagos,541
2009-05,Aysén,517.7
2009-05,Magallanes,494.1
2009-06,Metropolitana,497.71
2009-06,Arica y Parinacota,521.5
2009-06,Tarapacá,519.5
2009-06,Antofagasta,519.7
2009-06,Atacama,511.3
2009-06,Coquimbo,507.5
2009-06,Valparaíso,493.4
2009-06,O'Higgins,526.8
2009-06,Maule,511.6
2009-06,Biobío,526.2
2009-06,Araucanía,544.2
2009-06,Los Ríos,556.1
2009-06,Los Lagos,568.6
2009-06,Aysén,540
2009-06,Magallanes,505.5
2009-07,Metropolitana,526.52
2009-07,Arica y Parinacota,549.8
2009-07,Tarapacá,542.2
2009-07,Antofagasta,540.7
2009-07,Atacama,543.1
2009-07,Coquimbo,534
2009-07,Valparaíso,528
2009-07,O'Higgins,562.1
2009-07,Maule,546.9
2009-07,Biobío,556.3
2009-07,Araucanía,572
2009-07,Los Ríos,588
2009-07,Los Lagos,594.9
2009-07,Aysén,571.3
2009-07,Magallanes,544.8
2009-08,Metropolitana,532.67
2009-08,Arica y Parinacota,558.4
2009-08,Tarapacá,551.9
2009-08,Antofagasta,548.7
2009-08,Atacama,553.2
2009-08,Coquimbo,551.4
2009-08,Valparaíso,536.9
2009-08,O'Higgins,563
2009-08,Maule,550.8
2009-08,Biobío,564.9
2009-08,Araucanía,573.5
2009-08,Los Ríos,585.1
2009-08,Los Lagos,592
2009-08,Aysén,570
2009-08,Magallanes,545.1
2009-09,Metropolitana,569.33
2009-09,Arica y Parinacota,587.3
2009-09,Tarapacá,590.3
2009-09,Antofagasta,586.1
2009-09,Atacama,590.1
2009-09,Coquimbo,580.2
2009-09,Valparaíso,573.5
2009-09,O'Higgins,600.2
2009-09,Maule,587.6
2009-09,Biobío,602
2009-09,Araucanía,610.8
2009-09,Los Ríos,622.4
2009-09,Los Lagos,629.3
2009-09,Aysén,607
2009-09,Magallanes,583.6
2009-10,Metropolitana,552.35
2009-10,Arica y Parinacota,568.3
2009-10,Tarapacá,573.8
2009-10,Antofagasta,570
2009-10,Atacama,579
2009-10,Coquimbo,565.1
2009-10,Valparaíso,559.5
2009-10,O'Higgins,586.3
2009-10,Maule,573.4
2009-10,Biobío,586.3
2009-10,Araucanía,596.2
2009-10,Los Ríos,610.5
2009-10,Los Lagos,612.1
2009-10,Aysén,594
2009-10,Magallanes,569.3
2009-11,Metropolitana,563.76
2009-11,Arica y Parinacota,579.5
2009-11,Tarapacá,583.4
2009-11,Antofagasta,580.2
2009-11,Atacama,585.2
2009-11,Coquimbo,575.3
2009-11,Valparaíso,568.5
2009-11,O'Higgins,594.7
2009-11,Maule,582.8
2009-11,Biobío,597.5
2009-11,Araucanía,606.3
2009-11,Los Ríos,617
2009-11,Los Lagos,624.3
2009-11,Aysén,602
2009-11,Magallanes,578.5
2009-12,Metropolitana,555.31
2009-12,Arica y Parinacota,568.9
2009-12,Tarapacá,572.2
2009-12,Antofagasta,569.8
2009-12,Atacama,576
2009-12,Coquimbo,566.1
2009-12,Valparaíso,555.5
2009-12,O'Higgins,581.8
2009-12,Maule,570.4
2009-12,Biobío,581.8
2009-12,Araucanía,591.4
2009-12,Los Ríos,605.9
2009-12,Los Lagos,607.9
2009-12,Aysén,589.8
2009-12,Magallanes,569.8
2010-01,Metropolitana,547.74
2010-01,Arica y Parinacota,566.9
2010-01,Tarapacá,569.7
2010-01,Antofagasta,568.1
2010-01,Atacama,572.9
2010-01,Coquimbo,563.7
2010-01,Valparaíso,552.5
2010-01,O'Higgins,578
2010-01,Maule,565.7
2010-01,Biobío,579.7
2010-01,Araucanía,588.6
2010-01,Los Ríos,599.5
2010-01,Los Lagos,606.1
2010-01,Aysén,586
2010-01,Magallanes,561.3
2010-02,Metropolitana,580.75
2010-02,Arica y Parinacota,600.4
2010-02,Tarapacá,603.1
2010-02,Antofagasta,603.3
2010-02,Atacama,606.2
2010-02,Coquimbo,597.4
2010-02,Valparaíso,585.3
2010-02,O'Higgins,622.7
2010-02,Maule,598.7
2010-02,Biobío,612.9
2010-02,Araucanía,622
2010-02,Los Ríos,633
2010-02,Los Lagos,640
2010-02,Aysén,631.3
2010-02,Magallanes,594.5
2010-03,Metropolitana,572.04
2010-03,Arica y Parinacota,593.2
2010-03,Tarapacá,595.7
2010-03,Antofagasta,595.7
2010-03,Atacama,599
2010-03,Coquimbo,589.8
2010-03,Valparaíso,576.1
2010-03,O'Higgins,605.3
2010-03,Los Ríos,626
2010-03,Los Lagos,632.7
2010-03,Aysén,613
2010-03,Magallanes,587.2
2010-04,Metropolitana,647.28
2010-04,Arica y Parinacota,663.6
2010-04,Tarapacá,669.3
2010-04,Antofagasta,671.3
2010-04,Atacama,668.9
2010-04,Coquimbo,666.5
2010-04,Valparaíso,646.4
2010-04,O'Higgins,683.4
2010-04,Maule,668
2010-04,Biobío,678.4
2010-04,Araucanía,692.1
2010-04,Los Ríos,698.1
2010-04,Los Lagos,707.6
2010-04,Aysén,692
2010-04,Magallanes,660.7
2010-05,Metropolitana,661.55
2010-05,Arica y Parinacota,686.4
2010-05,Tarapacá,689.3
2010-05,Antofagasta,688.1
2010-05,Atacama,691.9
2010-05,Coquimbo,683.3
2010-05,Valparaíso,669.6
2010-05,O'Higgins,698.1
2010-05,Maule,687.1
2010-05,Biobío,699.8
2010-05,Araucanía,708.7
2010-05,Los Ríos,720.1
2010-05,Los Lagos,727.4
2010-05,Aysén,707
2010-05,Magallanes,683.6
2010-06,Metropolitana,666.41
2010-06,Arica y Parinacota,691.4
2010-06,Tarapacá,694.3
2010-06,Antofagasta,693.3
2010-06,Atacama,697.3
2010-06,Coquimbo,688.3
2010-06,Valparaíso,675.6
2010-06,O'Higgins,700.9
2010-06,Maule,692.3
2010-06,Biobío,704.7
2010-06,Araucanía,713.7
2010-06,Los Ríos,725
2010-06,Los Lagos,732.4
2010-06,Aysén,712
2010-06,Magallanes,689.2
2010-07,Metropolitana,637.6
2010-07,Arica y Parinacota,667.4
2010-07,Tarapacá,665.9
2010-07,Antofagasta,663.6
2010-07,Atacama,665.4
2010-07,Coquimbo,658.8
2010-07,Valparaíso,647.9
2010-07,O'Higgins,678.6
2010-07,Maule,662.6
2010-07,Biobío,673.8
2010-07,Araucanía,688.9
2010-07,Los Ríos,692.2
2010-07,Los Lagos,708.4
2010-07,Aysén,688
2010-07,Magallanes,664.6
2010-08,Metropolitana,627.12
2010-08,Arica y Parinacota,656
2010-08,Tarapacá,657.3
2010-08,Antofagasta,656.7
2010-08,Atacama,660.9
2010-08,Coquimbo,655
2010-08,Valparaíso,640.8
2010-08,O'Higgins,666.9
2010-08,Maule,657.8
2010-08,Biobío,669
2010-08,Araucanía,678.8
2010-08,Los Ríos,689.9
2010-08,Los Lagos,696.1
2010-08,Aysén,676
2010-08,Magallanes,653.1
2010-09,Metropolitana,613.36
2010-09,Arica y Parinacota,631.9
2010-09,Tarapacá,641.1
2010-09,Antofagasta,641.8
2010-09,Atacama,651
2010-09,Coquimbo,639.2
2010-09,Valparaíso,630.7
2010-09,O'Higgins,653.6
2010-09,Maule,643.7
2010-09,Biobío,652
2010-09,Araucanía,663.3
2010-09,Los Ríos,680.3
2010-09,Los Lagos,679.4
2010-09,Aysén,664.3
2010-09,Magallanes,640.2
2010-10,Metropolitana,603.8
2010-10,Arica y Parinacota,618.4
2010-10,Tarapacá,632
2010-10,Antofagasta,630.8
2010-10,Atacama,635.9
2010-10,Coquimbo,627.2
2010-10,Valparaíso,621.2
2010-10,O'Higgins,641.9
2010-10,Maule,631.3
2010-10,Biobío,644.1
2010-10,Araucanía,654.1
2010-10,Los Ríos,665
2010-10,Los Lagos,671.4
2010-10,Aysén,651
2010-10,Magallanes,630.7
2010-11,Metropolitana,636.9
2010-11,Arica y Parinacota,651.6
2010-11,Tarapacá,664.2
2010-11,Antofagasta,665.1
2010-11,Atacama,669.5
2010-11,Coquimbo,660.5
2010-11,Valparaíso,657.7
2010-11,O'Higgins,675.3
2010-11,Maule,663.9
2010-11,Biobío,677.2
2010-11,Araucanía,686.8
2010-11,Los Ríos,698.2
2010-11,Los Lagos,704.4
2010-11,Aysén,684
2010-11,Magallanes,661
2010-12,Metropolitana,638.3
2010-12,Arica y Parinacota,650.4
2010-12,Tarapacá,666
2010-12,Antofagasta,667.1
2010-12,Atacama,672.9
2010-12,Coquimbo,661.2
2010-12,Valparaíso,658.2
2010-12,O'Higgins,677.1
2010-12,Maule,666.5
2010-12,Biobío,678.5
2010-12,Araucanía,687.7
2010-12,Los Ríos,701.5
2010-12,Los Lagos,705.3
2010-12,Aysén,686.7
2010-12,Magallanes,662.7
2011-01,Metropolitana,653
2011-01,Arica y Parinacota,659.5
2011-01,Tarapacá,679.2
2011-01,Antofagasta,679.9
2011-01,Atacama,684.4
2011-01,Coquimbo,675.2
2011-01,Valparaíso,671.4
2011-01,O'Higgins,690
2011-01,Maule,679.3
2011-01,Biobío,692
2011-01,Araucanía,701.8
2011-01,Los Ríos,713.2
2011-01,Los Lagos,719.6
2011-01,Aysén,699
2011-01,Magallanes,675.8
2011-02,Metropolitana,692.8
2011-02,Arica y Parinacota,692.6
2011-02,Tarapacá,708.2
2011-02,Antofagasta,709.5
2011-02,Atacama,720.3
2011-02,Coquimbo,707.2
2011-02,Valparaíso,700.1
2011-02,O'Higgins,720.3
2011-02,Maule,711.9
2011-02,Biobío,719.8
2011-02,Araucanía,729.3
2011-02,Los Ríos,746.5
2011-02,Los Lagos,745.4
2011-02,Aysén,732.3
2011-02,Magallanes,706.1
2011-03,Metropolitana,675.7
2011-03,Arica y Parinacota,679.4
2011-03,Tarapacá,699.6
2011-03,Antofagasta,699.6
2011-03,Atacama,704.1
2011-03,Coquimbo,694.5
2011-03,Valparaíso,691.1
2011-03,O'Higgins,709.4
2011-03,Maule,699.7
2011-03,Biobío,712
2011-03,Araucanía,721.5
2011-03,Los Ríos,732.4
2011-03,Los Lagos,739.4
2011-03,Aysén,719
2011-03,Magallanes,695.7
2011-04,Metropolitana,722.1
2011-04,Arica y Parinacota,730.4
2011-04,Tarapacá,750
2011-04,Antofagasta,749.9
2011-04,Atacama,755.4
2011-04,Coquimbo,746.2
2011-04,Valparaíso,742.3
2011-04,O'Higgins,759
2011-04,Maule,750.2
2011-04,Biobío,762.8
2011-04,Araucanía,772.3
2011-04,Los Ríos,783.9
2011-04,Los Lagos,790.1
2011-04,Aysén,770
2011-04,Magallanes,746.4
2011-05,Metropolitana,723
2011-05,Arica y Parinacota,740.4
2011-05,Tarapacá,760.3
2011-05,Antofagasta,759.7
2011-05,Atacama,765.5
2011-05,Coquimbo,756.2
2011-05,Valparaíso,752.3
2011-05,O'Higgins,767.4
2011-05,Maule,759.8
2011-05,Biobío,773
2011-05,Araucanía,782.3
2011-05,Los Ríos,794
2011-05,Los Lagos,791.4
2011-05,Aysén,780
2011-05,Magallanes,756.8
2011-06,Metropolitana,712.7
2011-06,Arica y Parinacota,738.1
2011-06,Tarapacá,762.9
2011-06,Antofagasta,763
2011-06,Atacama,771.3
2011-06,Coquimbo,761.8
2011-06,Valparaíso,756.4
2011-06,O'Higgins,760.9
2011-06,Maule,768.2
2011-06,Biobío,766.6
2011-06,Araucanía,782.9
2011-06,Los Ríos,797.2
2011-06,Los Lagos,778.6
2011-06,Aysén,784.7
2011-06,Magallanes,760.7
2011-07,Metropolitana,713.1
2011-07,Arica y Parinacota,738.1
2011-07,Tarapacá,757.1
2011-07,Antofagasta,758.3
2011-07,Atacama,758.5
2011-07,Coquimbo,753.9
2011-07,Valparaíso,749.4
2011-07,O'Higgins,755.2
2011-07,Maule,758.1
2011-07,Biobío,760.5
2011-07,Araucanía,779
2011-07,Los Ríos,785.1
2011-07,Los Lagos,771.9
2011-07,Aysén,778
2011-07,Magallanes,754.8
2011-08,Metropolitana,737.5
2011-08,Arica y Parinacota,758.9
2011-08,Tarapacá,778.1
2011-08,Antofagasta,779.2
2011-08,Atacama,778.9
2011-08,Coquimbo,775.1
2011-08,Valparaíso,772.2
2011-08,O'Higgins,775.8
2011-08,Maule,779.2
2011-08,Biobío,781.6
2011-08,Araucanía,799.3
2011-08,Los Ríos,806.1
2011-08,Los Lagos,792.9
2011-08,Aysén,799
2011-08,Magallanes,775.6
2011-09,Metropolitana,711.5
2011-09,Arica y Parinacota,742.8
2011-09,Tarapacá,752.8
2011-09,Antofagasta,756.4
2011-09,Atacama,751.2
2011-09,Coquimbo,749.5
2011-09,Valparaíso,743.5
2011-09,O'Higgins,752.6
2011-09,Maule,755.6
2011-09,Biobío,764.7
2011-09,Araucanía,776.3
2011-09,Los Ríos,777.6
2011-09,Los Lagos,768.5
2011-09,Aysén,773.7
2011-09,Magallanes,753.5
2011-10,Metropolitana,757.4
2011-10,Arica y Parinacota,772.2
2011-10,Tarapacá,791.2
2011-10,Antofagasta,792.4
2011-10,Atacama,791.8
2011-10,Coquimbo,787.5
2011-10,Valparaíso,784.1
2011-10,O'Higgins,789.8
2011-10,Maule,791.3
2011-10,Biobío,794
2011-10,Araucanía,811.6
2011-10,Los Ríos,819.2
2011-10,Los Lagos,805.6
2011-10,Aysén,812
2011-10,Magallanes,788.5
2011-11,Metropolitana,766.1
2011-11,Arica y Parinacota,766.3
2011-11,Tarapacá,788.3
2011-11,Antofagasta,787.4
2011-11,Atacama,795.5
2011-11,Coquimbo,793.2
2011-11,Valparaíso,781.8
2011-11,O'Higgins,787.6
2011-11,Maule,794.3
2011-11,Biobío,789.4
2011-11,Araucanía,809.1
2011-11,Los Ríos,823.5
2011-11,Los Lagos,801.1
2011-11,Aysén,814.3
2011-11,Magallanes,789.4
2011-12,Metropolitana,732
2011-12,Arica y Parinacota,760.1
2011-12,Tarapacá,782.5
2011-12,Antofagasta,785.1
2011-12,Atacama,791.6
2011-12,Coquimbo,784.2
2011-12,Valparaíso,772.3
2011-12,O'Higgins,785.5
2011-12,Maule,788.9
2011-12,Biobío,784.6
2011-12,Araucanía,799.2
2011-12,Los Ríos,815
2011-12,Los Lagos,792.6
2011-12,Aysén,809
2011-12,Magallanes,781.5
2012-01,Metropolitana,750.2
2012-01,Arica y Parinacota,762.7
2012-01,Tarapacá,782.2
2012-01,Antofagasta,783.1
2012-01,Atacama,782.8
2012-01,Coquimbo,776.8
2012-01,Valparaíso,769.1
2012-01,O'Higgins,781
2012-01,Maule,783.8
2012-01,Biobío,784.9
2012-01,Araucanía,796.9
2012-01,Los Ríos,810.2
2012-01,Los Lagos,796.5
2012-01,Aysén,803
2012-01,Magallanes,779.4
2012-02,Metropolitana,762.3
2012-02,Arica y Parinacota,777.2
2012-02,Tarapacá,794.4
2012-02,Antofagasta,795.1
2012-02,Atacama,794.8
2012-02,Coquimbo,790.1
2012-02,Valparaíso,780.1
2012-02,O'Higgins,793.9
2012-02,Maule,796
2012-02,Biobío,792.2
2012-02,Araucanía,809.6
2012-02,Los Ríos,822.1
2012-02,Los Lagos,808.5
2012-02,Aysén,815
2012-02,Magallanes,791.4
2012-03,Metropolitana,769.8
2012-03,Arica y Parinacota,782.9
2012-03,Tarapacá,806.7
2012-03,Antofagasta,805.3
2012-03,Atacama,803.3
2012-03,Coquimbo,800.2
2012-03,Valparaíso,788.2
2012-03,O'Higgins,804.3
2012-03,Maule,810.8
2012-03,Biobío,800.6
2012-03,Araucanía,820.9
2012-03,Los Ríos,830.9
2012-03,Los Lagos,823.5
2012-03,Magallanes,801.8
2012-04,Metropolitana,782.6
2012-04,Arica y Parinacota,808.3
2012-04,Tarapacá,823.3
2012-04,Antofagasta,824.4
2012-04,Atacama,823.8
2012-04,Coquimbo,817.5
2012-04,Valparaíso,807.4
2012-04,O'Higgins,822.7
2012-04,Maule,825.2
2012-04,Biobío,820.5
2012-04,Araucanía,838.5
2012-04,Los Ríos,851.1
2012-04,Los Lagos,837.2
2012-04,Aysén,844.7
2012-04,Magallanes,820.5
2012-05,Metropolitana,801.6
2012-05,Arica y Parinacota,826.9
2012-05,Tarapacá,846.2
2012-05,Antofagasta,847
2012-05,Atacama,846.8
2012-05,Coquimbo,841
2012-05,Valparaíso,830.2
2012-05,O'Higgins,850.8
2012-05,Maule,848.1
2012-05,Biobío,843.5
2012-05,Araucanía,862
2012-05,Los Ríos,874.1
2012-05,Los Lagos,860.2
2012-05,Aysén,867.8
2012-05,Magallanes,843.1
2012-06,Metropolitana,775
2012-06,Arica y Parinacota,802.6
2012-06,Tarapacá,821.9
2012-06,Antofagasta,821.6
2012-06,Atacama,821.9
2012-06,Coquimbo,816
2012-06,Valparaíso,806
2012-06,O'Higgins,821.7
2012-06,Maule,823
2012-06,Biobío,819.2
2012-06,Araucanía,836.7
2012-06,Los Ríos,848.6
2012-06,Los Lagos,836.5
2012-06,Aysén,843.8
2012-06,Magallanes,818.1
2012-07,Metropolitana,734.7
2012-07,Arica y Parinacota,759.9
2012-07,Tarapacá,779.2
2012-07,Antofagasta,778.6
2012-07,Atacama,779.5
2012-07,Coquimbo,774
2012-07,Valparaíso,762.8
2012-07,O'Higgins,777.2
2012-07,Maule,781.1
2012-07,Biobío,775.9
2012-07,Araucanía,794.7
2012-07,Los Ríos,806.8
2012-07,Los Lagos,793.8
2012-07,Aysén,800.2
2012-07,Magallanes,774.8
2012-08,Metropolitana,742.5
2012-08,Arica y Parinacota,765
2012-08,Tarapacá,784.4
2012-08,Antofagasta,783.8
2012-08,Atacama,784
2012-08,Coquimbo,779
2012-08,Valparaíso,769.9
2012-08,O'Higgins,781.5
2012-08,Maule,786.2
2012-08,Biobío,780.7
2012-08,Araucanía,799.7
2012-08,Los Ríos,811.6
2012-08,Los Lagos,798.6
2012-08,Aysén,805.5
2012-08,Magallanes,779.5
2012-09,Metropolitana,785.1
2012-09,Arica y Parinacota,801.9
2012-09,Tarapacá,821.2
2012-09,Antofagasta,820.8
2012-09,Atacama,822.5
2012-09,Coquimbo,815.5
2012-09,Valparaíso,805.1
2012-09,O'Higgins,819.2
2012-09,Maule,823
2012-09,Biobío,819.3
2012-09,Araucanía,836.7
2012-09,Los Ríos,848.5
2012-09,Los Lagos,835.6
2012-09,Aysén,842.5
2012-09,Magallanes,816.5
2012-10,Metropolitana,781.1
2012-10,Arica y Parinacota,788.9
2012-10,Tarapacá,808.6
2012-10,Antofagasta,807.8
2012-10,Atacama,808.7
2012-10,Coquimbo,803.8
2012-10,Valparaíso,792.5
2012-10,O'Higgins,806.8
2012-10,Maule,809.9
2012-10,Biobío,806.4
2012-10,Araucanía,824.5
2012-10,Los Ríos,836
2012-10,Los Lagos,822.6
2012-10,Aysén,829.8
2012-10,Magallanes,803.5
2012-11,Metropolitana,750.7
2012-11,Arica y Parinacota,757.2
2012-11,Tarapacá,776.4
2012-11,Antofagasta,776.4
2012-11,Atacama,777.4
2012-11,Coquimbo,774.3
2012-11,Valparaíso,760.2
2012-11,O'Higgins,774.7
2012-11,Maule,779.1
2012-11,Biobío,774.4
2012-11,Araucanía,791.9
2012-11,Los Ríos,801.1
2012-11,Los Lagos,790.9
2012-11,Aysén,801
2012-11,Magallanes,771.5
2012-12,Metropolitana,735
2012-12,Arica y Parinacota,742.6
2012-12,Tarapacá,759
2012-12,Antofagasta,761.1
2012-12,Atacama,761.8
2012-12,Coquimbo,756.6
2012-12,Valparaíso,744
2012-12,O'Higgins,759.3
2012-12,Maule,765.2
2012-12,Biobío,758.5
2012-12,Araucanía,776.6
2012-12,Los Ríos,785.8
2012-12,Los Lagos,775.7
2012-12,Aysén,782.8
2012-12,Magallanes,756.5
2013-01,Metropolitana,745.88
2013-01,Arica y Parinacota,759.17
2013-01,Tarapacá,770.11
2013-01,Antofagasta,774.39
2013-01,Atacama,773.18
2013-01,Coquimbo,769.42
2013-01,Valparaíso,756.45
2013-01,O'Higgins,772.09
2013-01,Maule,777.54
2013-01,Biobío,768.24
2013-01,Araucanía,788.32
2013-01,Los Ríos,794
2013-01,Los Lagos,788.07
2013-01,Aysén,800.17
2013-01,Magallanes,764.91
2013-02,Metropolitana,756.19
2013-02,Arica y Parinacota,777.07
2013-02,Tarapacá,789.58
2013-02,Antofagasta,790.32
2013-02,Atacama,792.09
2013-02,Coquimbo,786.42
2013-02,Valparaíso,774.9
2013-02,O'Higgins,794
2013-02,Maule,791.23
2013-02,Biobío,786.8
2013-02,Araucanía,805.35
2013-02,Los Ríos,814.18
2013-02,Los Lagos,804.64
2013-02,Aysén,817.5
2013-02,Magallanes,786.55
2013-03,Metropolitana,806.51
2013-03,Arica y Parinacota,812.23
2013-03,Tarapacá,825.05
2013-03,Antofagasta,825.85
2013-03,Atacama,827.73
2013-03,Coquimbo,821.15
2013-03,Valparaíso,808.9
2013-03,O'Higgins,824.3
2013-03,Maule,823.87
2013-03,Biobío,822.31
2013-03,Araucanía,839.16
2013-03,Los Ríos,849.18
2013-03,Los Lagos,839.79
2013-03,Aysén,852.17
2013-03,Magallanes,821.45
2013-04,Metropolitana,789.65
2013-04,Arica y Parinacota,795.23
2013-04,Tarapacá,808
2013-04,Antofagasta,807.25
2013-04,Atacama,812.73
2013-04,Coquimbo,804.23
2013-04,Valparaíso,791
2013-04,O'Higgins,808.33
2013-04,Maule,813.67
2013-04,Biobío,806.23
2013-04,Araucanía,823.03
2013-04,Los Ríos,831.55
2013-04,Los Lagos,821.64
2013-04,Aysén,834.17
2013-04,Magallanes,806.36
2013-05,Metropolitana,764.86
2013-05,Arica y Parinacota,775.85
2013-05,Tarapacá,787.89
2013-05,Antofagasta,787.12
2013-05,Atacama,791.27
2013-05,Coquimbo,782.31
2013-05,Valparaíso,771
2013-05,O'Higgins,786.67
2013-05,Maule,793.87
2013-05,Biobío,782.7
2013-05,Araucanía,801.13
2013-05,Los Ríos,810.55
2013-05,Los Lagos,801.5
2013-05,Aysén,813.67
2013-05,Magallanes,785.18
2013-06,Metropolitana,785.83
2013-06,Arica y Parinacota,797.92
2013-06,Tarapacá,809.28
2013-06,Antofagasta,807.19
2013-06,Atacama,809.73
2013-06,Coquimbo,802.31
2013-06,Valparaíso,789.6
2013-06,O'Higgins,804.04
2013-06,Maule,812.47
2013-06,Biobío,801.66
2013-06,Araucanía,820.48
2013-06,Los Ríos,830.09
2013-06,Los Lagos,820.93
2013-06,Aysén,831
2013-06,Magallanes,804.18
2013-07,Metropolitana,789.45
2013-07,Arica y Parinacota,797.23
2013-07,Tarapacá,810.58
2013-07,Antofagasta,810.85
2013-07,Atacama,815.73
2013-07,Coquimbo,805.23
2013-07,Valparaíso,793.6
2013-07,O'Higgins,809.92
2013-07,Maule,814.13
2013-07,Biobío,806.11
2013-07,Araucanía,824.94
2013-07,Los Ríos,834.09
2013-07,Los Lagos,823.79
2013-07,Aysén,836.83
2013-07,Magallanes,808.45
2013-08,Metropolitana,817.6
2013-08,Arica y Parinacota,826.5
2013-08,Tarapacá,838.21
2013-08,Antofagasta,842.52
2013-08,Atacama,846
2013-08,Coquimbo,837.31
2013-08,Valparaíso,823
2013-08,O'Higgins,835
2013-08,Maule,845.2
2013-08,Biobío,836.05
2013-08,Araucanía,852.94
2013-08,Los Ríos,865
2013-08,Los Lagos,855.93
2013-08,Aysén,865.17
2013-08,Magallanes,839.73
2013-09,Metropolitana,819.16
2013-09,Arica y Parinacota,826.79
2013-09,Tarapacá,841.21
2013-09,Antofagasta,841.53
2013-09,Atacama,847.36
2013-09,Coquimbo,835.31
2013-09,Valparaíso,822.1
2013-09,O'Higgins,839.75
2013-09,Maule,844.53
2013-09,Biobío,836.48
2013-09,Araucanía,855.34
2013-09,Los Ríos,864.27
2013-09,Los Lagos,856.29
2013-09,Aysén,868
2013-09,Magallanes,836.73
2013-10,Metropolitana,762
2013-10,Arica y Parinacota,765.14
2013-10,Tarapacá,777.74
2013-10,Antofagasta,779.53
2013-10,Atacama,786.82
2013-10,Coquimbo,774.92
2013-10,Valparaíso,763.7
2013-10,O'Higgins,782.38
2013-10,Maule,782.8
2013-10,Biobío,774.27
2013-10,Araucanía,794.25
2013-10,Los Ríos,799.64
2013-10,Los Lagos,793.71
2013-10,Aysén,818.5
2013-10,Magallanes,781.36
2013-11,Metropolitana,755
2013-11,Arica y Parinacota,759.86
2013-11,Tarapacá,772.32
2013-11,Antofagasta,773.66
2013-11,Atacama,779.55
2013-11,Coquimbo,769.23
2013-11,Valparaíso,757.5
2013-11,O'Higgins,775.05
2013-11,Maule,778.47
2013-11,Biobío,769.02
2013-11,Araucanía,788.94
2013-11,Los Ríos,793.3
2013-11,Los Lagos,787.57
2013-11,Aysén,812.5
2013-11,Magallanes,770.45
2013-12,Metropolitana,776
2013-12,Arica y Parinacota,786.14
2013-12,Tarapacá,792.89
2013-12,Antofagasta,797.46
2013-12,Atacama,797.64
2013-12,Coquimbo,790.69
2013-12,Valparaíso,780.35
2013-12,O'Higgins,795.39
2013-12,Maule,802.33
2013-12,Biobío,791.23
2013-12,Araucanía,810.13
2013-12,Los Ríos,816.73
2013-12,Los Lagos,811.43
2013-12,Aysén,819.33
2013-12,Magallanes,793
2014-01,Metropolitana,805
2014-01,Arica y Parinacota,808.93
2014-01,Tarapacá,823.68
2014-01,Antofagasta,824.06
2014-01,Atacama,822.09
2014-01,Coquimbo,817.54
2014-01,Valparaíso,803.15
2014-01,O'Higgins,821.29
2014-01,Maule,828
2014-01,Biobío,815.52
2014-01,Araucanía,834.69
2014-01,Los Ríos,845.09
2014-01,Los Lagos,839.29
2014-01,Aysén,849
2014-01,Magallanes,822.64
2014-02,Metropolitana,818.69
2014-02,Arica y Parinacota,822.43
2014-02,Tarapacá,838.26
2014-02,Antofagasta,837.33
2014-02,Atacama,840.45
2014-02,Coquimbo,830.46
2014-02,Valparaíso,815.2
2014-02,O'Higgins,833.63
2014-02,Maule,840
2014-02,Biobío,829.05
2014-02,Araucanía,849.31
2014-02,Los Ríos,858.18
2014-02,Los Lagos,851.71
2014-02,Aysén,862
2014-02,Magallanes,830.09
2014-03,Metropolitana,856.95
2014-03,Arica y Parinacota,857.43
2014-03,Tarapacá,873.32
2014-03,Antofagasta,872.13
2014-03,Atacama,876.91
2014-03,Coquimbo,864
2014-03,Valparaíso,846.68
2014-03,O'Higgins,869.38
2014-03,Maule,874.53
2014-03,Biobío,864.48
2014-03,Araucanía,884.5
2014-03,Los Ríos,893.64
2014-03,Los Lagos,886.86
2014-03,Aysén,892
2014-03,Magallanes,869.36
2014-04,Metropolitana,840.91
2014-04,Arica y Parinacota,844.36
2014-04,Tarapacá,864.16
2014-04,Antofagasta,860.13
2014-04,Atacama,865.55
2014-04,Coquimbo,853
2014-04,Valparaíso,837.7
2014-04,O'Higgins,857.83
2014-04,Maule,862.27
2014-04,Biobío,852.63
2014-04,Araucanía,868.69
2014-04,Los Ríos,882.73
2014-04,Los Lagos,874.14
2014-04,Aysén,886.5
2014-04,Magallanes,847.18
2014-05,Metropolitana,873.69
2014-05,Arica y Parinacota,880.43
2014-05,Tarapacá,890.58
2014-05,Antofagasta,894.19
2014-05,Atacama,899.27
2014-05,Coquimbo,887.85
2014-05,Valparaíso,871.05
2014-05,O'Higgins,888.21
2014-05,Maule,897.73
2014-05,Biobío,884.34
2014-05,Araucanía,900.97
2014-05,Los Ríos,912.09
2014-05,Los Lagos,903.86
2014-05,Aysén,916.17
2014-05,Magallanes,880
2014-06,Metropolitana,860.69
2014-06,Arica y Parinacota,866.29
2014-06,Tarapacá,879.79
2014-06,Antofagasta,880.33
2014-06,Atacama,886.55
2014-06,Coquimbo,874
2014-06,Valparaíso,858
2014-06,O'Higgins,876.25
2014-06,Maule,884.13
2014-06,Biobío,873.77
2014-06,Araucanía,887
2014-06,Los Ríos,900.09
2014-06,Los Lagos,890.14
2014-06,Aysén,904.17
2014-06,Magallanes,864.73
2014-07,Metropolitana,890.91
2014-07,Arica y Parinacota,898.07
2014-07,Tarapacá,911.05
2014-07,Antofagasta,911.33
2014-07,Atacama,917.45
2014-07,Coquimbo,905.77
2014-07,Valparaíso,887.3
2014-07,O'Higgins,905.54
2014-07,Maule,915.2
2014-07,Biobío,901.89
2014-07,Araucanía,919.06
2014-07,Los Ríos,928.18
2014-07,Los Lagos,922.57
2014-07,Aysén,934.67
2014-07,Magallanes,896
2014-08,Metropolitana,868.74
2014-08,Arica y Parinacota,875.14
2014-08,Tarapacá,892.42
2014-08,Antofagasta,888.53
2014-08,Atacama,894.91
2014-08,Coquimbo,883.54
2014-08,Valparaíso,866.6
2014-08,O'Higgins,885.92
2014-08,Maule,892.27
2014-08,Biobío,882.36
2014-08,Araucanía,896.25
2014-08,Los Ríos,908.18
2014-08,Los Lagos,899.43
2014-08,Aysén,916.33
2014-08,Magallanes,873.36
2014-09,Metropolitana,872.13
2014-09,Arica y Parinacota,875.14
2014-09,Tarapacá,889.63
2014-09,Antofagasta,887.99
2014-09,Atacama,894.45
2014-09,Coquimbo,883
2014-09,Valparaíso,867.7
2014-09,O'Higgins,884.71
2014-09,Maule,892
2014-09,Biobío,879.21
2014-09,Araucanía,895.31
2014-09,Los Ríos,908.45
2014-09,Los Lagos,899.14
2014-09,Aysén,913.5
2014-09,Magallanes,873.91
2014-10,Metropolitana,876.79
2014-10,Arica y Parinacota,872.29
2014-10,Tarapacá,886.84
2014-10,Antofagasta,884.33
2014-10,Atacama,891.36
2014-10,Coquimbo,879.69
2014-10,Valparaíso,866.5
2014-10,O'Higgins,881.83
2014-10,Maule,884.67
2014-10,Biobío,876.39
2014-10,Araucanía,892.94
2014-10,Los Ríos,904.64
2014-10,Los Lagos,896.43
2014-10,Aysén,909.67
2014-10,Magallanes,870.45
2014-11,Metropolitana,866.68
2014-11,Arica y Parinacota,861.86
2014-11,Tarapacá,876.63
2014-11,Antofagasta,875.39
2014-11,Atacama,880.82
2014-11,Coquimbo,868.77
2014-11,Valparaíso,854.25
2014-11,O'Higgins,872.54
2014-11,Maule,866.87
2014-11,Biobío,866.75
2014-11,Araucanía,882.25
2014-11,Los Ríos,894.82
2014-11,Los Lagos,883
2014-11,Aysén,899.5
2014-11,Magallanes,864
2014-12,Metropolitana,792.81
2014-12,Arica y Parinacota,785.14
2014-12,Tarapacá,804.37
2014-12,Antofagasta,810.06
2014-12,Atacama,804.55
2014-12,Coquimbo,797.15
2014-12,Valparaíso,781.85
2014-12,O'Higgins,799
2014-12,Maule,790.53
2014-12,Biobío,798.04
2014-12,Araucanía,810.94
2014-12,Los Ríos,818.55
2014-12,Los Lagos,807
2014-12,Aysén,825.17
2014-12,Magallanes,784
2015-01,Metropolitana,705.91
2015-01,Arica y Parinacota,694.14
2015-01,Tarapacá,718
2015-01,Antofagasta,720.59
2015-01,Atacama,717.73
2015-01,Coquimbo,715.38
2015-01,Valparaíso,694.3
2015-01,O'Higgins,717.08
2015-01,Maule,698.87
2015-01,Biobío,716.36
2015-01,Araucanía,725.63
2015-01,Los Ríos,729.27
2015-01,Los Lagos,715.86
2015-01,Aysén,732.17
2015-01,Magallanes,695.82
2015-02,Metropolitana,661.5
2015-02,Arica y Parinacota,649.14
2015-02,Tarapacá,675.79
2015-02,Antofagasta,676.73
2015-02,Atacama,668.36
2015-02,Coquimbo,670.85
2015-02,Valparaíso,652.1
2015-02,O'Higgins,668.88
2015-02,Maule,654.4
2015-02,Biobío,659.75
2015-02,Araucanía,669.25
2015-02,Los Ríos,678.82
2015-02,Los Lagos,671
2015-02,Aysén,687.17
2015-02,Magallanes,652.82
2015-03,Metropolitana,679.74
2015-03,Arica y Parinacota,668.14
2015-03,Tarapacá,693.74
2015-03,Antofagasta,683.26
2015-03,Atacama,687.09
2015-03,Coquimbo,674.23
2015-03,Valparaíso,671
2015-03,O'Higgins,686.58
2015-03,Maule,674.47
2015-03,Biobío,678.14
2015-03,Araucanía,689.16
2015-03,Los Ríos,698.45
2015-03,Los Lagos,691.71
2015-03,Aysén,706.67
2015-03,Magallanes,671.45
2015-04,Metropolitana,699.63
2015-04,Arica y Parinacota,701.86
2015-04,Tarapacá,727.79
2015-04,Antofagasta,714.99
2015-04,Atacama,703.36
2015-04,Coquimbo,701.62
2015-04,Valparaíso,703.15
2015-04,O'Higgins,718
2015-04,Maule,706.73
2015-04,Biobío,707.39
2015-04,Araucanía,721.16
2015-04,Los Ríos,730.64
2015-04,Los Lagos,725.57
2015-04,Aysén,741.33
2015-04,Magallanes,705
2015-05,Metropolitana,709
2015-05,Arica y Parinacota,718
2015-05,Tarapacá,741
2015-05,Antofagasta,731
2015-05,Atacama,718
2015-05,Coquimbo,720
2015-05,Valparaíso,717
2015-05,O'Higgins,734
2015-05,Maule,723
2015-05,Biobío,722
2015-05,Araucanía,736
2015-05,Los Ríos,747
2015-05,Los Lagos,738
2015-05,Aysén,755
2015-05,Magallanes,722
2015-06,Metropolitana,711.21
2015-06,Arica y Parinacota,724.14
2015-06,Tarapacá,746.37
2015-06,Antofagasta,737.19
2015-06,Atacama,726.09
2015-06,Coquimbo,724.38
2015-06,Valparaíso,720.05
2015-06,O'Higgins,739.83
2015-06,Maule,729.13
2015-06,Biobío,729.21
2015-06,Araucanía,741.75
2015-06,Los Ríos,752.64
2015-06,Los Lagos,743.14
2015-06,Aysén,762.33
2015-06,Magallanes,727.64
2015-07,Metropolitana,735.31
2015-07,Arica y Parinacota,749.14
2015-07,Tarapacá,763.47
2015-07,Antofagasta,762.07
2015-07,Atacama,749.91
2015-07,Coquimbo,746.92
2015-07,Valparaíso,743.3
2015-07,O'Higgins,764.21
2015-07,Maule,751.67
2015-07,Biobío,754.21
2015-07,Araucanía,764.91
2015-07,Los Ríos,777.27
2015-07,Los Lagos,767.43
2015-07,Aysén,787.33
2015-07,Magallanes,752.18
2015-08,Metropolitana,755.46
2015-08,Arica y Parinacota,768.43
2015-08,Tarapacá,783.47
2015-08,Antofagasta,781.27
2015-08,Atacama,770.36
2015-08,Coquimbo,771.38
2015-08,Valparaíso,761.4
2015-08,O'Higgins,781.29
2015-08,Maule,770.73
2015-08,Biobío,774.25
2015-08,Araucanía,785.91
2015-08,Los Ríos,796.45
2015-08,Los Lagos,788.14
2015-08,Aysén,807.33
2015-08,Magallanes,772.64
2015-09,Metropolitana,758.09
2015-09,Arica y Parinacota,754.57
2015-09,Tarapacá,769.47
2015-09,Antofagasta,767.53
2015-09,Atacama,756.36
2015-09,Coquimbo,757.5
2015-09,Valparaíso,744.32
2015-09,O'Higgins,764.79
2015-09,Maule,754.5
2015-09,Biobío,759.78
2015-09,Araucanía,773.75
2015-09,Los Ríos,783.27
2015-09,Los Lagos,773.71
2015-09,Aysén,791.33
2015-09,Magallanes,758.36
2015-10,Metropolitana,737.78
2015-10,Arica y Parinacota,728.14
2015-10,Tarapacá,742.47
2015-10,Antofagasta,744.2
2015-10,Atacama,730.45
2015-10,Coquimbo,733.15
2015-10,Valparaíso,722.55
2015-10,O'Higgins,739.63
2015-10,Maule,729.27
2015-10,Biobío,735.18
2015-10,Araucanía,749.53
2015-10,Los Ríos,758.18
2015-10,Los Lagos,748.71
2015-10,Aysén,766.33
2015-10,Magallanes,731.27
2015-11,Metropolitana,717.7
2015-11,Arica y Parinacota,707.14
2015-11,Tarapacá,722.68
2015-11,Antofagasta,724.6
2015-11,Atacama,709.27
2015-11,Coquimbo,712.92
2015-11,Valparaíso,703.2
2015-11,O'Higgins,718.25
2015-11,Maule,707.07
2015-11,Biobío,716.32
2015-11,Araucanía,729.5
2015-11,Los Ríos,738.18
2015-11,Los Lagos,724.86
2015-11,Aysén,745.33
2015-11,Magallanes,709.82
2015-12,Metropolitana,711.81
2015-12,Arica y Parinacota,687.14
2015-12,Tarapacá,701.74
2015-12,Antofagasta,700.13
2015-12,Atacama,688.36
2015-12,Coquimbo,693.77
2015-12,Valparaíso,683.85
2015-12,O'Higgins,698.46
2015-12,Maule,686.73
2015-12,Biobío,696.43
2015-12,Araucanía,710.22
2015-12,Los Ríos,717.45
2015-12,Los Lagos,704.86
2015-12,Aysén,725.17
2015-12,Magallanes,689.64
2016-01,Metropolitana,673.33
2016-01,Arica y Parinacota,665.14
2016-01,Tarapacá,679.47
2016-01,Antofagasta,686.2
2016-01,Atacama,666.36
2016-01,Coquimbo,673.62
2016-01,Valparaíso,663.45
2016-01,O'Higgins,676.04
2016-01,Maule,664.93
2016-01,Biobío,675
2016-01,Araucanía,690.38
2016-01,Los Ríos,696
2016-01,Los Lagos,682.86
2016-01,Aysén,705.67
2016-01,Magallanes,668.55
2016-02,Metropolitana,664.91
2016-02,Arica y Parinacota,654.14
2016-02,Tarapacá,668.47
2016-02,Antofagasta,667.07
2016-02,Atacama,656.45
2016-02,Coquimbo,663.85
2016-02,Valparaíso,653.55
2016-02,O'Higgins,664.92
2016-02,Maule,655.13
2016-02,Biobío,663.29
2016-02,Araucanía,678.84
2016-02,Los Ríos,684.91
2016-02,Los Lagos,671.71
2016-02,Aysén,692.33
2016-02,Magallanes,657.55
2016-03,Metropolitana,638.91
2016-03,Arica y Parinacota,631.64
2016-03,Tarapacá,646.47
2016-03,Antofagasta,645.13
2016-03,Atacama,633.73
2016-03,Coquimbo,636.58
2016-03,Valparaíso,626.37
2016-03,O'Higgins,643.71
2016-03,Maule,620.38
2016-03,Biobío,641.5
2016-03,Araucanía,658.31
2016-03,Los Ríos,662.73
2016-03,Los Lagos,649.57
2016-03,Aysén,670.33
2016-03,Magallanes,635.64
2016-04,Metropolitana,651.01
2016-04,Arica y Parinacota,644.64
2016-04,Tarapacá,659.47
2016-04,Antofagasta,658.13
2016-04,Atacama,646.45
2016-04,Coquimbo,654.69
2016-04,Valparaíso,645.2
2016-04,O'Higgins,653.54
2016-04,Maule,623.75
2016-04,Biobío,652.67
2016-04,Araucanía,669.53
2016-04,Los Ríos,675.64
2016-04,Los Lagos,662.57
2016-04,Aysén,683.33
2016-04,Magallanes,649.64
2016-05,Metropolitana,671.33
2016-05,Arica y Parinacota,679.21
2016-05,Tarapacá,694.47
2016-05,Antofagasta,693
2016-05,Atacama,681.27
2016-05,Coquimbo,685.15
2016-05,Valparaíso,678.45
2016-05,O'Higgins,689.63
2016-05,Maule,644.13
2016-05,Biobío,686.21
2016-05,Araucanía,701.44
2016-05,Los Ríos,710.82
2016-05,Los Lagos,698.86
2016-05,Aysén,718.33
2016-05,Magallanes,686.64
2016-06,Metropolitana,694
2016-06,Arica y Parinacota,703
2016-06,Antofagasta,716
2016-06,Atacama,704
2016-06,Coquimbo,708
2016-06,Valparaíso,701
2016-06,O'Higgins,712
2016-06,Maule,666
2016-06,Biobío,710
2016-06,Araucanía,722
2016-06,Los Ríos,733
2016-06,Los Lagos,724
2016-06,Aysén,741
2016-06,Magallanes,710
2016-07,Metropolitana,697.75
2016-07,Arica y Parinacota,705.64
2016-07,Tarapacá,721.26
2016-07,Antofagasta,719
2016-07,Atacama,707.45
2016-07,Coquimbo,710.77
2016-07,Valparaíso,699.68
2016-07,O'Higgins,716.83
2016-07,Maule,670.25
2016-07,Biobío,713.86
2016-07,Araucanía,725.56
2016-07,Los Ríos,736.18
2016-07,Los Lagos,727.14
2016-07,Aysén,744.33
2016-07,Magallanes,713.27
2016-08,Metropolitana,678.8
2016-08,Arica y Parinacota,688.64
2016-08,Tarapacá,703
2016-08,Antofagasta,701.67
2016-08,Atacama,690.91
2016-08,Coquimbo,694.85
2016-08,Valparaíso,683
2016-08,O'Higgins,700.75
2016-08,Maule,653.38
2016-08,Biobío,697.54
2016-08,Araucanía,708.34
2016-08,Los Ríos,718.55
2016-08,Los Lagos,710.14
2016-08,Aysén,727.67
2016-08,Magallanes,696.09
2016-09,Metropolitana,672.19
2016-09,Arica y Parinacota,667.64
2016-09,Tarapacá,683.42
2016-09,Antofagasta,681
2016-09,Atacama,669.45
2016-09,Coquimbo,674
2016-09,Valparaíso,661.95
2016-09,O'Higgins,678.35
2016-09,Maule,630.13
2016-09,Biobío,676.63
2016-09,Araucanía,687.52
2016-09,Los Ríos,698.45
2016-09,Los Lagos,689.5
2016-09,Aysén,706.17
2016-09,Magallanes,675.09
2016-10,Metropolitana,691.58
2016-10,Arica y Parinacota,691.64
2016-10,Tarapacá,707.74
2016-10,Antofagasta,704.6
2016-10,Atacama,692.91
2016-10,Coquimbo,698.25
2016-10,Valparaíso,685.68
2016-10,O'Higgins,704.23
2016-10,Maule,657.06
2016-10,Biobío,698.82
2016-10,Araucanía,711.25
2016-10,Los Ríos,720.73
2016-10,Los Lagos,713.57
2016-10,Aysén,730.33
2016-10,Magallanes,698.09
2016-11,Metropolitana,707.99
2016-11,Arica y Parinacota,711.93
2016-11,Tarapacá,727.89
2016-11,Antofagasta,726.6
2016-11,Atacama,712.55
2016-11,Coquimbo,718.42
2016-11,Valparaíso,704.47
2016-11,O'Higgins,723.27
2016-11,Maule,674.81
2016-11,Biobío,719.18
2016-11,Araucanía,731.47
2016-11,Los Ríos,741.18
2016-11,Los Lagos,735.17
2016-11,Aysén,750.33
2016-11,Magallanes,718.64
2016-12,Metropolitana,684.52
2016-12,Arica y Parinacota,684
2016-12,Tarapacá,705.63
2016-12,Antofagasta,703
2016-12,Atacama,690.55
2016-12,Coquimbo,696
2016-12,Valparaíso,683.89
2016-12,O'Higgins,701.82
2016-12,Maule,653.06
2016-12,Biobío,700.36
2016-12,Araucanía,709.34
2016-12,Los Ríos,719.45
2016-12,Los Lagos,712.14
2016-12,Aysén,728.33
2016-12,Magallanes,697.18
2017-01,Metropolitana,706.58
2017-01,Arica y Parinacota,713.71
2017-01,Tarapacá,729.58
2017-01,Antofagasta,727
2017-01,Atacama,714.55
2017-01,Coquimbo,719.69
2017-01,Valparaíso,707.94
2017-01,O'Higgins,725
2017-01,Maule,676.31
2017-01,Biobío,721.36
2017-01,Araucanía,733.03
2017-01,Los Ríos,743.45
2017-01,Los Lagos,732.71
2017-01,Aysén,752.33
2017-01,Magallanes,721.09
2017-02,Metropolitana,720.02
2017-02,Arica y Parinacota,737.85
2017-02,Tarapacá,754.21
2017-02,Antofagasta,751.33
2017-02,Atacama,738.82
2017-02,Coquimbo,744.31
2017-02,Valparaíso,731.63
2017-02,O'Higgins,749.41
2017-02,Maule,701.5
2017-02,Biobío,746.85
2017-02,Araucanía,758.03
2017-02,Los Ríos,768.09
2017-02,Los Lagos,761.33
2017-02,Aysén,776.33
2017-02,Magallanes,745.91
2017-03,Metropolitana,699.6
2017-03,Arica y Parinacota,719.46
2017-03,Tarapacá,736.11
2017-03,Antofagasta,733.33
2017-03,Atacama,720.64
2017-03,Coquimbo,726.69
2017-03,Valparaíso,713.53
2017-03,O'Higgins,731.38
2017-03,Maule,683.31
2017-03,Biobío,726.56
2017-03,Araucanía,738.42
2017-03,Los Ríos,748.18
2017-03,Los Lagos,737.5
2017-03,Aysén,759.83
2017-03,Magallanes,727.73
2017-04,Metropolitana,697.99
2017-04,Arica y Parinacota,713.85
2017-04,Tarapacá,730.53
2017-04,Antofagasta,727.33
2017-04,Atacama,714.55
2017-04,Coquimbo,720
2017-04,Valparaíso,708.11
2017-04,O'Higgins,725.76
2017-04,Maule,677.13
2017-04,Biobío,719.15
2017-04,Araucanía,732.87
2017-04,Los Ríos,743.09
2017-04,Los Lagos,731.5
2017-04,Aysén,752.33
2017-04,Magallanes,721.91
2017-05,Metropolitana,712.62
2017-05,Arica y Parinacota,738.85
2017-05,Tarapacá,755.05
2017-05,Antofagasta,752.27
2017-05,Atacama,739.64
2017-05,Coquimbo,745
2017-05,Valparaíso,732.61
2017-05,O'Higgins,750.32
2017-05,Maule,703.63
2017-05,Biobío,739.56
2017-05,Araucanía,757.32
2017-05,Los Ríos,767.82
2017-05,Los Lagos,756.5
2017-05,Aysén,777.33
2017-05,Magallanes,746.82
2017-06,Metropolitana,705.98
2017-06,Arica y Parinacota,730.85
2017-06,Tarapacá,747.05
2017-06,Antofagasta,744.33
2017-06,Atacama,731.45
2017-06,Coquimbo,737.58
2017-06,Valparaíso,724.58
2017-06,O'Higgins,742.14
2017-06,Maule,690.69
2017-06,Biobío,734.85
2017-06,Araucanía,749.69
2017-06,Los Ríos,759.36
2017-06,Los Lagos,749
2017-06,Aysén,769.33
2017-06,Magallanes,738.82
2017-07,Metropolitana,692.7
2017-07,Arica y Parinacota,717.85
2017-07,Tarapacá,734.37
2017-07,Antofagasta,729.8
2017-07,Atacama,719.55
2017-07,Coquimbo,717.64
2017-07,Valparaíso,713.5
2017-07,O'Higgins,729.67
2017-07,Maule,680.56
2017-07,Biobío,722.04
2017-07,Araucanía,737.27
2017-07,Los Ríos,746.55
2017-07,Los Lagos,736.67
2017-07,Aysén,756.33
2017-07,Magallanes,725.82
2017-08,Metropolitana,689.84
2017-08,Arica y Parinacota,716.69
2017-08,Tarapacá,733.53
2017-08,Antofagasta,728.8
2017-08,Atacama,715.4
2017-08,Coquimbo,712.75
2017-08,Valparaíso,711.28
2017-08,O'Higgins,727.57
2017-08,Maule,670.75
2017-08,Biobío,719.92
2017-08,Araucanía,736.13
2017-08,Los Ríos,745.73
2017-08,Los Lagos,735.71
2017-08,Aysén,755.33
2017-08,Magallanes,724.4
2017-09,Metropolitana,707.86
2017-09,Arica y Parinacota,722.85
2017-09,Tarapacá,739.63
2017-09,Antofagasta,734.8
2017-09,Atacama,723.4
2017-09,Coquimbo,718.83
2017-09,Valparaíso,717
2017-09,O'Higgins,734
2017-09,Maule,678.44
2017-09,Ñuble,694.52
2017-09,Biobío,727.41
2017-09,Araucanía,742.75
2017-09,Los Ríos,751.55
2017-09,Los Lagos,742.14
2017-09,Aysén,761.67
2017-09,Magallanes,730.73
2017-10,Metropolitana,717.3
2017-10,Arica y Parinacota,739.85
2017-10,Tarapacá,754.78
2017-10,Antofagasta,751.67
2017-10,Atacama,741
2017-10,Coquimbo,735.92
2017-10,Valparaíso,733.89
2017-10,O'Higgins,752.14
2017-10,Maule,704.56
2017-10,Ñuble,707.7
2017-10,Biobío,747.26
2017-10,Araucanía,761.13
2017-10,Los Ríos,768.27
2017-10,Los Lagos,759
2017-10,Aysén,778.33
2017-10,Magallanes,747.73
2017-11,Metropolitana,717.55
2017-11,Arica y Parinacota,737.85
2017-11,Tarapacá,752.5
2017-11,Antofagasta,749.86
2017-11,Atacama,738.27
2017-11,Coquimbo,733.92
2017-11,Valparaíso,731.26
2017-11,O'Higgins,748.71
2017-11,Maule,709.25
2017-11,Ñuble,709.61
2017-11,Biobío,746
2017-11,Araucanía,759.5
2017-11,Los Ríos,766.82
2017-11,Los Lagos,757
2017-11,Aysén,776.33
2017-11,Magallanes,745.73
2017-12,Metropolitana,740.09
2017-12,Arica y Parinacota,759.46
2017-12,Tarapacá,774.67
2017-12,Antofagasta,771.86
2017-12,Atacama,760.18
2017-12,Coquimbo,755.85
2017-12,Valparaíso,752
2017-12,O'Higgins,771.67
2017-12,Maule,736
2017-12,Ñuble,732
2017-12,Biobío,767.96
2017-12,Araucanía,781.28
2017-12,Los Ríos,788.36
2017-12,Los Lagos,779
2017-12,Aysén,798.33
2017-12,Magallanes,768.91
2018-01,Metropolitana,732.54
2018-01,Arica y Parinacota,753.62
2018-01,Tarapacá,768.72
2018-01,Antofagasta,766.14
2018-01,Atacama,754.82
2018-01,Coquimbo,749.77
2018-01,Valparaíso,745.28
2018-01,O'Higgins,766
2018-01,Maule,723.38
2018-01,Ñuble,722.77
2018-01,Biobío,757.15
2018-01,Araucanía,770.56
2018-01,Los Ríos,779.45
2018-01,Los Lagos,767.86
2018-01,Aysén,792.33
2018-01,Magallanes,763.64
2018-02,Metropolitana,754.59
2018-02,Arica y Parinacota,773.62
2018-02,Tarapacá,788.11
2018-02,Antofagasta,785
2018-02,Atacama,773.55
2018-02,Coquimbo,769.77
2018-02,Valparaíso,764.68
2018-02,O'Higgins,784.62
2018-02,Maule,742.63
2018-02,Ñuble,740.55
2018-02,Biobío,772.67
2018-02,Araucanía,785.63
2018-02,Los Ríos,797.27
2018-02,Los Lagos,786.86
2018-02,Aysén,811.5
2018-02,Magallanes,783
2018-03,Metropolitana,733.31
2018-03,Arica y Parinacota,753.62
2018-03,Tarapacá,771.17
2018-03,Antofagasta,765.87
2018-03,Atacama,755.18
2018-03,Coquimbo,749.92
2018-03,Valparaíso,735.53
2018-03,O'Higgins,765.55
2018-03,Maule,722.81
2018-03,Ñuble,720.95
2018-03,Biobío,752.37
2018-03,Araucanía,766.16
2018-03,Los Ríos,778.18
2018-03,Los Lagos,767.71
2018-03,Aysén,792.33
2018-03,Magallanes,764
2018-04,Metropolitana,733.59
2018-04,Arica y Parinacota,760.62
2018-04,Tarapacá,778.4
2018-04,Antofagasta,773
2018-04,Atacama,761.45
2018-04,Coquimbo,757.31
2018-04,Valparaíso,734
2018-04,O'Higgins,772.05
2018-04,Maule,729.5
2018-04,Ñuble,728.18
2018-04,Biobío,757.56
2018-04,Araucanía,772.59
2018-04,Los Ríos,784.45
2018-04,Los Lagos,772.57
2018-04,Aysén,799.33
2018-04,Magallanes,770.64
2018-05,Metropolitana,751.02
2018-05,Arica y Parinacota,777.62
2018-05,Tarapacá,793.47
2018-05,Antofagasta,789.93
2018-05,Atacama,778.18
2018-05,Coquimbo,774.31
2018-05,Valparaíso,747.05
2018-05,O'Higgins,788.95
2018-05,Maule,746.31
2018-05,Ñuble,744.64
2018-05,Biobío,773.22
2018-05,Araucanía,790.07
2018-05,Los Ríos,801.27
2018-05,Los Lagos,791.57
2018-05,Aysén,816.33
2018-05,Magallanes,787.55
2018-06,Metropolitana,780.25
2018-06,Arica y Parinacota,807.62
2018-06,Tarapacá,823
2018-06,Antofagasta,818.93
2018-06,Atacama,807.91
2018-06,Coquimbo,804.46
2018-06,Valparaíso,778.37
2018-06,O'Higgins,818.95
2018-06,Maule,772
2018-06,Ñuble,772.81
2018-06,Biobío,802.96
2018-06,Araucanía,819.27
2018-06,Los Ríos,831.45
2018-06,Los Lagos,821.57
2018-06,Aysén,846.33
2018-06,Magallanes,818.09
2018-07,Metropolitana,786.98
2018-07,Arica y Parinacota,813.62
2018-07,Tarapacá,828.58
2018-07,Antofagasta,825.79
2018-07,Atacama,814.45
2018-07,Coquimbo,810.46
2018-07,Valparaíso,788.63
2018-07,O'Higgins,825.2
2018-07,Maule,776.75
2018-07,Ñuble,776
2018-07,Biobío,809.42
2018-07,Araucanía,826.03
2018-07,Los Ríos,837.27
2018-07,Los Lagos,827
2018-07,Aysén,852.33
2018-07,Magallanes,824.91
2018-08,Metropolitana,796.04
2018-08,Arica y Parinacota,819.69
2018-08,Tarapacá,834.79
2018-08,Antofagasta,831.79
2018-08,Atacama,820.55
2018-08,Coquimbo,816.85
2018-08,Valparaíso,796.32
2018-08,O'Higgins,831.05
2018-08,Maule,782.75
2018-08,Ñuble,782.14
2018-08,Biobío,815.27
2018-08,Araucanía,832.14
2018-08,Los Ríos,843.3
2018-08,Los Lagos,834
2018-08,Aysén,858.33
2018-08,Magallanes,832.64
2018-09,Metropolitana,821.09
2018-09,Arica y Parinacota,842.62
2018-09,Tarapacá,857.89
2018-09,Antofagasta,855.14
2018-09,Atacama,843.64
2018-09,Coquimbo,840.38
2018-09,Valparaíso,819.47
2018-09,O'Higgins,852.55
2018-09,Maule,805.94
2018-09,Ñuble,805.24
2018-09,Biobío,837.36
2018-09,Araucanía,854.4
2018-09,Los Ríos,866
2018-09,Los Lagos,857.5
2018-09,Aysén,881.33
2018-09,Magallanes,855.91
2018-10,Metropolitana,835.78
2018-10,Arica y Parinacota,858.62
2018-10,Tarapacá,873.42
2018-10,Antofagasta,870.93
2018-10,Atacama,859.64
2018-10,Coquimbo,856.38
2018-10,Valparaíso,834.95
2018-10,O'Higgins,869.74
2018-10,Maule,821.81
2018-10,Ñuble,821.19
2018-10,Biobío,853.81
2018-10,Araucanía,870.14
2018-10,Los Ríos,881.74
2018-10,Los Lagos,872.71
2018-10,Aysén,897.33
2018-10,Magallanes,872.27
2018-11,Metropolitana,830.96
2018-11,Arica y Parinacota,852.62
2018-11,Tarapacá,867.63
2018-11,Antofagasta,865.8
2018-11,Atacama,853.67
2018-11,Coquimbo,850.46
2018-11,Valparaíso,829.21
2018-11,O'Higgins,864.21
2018-11,Maule,819.88
2018-11,Ñuble,815.19
2018-11,Biobío,848.66
2018-11,Araucanía,865.59
2018-11,Los Ríos,875.64
2018-11,Los Lagos,868.29
2018-11,Aysén,891.33
2018-11,Magallanes,867.91
2018-12,Metropolitana,806.6
2018-12,Arica y Parinacota,831.77
2018-12,Tarapacá,846.42
2018-12,Antofagasta,844.8
2018-12,Atacama,832.67
2018-12,Coquimbo,829.46
2018-12,Valparaíso,807.47
2018-12,O'Higgins,843.25
2018-12,Maule,804.13
2018-12,Ñuble,796.67
2018-12,Biobío,823.27
2018-12,Araucanía,843.28
2018-12,Los Ríos,854.09
2018-12,Los Lagos,845.57
2018-12,Aysén,870.33
2018-12,Magallanes,845.36
2019-01,Metropolitana,777.64
2019-01,Arica y Parinacota,804.62
2019-01,Tarapacá,814.05
2019-01,Antofagasta,818.6
2019-01,Atacama,805.42
2019-01,Coquimbo,803.54
2019-01,Valparaíso,781.11
2019-01,O'Higgins,816.55
2019-01,Maule,777.13
2019-01,Ñuble,770.19
2019-01,Biobío,796.85
2019-01,Araucanía,816.25
2019-01,Los Ríos,826.73
2019-01,Los Lagos,818.57
2019-01,Aysén,843.33
2019-01,Magallanes,818.82
2019-02,Metropolitana,754.45
2019-02,Arica y Parinacota,781.62
2019-02,Tarapacá,777.05
2019-02,Antofagasta,794.4
2019-02,Atacama,782.33
2019-02,Coquimbo,781
2019-02,Valparaíso,757.53
2019-02,O'Higgins,793.35
2019-02,Maule,755.73
2019-02,Ñuble,747.62
2019-02,Biobío,769.08
2019-02,Araucanía,793.07
2019-02,Los Ríos,804
2019-02,Los Lagos,796
2019-02,Aysén,821.33
2019-02,Magallanes,795.36
2019-03,Metropolitana,732.02
2019-03,Arica y Parinacota,757.62
2019-03,Tarapacá,754
2019-03,Antofagasta,769.53
2019-03,Atacama,759.58
2019-03,Coquimbo,757.54
2019-03,Valparaíso,734.58
2019-03,O'Higgins,768.45
2019-03,Maule,732.07
2019-03,Ñuble,723.71
2019-03,Biobío,752.35
2019-03,Araucanía,769.5
2019-03,Los Ríos,780.55
2019-03,Los Lagos,772
2019-03,Aysén,796.33
2019-03,Magallanes,773
2019-04,Metropolitana,753.38
2019-04,Arica y Parinacota,776.38
2019-04,Tarapacá,773.47
2019-04,Antofagasta,787.8
2019-04,Atacama,777.42
2019-04,Coquimbo,775.38
2019-04,Valparaíso,753.42
2019-04,O'Higgins,787.25
2019-04,Maule,747.53
2019-04,Ñuble,742.76
2019-04,Biobío,769.35
2019-04,Araucanía,788.33
2019-04,Los Ríos,799.27
2019-04,Los Lagos,791
2019-04,Aysén,815.33
2019-04,Magallanes,791.64
2019-05,Metropolitana,783.11
2019-05,Arica y Parinacota,816.38
2019-05,Tarapacá,813.63
2019-05,Antofagasta,828.73
2019-05,Atacama,817.67
2019-05,Coquimbo,815.31
2019-05,Valparaíso,791.28
2019-05,O'Higgins,827.35
2019-05,Maule,790.53
2019-05,Ñuble,783.05
2019-05,Biobío,811.44
2019-05,Araucanía,829.38
2019-05,Los Ríos,839.27
2019-05,Los Lagos,831.29
2019-05,Aysén,855.33
2019-05,Magallanes,834.45
2019-06,Metropolitana,795.8
2019-06,Arica y Parinacota,829.38
2019-06,Tarapacá,826.68
2019-06,Antofagasta,841.67
2019-06,Atacama,830.67
2019-06,Coquimbo,828.92
2019-06,Valparaíso,803.56
2019-06,O'Higgins,840.3
2019-06,Maule,803.33
2019-06,Ñuble,795.71
2019-06,Biobío,824.6
2019-06,Araucanía,842.28
2019-06,Los Ríos,852.27
2019-06,Los Lagos,844
2019-06,Aysén,868.33
2019-06,Magallanes,851.64
2019-07,Metropolitana,788.49
2019-07,Arica y Parinacota,808.15
2019-07,Tarapacá,806.26
2019-07,Antofagasta,820.4
2019-07,Atacama,809.58
2019-07,Coquimbo,807.85
2019-07,Valparaíso,779.94
2019-07,O'Higgins,820.4
2019-07,Maule,782.2
2019-07,Ñuble,774.52
2019-07,Biobío,804.92
2019-07,Araucanía,821.52
2019-07,Los Ríos,831
2019-07,Los Lagos,822.71
2019-07,Aysén,847.33
2019-07,Magallanes,832
2019-08,Metropolitana,782.13
2019-08,Arica y Parinacota,814.15
2019-08,Tarapacá,813.63
2019-08,Antofagasta,826.4
2019-08,Atacama,815.75
2019-08,Coquimbo,814.08
2019-08,Valparaíso,780.67
2019-08,O'Higgins,825.8
2019-08,Maule,788.73
2019-08,Ñuble,782.48
2019-08,Biobío,812.12
2019-08,Araucanía,827.34
2019-08,Los Ríos,837.55
2019-08,Los Lagos,828.71
2019-08,Aysén,853.33
2019-08,Magallanes,837
2019-09,Metropolitana,772.56
2019-09,Arica y Parinacota,792.31
2019-09,Tarapacá,791.21
2019-09,Antofagasta,804.6
2019-09,Atacama,793.58
2019-09,Coquimbo,792.15
2019-09,Valparaíso,758.5
2019-09,O'Higgins,804.3
2019-09,Maule,766.2
2019-09,Ñuble,759.9
2019-09,Biobío,790.85
2019-09,Araucanía,805.28
2019-09,Los Ríos,815.55
2019-09,Los Lagos,806.57
2019-09,Aysén,831.17
2019-09,Magallanes,815
2019-10,Metropolitana,792.74
2019-10,Arica y Parinacota,812.31
2019-10,Tarapacá,811.26
2019-10,Antofagasta,824.4
2019-10,Atacama,813.58
2019-10,Coquimbo,812.15
2019-10,Valparaíso,778.61
2019-10,O'Higgins,823.05
2019-10,Maule,785.6
2019-10,Ñuble,779.48
2019-10,Biobío,811.15
2019-10,Araucanía,824.69
2019-10,Los Ríos,835.55
2019-10,Los Lagos,827.71
2019-10,Aysén,851.33
2019-10,Magallanes,834.82
2019-11,Metropolitana,794.17
2019-11,Arica y Parinacota,814.15
2019-11,Tarapacá,813.21
2019-11,Antofagasta,826.4
2019-11,Atacama,815.58
2019-11,Coquimbo,814.08
2019-11,Valparaíso,779.33
2019-11,O'Higgins,826.35
2019-11,Maule,787.21
2019-11,Ñuble,781.43
2019-11,Biobío,813.15
2019-11,Araucanía,826.45
2019-11,Los Ríos,837.36
2019-11,Los Lagos,830
2019-11,Aysén,853.33
2019-11,Magallanes,837.45
2019-12,Metropolitana,805.57
2019-12,Arica y Parinacota,828.23
2019-12,Tarapacá,827.06
2019-12,Antofagasta,839.93
2019-12,Atacama,829
2019-12,Coquimbo,827.08
2019-12,Valparaíso,792.39
2019-12,O'Higgins,840.25
2019-12,Maule,801.27
2019-12,Ñuble,795.1
2019-12,Biobío,826.78
2019-12,Araucanía,840.2
2019-12,Los Ríos,850.7
2019-12,Los Lagos,844
2019-12,Aysén,867.33
2019-12,Magallanes,851.45
2020-01,Metropolitana,830.79
2020-01,Arica y Parinacota,853.46
2020-01,Tarapacá,851.56
2020-01,Antofagasta,865.07
2020-01,Atacama,855.58
2020-01,Coquimbo,854.33
2020-01,Valparaíso,821.22
2020-01,O'Higgins,865.4
2020-01,Maule,825.33
2020-01,Ñuble,819.8
2020-01,Biobío,854.04
2020-01,Araucanía,864.47
2020-01,Los Ríos,875.82
2020-01,Los Lagos,869.86
2020-01,Aysén,895.17
2020-01,Magallanes,877.09
2020-02,Metropolitana,845.15
2020-02,Arica y Parinacota,870.31
2020-02,Tarapacá,868.69
2020-02,Antofagasta,880.5
2020-02,Atacama,870.82
2020-02,Coquimbo,869.08
2020-02,Valparaíso,835.39
2020-02,O'Higgins,882.15
2020-02,Maule,842.67
2020-02,Ñuble,838
2020-02,Biobío,869.44
2020-02,Araucanía,879.8
2020-02,Los Ríos,890.73
2020-02,Los Lagos,885
2020-02,Aysén,913.33
2020-02,Magallanes,892.09
2020-03,Metropolitana,834.83
2020-03,Arica y Parinacota,861.69
2020-03,Tarapacá,859.94
2020-03,Antofagasta,872.71
2020-03,Atacama,860.91
2020-03,Coquimbo,858.23
2020-03,Valparaíso,825.83
2020-03,O'Higgins,872.42
2020-03,Maule,832
2020-03,Ñuble,826.71
2020-03,Biobío,857.92
2020-03,Araucanía,869.43
2020-03,Los Ríos,881
2020-03,Los Lagos,874.29
2020-03,Aysén,903.33
2020-03,Magallanes,882.45
2020-04,Metropolitana,798.34
2020-04,Arica y Parinacota,838.31
2020-04,Tarapacá,837.13
2020-04,Antofagasta,852.29
2020-04,Atacama,838.09
2020-04,Coquimbo,834.62
2020-04,Valparaíso,803.11
2020-04,O'Higgins,850.68
2020-04,Maule,810.47
2020-04,Ñuble,803.81
2020-04,Biobío,834.33
2020-04,Araucanía,846.6
2020-04,Los Ríos,860
2020-04,Los Lagos,851.57
2020-04,Aysén,879.33
2020-04,Magallanes,861.18
2020-05,Metropolitana,775.49
2020-05,Arica y Parinacota,816.69
2020-05,Tarapacá,817.69
2020-05,Antofagasta,829.21
2020-05,Atacama,813.36
2020-05,Coquimbo,811.85
2020-05,Valparaíso,780.06
2020-05,O'Higgins,828.53
2020-05,Maule,788.13
2020-05,Ñuble,782.05
2020-05,Biobío,810.38
2020-05,Araucanía,823.2
2020-05,Los Ríos,835.91
2020-05,Los Lagos,830.57
2020-05,Aysén,861.33
2020-05,Magallanes,838
2020-06,Metropolitana,750.96
2020-06,Arica y Parinacota,795.77
2020-06,Tarapacá,797.25
2020-06,Antofagasta,808.36
2020-06,Atacama,792.82
2020-06,Coquimbo,791.31
2020-06,Valparaíso,756.33
2020-06,O'Higgins,804.79
2020-06,Maule,763.33
2020-06,Ñuble,758
2020-06,Biobío,786.63
2020-06,Araucanía,798.23
2020-06,Los Ríos,810.09
2020-06,Los Lagos,807.86
2020-06,Aysén,839.33
2020-06,Magallanes,819.18
2020-07,Metropolitana,722.06
2020-07,Arica y Parinacota,769.46
2020-07,Tarapacá,772.06
2020-07,Antofagasta,780.57
2020-07,Atacama,765.4
2020-07,Coquimbo,763.46
2020-07,Valparaíso,727.22
2020-07,O'Higgins,774.35
2020-07,Maule,735.2
2020-07,Ñuble,728.9
2020-07,Biobío,758.08
2020-07,Araucanía,768.47
2020-07,Los Ríos,780.18
2020-07,Los Lagos,778
2020-07,Aysén,811.33
2020-07,Magallanes,791.64
2020-08,Metropolitana,698.3
2020-08,Arica y Parinacota,745
2020-08,Tarapacá,750
2020-08,Antofagasta,758
2020-08,Atacama,740
2020-08,Coquimbo,740
2020-08,Valparaíso,704
2020-08,O'Higgins,753
2020-08,Maule,710
2020-08,Ñuble,706
2020-08,Biobío,734
2020-08,Araucanía,745
2020-08,Los Ríos,759
2020-08,Los Lagos,754
2020-08,Aysén,787
2020-08,Magallanes,768
2020-09,Metropolitana,706.21
2020-09,Arica y Parinacota,741.38
2020-09,Tarapacá,750.94
2020-09,Antofagasta,760
2020-09,Atacama,735.73
2020-09,Coquimbo,735.83
2020-09,Valparaíso,705.44
2020-09,O'Higgins,758.15
2020-09,Maule,709.13
2020-09,Ñuble,702.14
2020-09,Biobío,732.29
2020-09,Araucanía,743.6
2020-09,Los Ríos,754.45
2020-09,Los Lagos,749
2020-09,Aysén,784.33
2020-09,Magallanes,770.55
2020-10,Metropolitana,712.89
2020-10,Arica y Parinacota,748.92
2020-10,Tarapacá,760
2020-10,Antofagasta,773.29
2020-10,Atacama,743.73
2020-10,Coquimbo,744.25
2020-10,Valparaíso,713.28
2020-10,O'Higgins,762.6
2020-10,Maule,718.07
2020-10,Ñuble,707.43
2020-10,Biobío,740.08
2020-10,Araucanía,751.5
2020-10,Los Ríos,761.73
2020-10,Los Lagos,757
2020-10,Aysén,793.33
2020-10,Magallanes,779.09
2020-11,Metropolitana,725.34
2020-11,Arica y Parinacota,762.77
2020-11,Tarapacá,774.19
2020-11,Antofagasta,786.79
2020-11,Atacama,756.09
2020-11,Coquimbo,758.08
2020-11,Valparaíso,727.83
2020-11,O'Higgins,776.26
2020-11,Maule,731.67
2020-11,Ñuble,722.33
2020-11,Biobío,753.29
2020-11,Araucanía,764.73
2020-11,Los Ríos,775.18
2020-11,Los Lagos,770.29
2020-11,Aysén,806.33
2020-11,Magallanes,792.82
2020-12,Metropolitana,706.89
2020-12,Arica y Parinacota,749.69
2020-12,Tarapacá,758.88
2020-12,Antofagasta,771.29
2020-12,Atacama,737.91
2020-12,Coquimbo,742.83
2020-12,Valparaíso,708.65
2020-12,O'Higgins,759.8
2020-12,Maule,715
2020-12,Ñuble,706.38
2020-12,Biobío,737.79
2020-12,Araucanía,749.07
2020-12,Los Ríos,759.7
2020-12,Los Lagos,755
2020-12,Aysén,790.33
2020-12,Magallanes,777.09
2021-01,Metropolitana,728.94
2021-01,Arica y Parinacota,770.38
2021-01,Tarapacá,781
2021-01,Antofagasta,793.71
2021-01,Atacama,762.45
2021-01,Coquimbo,765.17
2021-01,Valparaíso,731.72
2021-01,O'Higgins,784.25
2021-01,Maule,738.93
2021-01,Ñuble,729.14
2021-01,Biobío,760.04
2021-01,Araucanía,772.13
2021-01,Los Ríos,783.3
2021-01,Los Lagos,777.29
2021-01,Aysén,812.33
2021-01,Magallanes,806.64
2021-02,Metropolitana,750.6
2021-02,Arica y Parinacota,791
2021-02,Tarapacá,802
2021-02,Antofagasta,814
2021-02,Atacama,783
2021-02,Coquimbo,786
2021-02,Valparaíso,752
2021-02,O'Higgins,806
2021-02,Maule,760
2021-02,Ñuble,749
2021-02,Biobío,781
2021-02,Araucanía,793
2021-02,Los Ríos,805
2021-02,Los Lagos,799
2021-02,Aysén,833
2021-02,Magallanes,834
2021-03,Metropolitana,773.9
2021-03,Arica y Parinacota,812
2021-03,Tarapacá,822
2021-03,Antofagasta,834
2021-03,Atacama,807
2021-03,Coquimbo,807
2021-03,Valparaíso,775
2021-03,O'Higgins,828
2021-03,Maule,784
2021-03,Ñuble,774
2021-03,Biobío,804
2021-03,Araucanía,817
2021-03,Los Ríos,826
2021-03,Los Lagos,819
2021-03,Aysén,856
2021-03,Magallanes,858
2021-04,Metropolitana,804.5
2021-04,Arica y Parinacota,848.62
2021-04,Tarapacá,856.88
2021-04,Antofagasta,869.8
2021-04,Atacama,844.73
2021-04,Coquimbo,843.17
2021-04,Valparaíso,808.94
2021-04,O'Higgins,864.65
2021-04,Maule,821.93
2021-04,Ñuble,812.43
2021-04,Biobío,840.39
2021-04,Araucanía,854.77
2021-04,Los Ríos,863.27
2021-04,Los Lagos,856.14
2021-04,Aysén,889.2
2021-04,Magallanes,896.09
2021-05,Metropolitana,828.87
2021-05,Arica y Parinacota,874
2021-05,Tarapacá,881
2021-05,Antofagasta,895
2021-05,Atacama,868
2021-05,Coquimbo,867
2021-05,Valparaíso,834
2021-05,O'Higgins,888
2021-05,Maule,847
2021-05,Ñuble,843
2021-05,Biobío,863
2021-05,Araucanía,879
2021-05,Los Ríos,888
2021-05,Los Lagos,880
2021-05,Aysén,913
2021-05,Magallanes,920
2021-06,Metropolitana,859
2021-06,Arica y Parinacota,905
2021-06,Tarapacá,910
2021-06,Antofagasta,925
2021-06,Atacama,900
2021-06,Coquimbo,897
2021-06,Valparaíso,864
2021-06,O'Higgins,918
2021-06,Maule,881
2021-06,Ñuble,875
2021-06,Biobío,894
2021-06,Araucanía,913
2021-06,Los Ríos,917
2021-06,Los Lagos,910
2021-06,Aysén,943
2021-06,Magallanes,952
2021-07,Metropolitana,883.1
2021-07,Arica y Parinacota,929
2021-07,Tarapacá,934
2021-07,Antofagasta,949
2021-07,Atacama,924
2021-07,Coquimbo,921
2021-07,Valparaíso,888
2021-07,O'Higgins,942
2021-07,Maule,904
2021-07,Ñuble,899
2021-07,Biobío,918
2021-07,Araucanía,936
2021-07,Los Ríos,941
2021-07,Los Lagos,934
2021-07,Aysén,967
2021-07,Magallanes,977
2021-08,Metropolitana,908.02
2021-08,Arica y Parinacota,954.15
2021-08,Tarapacá,957.71
2021-08,Antofagasta,972.6
2021-08,Atacama,949.55
2021-08,Coquimbo,945.25
2021-08,Valparaíso,912.78
2021-08,O'Higgins,965.75
2021-08,Maule,930.93
2021-08,Ñuble,924.14
2021-08,Biobío,943.61
2021-08,Araucanía,961.77
2021-08,Los Ríos,965
2021-08,Los Lagos,956.86
2021-08,Aysén,991.6
2021-08,Magallanes,1004.45
2021-09,Metropolitana,889.08
2021-09,Arica y Parinacota,929
2021-09,Tarapacá,932
2021-09,Antofagasta,936
2021-09,Atacama,928
2021-09,Coquimbo,920
2021-09,Valparaíso,889
2021-09,O'Higgins,940
2021-09,Maule,909
2021-09,Ñuble,901
2021-09,Biobío,919
2021-09,Araucanía,940
2021-09,Los Ríos,940
2021-09,Los Lagos,932
2021-09,Aysén,965
2021-09,Magallanes,984
2021-10,Metropolitana,910.75
2021-10,Arica y Parinacota,947.92
2021-10,Tarapacá,947.06
2021-10,Antofagasta,951.8
2021-10,Atacama,947.09
2021-10,Coquimbo,937.75
2021-10,Valparaíso,907.94
2021-10,O'Higgins,956.16
2021-10,Maule,929.2
2021-10,Ñuble,919.19
2021-10,Biobío,937.3
2021-10,Araucanía,957.87
2021-10,Los Ríos,957.27
2021-10,Los Lagos,948
2021-10,Aysén,979.33
2021-10,Magallanes,1004.09
2021-11,Metropolitana,944.64
2021-11,Arica y Parinacota,977.92
2021-11,Tarapacá,975.71
2021-11,Antofagasta,978.6
2021-11,Atacama,977.27
2021-11,Coquimbo,967.75
2021-11,Valparaíso,937.41
2021-11,O'Higgins,987.83
2021-11,Maule,961.07
2021-11,Ñuble,948.24
2021-11,Biobío,967.09
2021-11,Araucanía,988.27
2021-11,Los Ríos,986.91
2021-11,Los Lagos,978
2021-11,Aysén,1005
2021-11,Magallanes,1031.27
2021-12,Metropolitana,971.51
2021-12,Arica y Parinacota,1002.15
2021-12,Tarapacá,999.94
2021-12,Antofagasta,1002.93
2021-12,Atacama,1001.55
2021-12,Coquimbo,992.58
2021-12,Valparaíso,962.76
2021-12,O'Higgins,1012.32
2021-12,Maule,985.07
2021-12,Ñuble,973.29
2021-12,Biobío,992.52
2021-12,Araucanía,1014.23
2021-12,Los Ríos,1012.64
2021-12,Los Lagos,1003.29
2021-12,Aysén,1013
2021-12,Magallanes,1036.27
2022-01,Metropolitana,991.19
2022-01,Arica y Parinacota,1021.69
2022-01,Tarapacá,1018.65
2022-01,Antofagasta,1022.6
2022-01,Atacama,1018.91
2022-01,Coquimbo,1012.5
2022-01,Valparaíso,983.76
2022-01,O'Higgins,1032.35
2022-01,Maule,1005.13
2022-01,Ñuble,994.1
2022-01,Biobío,1012.61
2022-01,Araucanía,1034.6
2022-01,Los Ríos,1032.36
2022-01,Los Lagos,1023
2022-01,Aysén,1025
2022-01,Magallanes,1041.91
2022-02,Metropolitana,1014.33
2022-02,Arica y Parinacota,1044.15
2022-02,Tarapacá,1044.35
2022-02,Antofagasta,1048.27
2022-02,Atacama,1046.27
2022-02,Coquimbo,1038.83
2022-02,Valparaíso,1005.88
2022-02,O'Higgins,1050.5
2022-02,Maule,1025.8
2022-02,Ñuble,1015.76
2022-02,Biobío,1034.13
2022-02,Araucanía,1054.86
2022-02,Los Ríos,1055.73
2022-02,Los Lagos,1047
2022-02,Aysén,1041
2022-02,Magallanes,1049.18
2022-03,Metropolitana,1042.12
2022-03,Arica y Parinacota,1069.15
2022-03,Tarapacá,1069.76
2022-03,Antofagasta,1073.6
2022-03,Atacama,1071.82
2022-03,Coquimbo,1064
2022-03,Valparaíso,1030.24
2022-03,O'Higgins,1075.63
2022-03,Maule,1049.87
2022-03,Ñuble,1041.05
2022-03,Biobío,1060.48
2022-03,Araucanía,1081
2022-03,Los Ríos,1080.91
2022-03,Los Lagos,1072
2022-03,Aysén,1067
2022-03,Magallanes,1066.18
2022-04,Metropolitana,1069
2022-04,Arica y Parinacota,1101.92
2022-04,Tarapacá,1102.71
2022-04,Antofagasta,1106.4
2022-04,Atacama,1102
2022-04,Coquimbo,1095.25
2022-04,Valparaíso,1061.41
2022-04,O'Higgins,1107.47
2022-04,Maule,1083.93
2022-04,Ñuble,1073.95
2022-04,Biobío,1093.43
2022-04,Araucanía,1113.66
2022-04,Los Ríos,1112.91
2022-04,Los Lagos,1105
2022-04,Aysén,1101
2022-04,Magallanes,1097.36
2022-05,Metropolitana,1094.88
2022-05,Arica y Parinacota,1136.92
2022-05,Tarapacá,1137.82
2022-05,Antofagasta,1141.47
2022-05,Atacama,1138.09
2022-05,Coquimbo,1131.25
2022-05,Valparaíso,1094.65
2022-05,O'Higgins,1140.95
2022-05,Maule,1118.87
2022-05,Ñuble,1109.48
2022-05,Biobío,1128.48
2022-05,Araucanía,1148.53
2022-05,Los Ríos,1149
2022-05,Los Lagos,1140
2022-05,Aysén,1137
2022-05,Magallanes,1137.64
2022-06,Metropolitana,1128.17
2022-06,Arica y Parinacota,1171.92
2022-06,Tarapacá,1171.59
2022-06,Antofagasta,1171
2022-06,Atacama,1170.64
2022-06,Coquimbo,1165.75
2022-06,Valparaíso,1129.76
2022-06,O'Higgins,1174.8
2022-06,Maule,1152.8
2022-06,Ñuble,1143.86
2022-06,Biobío,1162.61
2022-06,Araucanía,1183.6
2022-06,Los Ríos,1182.18
2022-06,Los Lagos,1174.86
2022-06,Aysén,1172.17
2022-06,Magallanes,1166.73
2022-07,Metropolitana,1173
2022-07,Arica y Parinacota,1218
2022-07,Tarapacá,1218
2022-07,Antofagasta,1221
2022-07,Atacama,1216
2022-07,Coquimbo,1211
2022-07,Valparaíso,1175
2022-07,O'Higgins,1219
2022-07,Maule,1198
2022-07,Ñuble,1188
2022-07,Biobío,1207
2022-07,Araucanía,1229
2022-07,Los Ríos,1229
2022-07,Los Lagos,1220
2022-07,Aysén,1219
2022-07,Magallanes,1214
2022-08,Metropolitana,1233.75
2022-08,Arica y Parinacota,1278.92
2022-08,Tarapacá,1276.13
2022-08,Antofagasta,1281.67
2022-08,Atacama,1279.64
2022-08,Coquimbo,1272.64
2022-08,Valparaíso,1236.47
2022-08,O'Higgins,1278.9
2022-08,Maule,1260.8
2022-08,Ñuble,1250.24
2022-08,Biobío,1267.36
2022-08,Araucanía,1290.63
2022-08,Los Ríos,1289.73
2022-08,Los Lagos,1282.71
2022-08,Aysén,1282
2022-08,Magallanes,1279
2022-09,Metropolitana,1289.38
2022-09,Arica y Parinacota,1326.92
2022-09,Tarapacá,1326.38
2022-09,Antofagasta,1332.4
2022-09,Atacama,1330
2022-09,Coquimbo,1323
2022-09,Valparaíso,1286.18
2022-09,O'Higgins,1329.95
2022-09,Maule,1307.53
2022-09,Ñuble,1299.24
2022-09,Biobío,1316.13
2022-09,Araucanía,1339.73
2022-09,Los Ríos,1337
2022-09,Los Lagos,1331
2022-09,Aysén,1325.33
2022-09,Magallanes,1326.64
2022-10,Metropolitana,1299.02
2022-10,Arica y Parinacota,1327.15
2022-10,Tarapacá,1327.06
2022-10,Antofagasta,1334.4
2022-10,Atacama,1332.64
2022-10,Coquimbo,1323.45
2022-10,Valparaíso,1287.53
2022-10,O'Higgins,1331.9
2022-10,Maule,1314.29
2022-10,Ñuble,1301.48
2022-10,Biobío,1319.14
2022-10,Araucanía,1341.9
2022-10,Los Ríos,1339.64
2022-10,Los Lagos,1332.86
2022-10,Aysén,1335
2022-10,Magallanes,1330.09
2022-11,Metropolitana,1320.35
2022-11,Arica y Parinacota,1348
2022-11,Tarapacá,1345.12
2022-11,Antofagasta,1353.93
2022-11,Atacama,1351.55
2022-11,Coquimbo,1342.45
2022-11,Valparaíso,1306.65
2022-11,O'Higgins,1350.5
2022-11,Maule,1334.07
2022-11,Ñuble,1320.48
2022-11,Biobío,1339.14
2022-11,Araucanía,1361.73
2022-11,Los Ríos,1357.55
2022-11,Los Lagos,1353
2022-11,Aysén,1355
2022-11,Magallanes,1353.09
2022-12,Metropolitana,1310.27
2022-12,Arica y Parinacota,1346.62
2022-12,Tarapacá,1342.13
2022-12,Antofagasta,1350.93
2022-12,Atacama,1349.09
2022-12,Coquimbo,1339.45
2022-12,Valparaíso,1305
2022-12,O'Higgins,1350.4
2022-12,Maule,1330.21
2022-12,Ñuble,1316.38
2022-12,Biobío,1336.27
2022-12,Araucanía,1359.67
2022-12,Los Ríos,1357.45
2022-12,Los Lagos,1350
2022-12,Aysén,1351
2022-12,Magallanes,1347
2023-01,Metropolitana,1274.9
2023-01,Arica y Parinacota,1313
2023-01,Tarapacá,1308.53
2023-01,Antofagasta,1316.6
2023-01,Atacama,1315.18
2023-01,Coquimbo,1305.64
2023-01,Valparaíso,1273.35
2023-01,O'Higgins,1317
2023-01,Maule,1296.77
2023-01,Ñuble,1285
2023-01,Biobío,1301.14
2023-01,Araucanía,1326.4
2023-01,Los Ríos,1324.73
2023-01,Los Lagos,1316.86
2023-01,Aysén,1320
2023-01,Magallanes,1310.73
2023-02,Metropolitana,1219.8
2023-02,Arica y Parinacota,1260.92
2023-02,Tarapacá,1254.53
2023-02,Antofagasta,1263.53
2023-02,Atacama,1263.36
2023-02,Coquimbo,1253.83
2023-02,Valparaíso,1221.44
2023-02,O'Higgins,1262.9
2023-02,Maule,1241.43
2023-02,Ñuble,1228.52
2023-02,Biobío,1244.76
2023-02,Araucanía,1272.3
2023-02,Los Ríos,1270.36
2023-02,Los Lagos,1265.14
2023-02,Aysén,1264.67
2023-02,Magallanes,1249.09
2023-03,Metropolitana,1205.9
2023-03,Arica y Parinacota,1246.85
2023-03,Tarapacá,1242
2023-03,Antofagasta,1249.93
2023-03,Atacama,1249.1
2023-03,Coquimbo,1239.45
2023-03,Valparaíso,1207.75
2023-03,O'Higgins,1248.95
2023-03,Maule,1228
2023-03,Ñuble,1215.38
2023-03,Biobío,1230.86
2023-03,Araucanía,1258.6
2023-03,Los Ríos,1255.82
2023-03,Los Lagos,1251.14
2023-03,Aysén,1252.33
2023-03,Magallanes,1234
2023-04,Metropolitana,1209.2
2023-04,Arica y Parinacota,1255.31
2023-04,Tarapacá,1250
2023-04,Antofagasta,1256.87
2023-04,Atacama,1255.64
2023-04,Coquimbo,1245.17
2023-04,Valparaíso,1215.59
2023-04,O'Higgins,1254.55
2023-04,Maule,1233.36
2023-04,Ñuble,1220.81
2023-04,Biobío,1236.38
2023-04,Araucanía,1263.5
2023-04,Los Ríos,1264.36
2023-04,Los Lagos,1257.29
2023-04,Aysén,1263.67
2023-04,Magallanes,1240.18
2023-05,Metropolitana,1223.02
2023-05,Arica y Parinacota,1280.92
2023-05,Tarapacá,1273.18
2023-05,Antofagasta,1283.6
2023-05,Atacama,1278.73
2023-05,Coquimbo,1269.08
2023-05,Valparaíso,1238.88
2023-05,O'Higgins,1276.05
2023-05,Maule,1258
2023-05,Ñuble,1242.71
2023-05,Biobío,1259.86
2023-05,Araucanía,1287.3
2023-05,Los Ríos,1288.18
2023-05,Los Lagos,1283.57
2023-05,Aysén,1286
2023-05,Magallanes,1267.09
2023-06,Metropolitana,1173.39
2023-06,Arica y Parinacota,1234.15
2023-06,Tarapacá,1232.07
2023-06,Antofagasta,1238
2023-06,Atacama,1238.36
2023-06,Coquimbo,1223.83
2023-06,Valparaíso,1188.82
2023-06,O'Higgins,1229.68
2023-06,Maule,1210.5
2023-06,Ñuble,1196.19
2023-06,Biobío,1213.81
2023-06,Araucanía,1243.79
2023-06,Los Ríos,1243.64
2023-06,Los Lagos,1235.43
2023-06,Aysén,1233.67
2023-06,Magallanes,1216.82
2023-07,Metropolitana,1171.39
2023-07,Arica y Parinacota,1231.85
2023-07,Tarapacá,1228.38
2023-07,Antofagasta,1238.6
2023-07,Atacama,1232.09
2023-07,Coquimbo,1220.83
2023-07,Valparaíso,1183
2023-07,O'Higgins,1227.7
2023-07,Maule,1207.07
2023-07,Ñuble,1192.83
2023-07,Biobío,1210.43
2023-07,Araucanía,1237.33
2023-07,Los Ríos,1239
2023-07,Los Lagos,1233.43
2023-07,Aysén,1231.33
2023-07,Magallanes,1214.82
2023-08,Metropolitana,1191.35
2023-08,Arica y Parinacota,1255.46
2023-08,Tarapacá,1250.92
2023-08,Antofagasta,1261
2023-08,Atacama,1254.09
2023-08,Coquimbo,1245.08
2023-08,Valparaíso,1194.06
2023-08,O'Higgins,1247.5
2023-08,Maule,1229.79
2023-08,Ñuble,1215
2023-08,Biobío,1230
2023-08,Araucanía,1257.21
2023-08,Los Ríos,1259.91
2023-08,Los Lagos,1254
2023-08,Aysén,1238.33
2023-08,Magallanes,1238
2023-09,Metropolitana,1221.37
2023-09,Arica y Parinacota,1276.92
2023-09,Tarapacá,1273.69
2023-09,Antofagasta,1286.4
2023-09,Atacama,1274.36
2023-09,Coquimbo,1267.67
2023-09,Valparaíso,1213.24
2023-09,O'Higgins,1271.3
2023-09,Maule,1250.21
2023-09,Ñuble,1236.62
2023-09,Biobío,1251.81
2023-09,Araucanía,1279.1
2023-09,Los Ríos,1280.82
2023-09,Los Lagos,1275
2023-09,Aysén,1266.33
2023-09,Magallanes,1262.55
2023-10,Metropolitana,1253.39
2023-10,Arica y Parinacota,1300.77
2023-10,Tarapacá,1296.14
2023-10,Antofagasta,1308.29
2023-10,Atacama,1296.27
2023-10,Coquimbo,1291.58
2023-10,Valparaíso,1235.18
2023-10,O'Higgins,1292.35
2023-10,Maule,1273
2023-10,Ñuble,1259.24
2023-10,Biobío,1276.38
2023-10,Araucanía,1302.38
2023-10,Los Ríos,1303.73
2023-10,Los Lagos,1298.86
2023-10,Aysén,1288.83
2023-10,Magallanes,1285.09
2023-11,Metropolitana,1285.75
2023-11,Arica y Parinacota,1354.77
2023-11,Tarapacá,1350.62
2023-11,Antofagasta,1362.62
2023-11,Atacama,1352.18
2023-11,Coquimbo,1344.45
2023-11,Valparaíso,1290.21
2023-11,O'Higgins,1348.63
2023-11,Maule,1326.5
2023-11,Ñuble,1310.32
2023-11,Biobío,1330.71
2023-11,Araucanía,1279.15
2023-11,Los Ríos,1357
2023-11,Los Lagos,1351.43
2023-11,Aysén,1345
2023-11,Magallanes,1342.09
2023-12,Metropolitana,1276.21
2023-12,Arica y Parinacota,1330.38
2023-12,Tarapacá,1328.21
2023-12,Antofagasta,1340.29
2023-12,Atacama,1328.09
2023-12,Coquimbo,1321.91
2023-12,Valparaíso,1263
2023-12,O'Higgins,1320.59
2023-12,Maule,1300.33
2023-12,Ñuble,1289
2023-12,Biobío,1307.44
2023-12,Araucanía,1332.27
2023-12,Los Ríos,1332.91
2023-12,Los Lagos,1327.83
2023-12,Aysén,1320
2023-12,Magallanes,1313
2024-01,Metropolitana,1223.45
2024-01,Arica y Parinacota,1280.62
2024-01,Tarapacá,1282.57
2024-01,Antofagasta,1288.29
2024-01,Atacama,1278.36
2024-01,Coquimbo,1274.36
2024-01,Valparaíso,1212.4
2024-01,O'Higgins,1280.88
2024-01,Maule,1242.92
2024-01,Ñuble,1241.28
2024-01,Biobío,1257.59
2024-01,Araucanía,1286.23
2024-01,Los Ríos,1285.45
2024-01,Los Lagos,1278.17
2024-01,Aysén,1280
2024-01,Magallanes,1265.45
2024-02,Metropolitana,1221.54
2024-02,Arica y Parinacota,1283.15
2024-02,Tarapacá,1280.53
2024-02,Antofagasta,1291.29
2024-02,Atacama,1279.36
2024-02,Coquimbo,1273.27
2024-02,Valparaíso,1208.6
2024-02,O'Higgins,1279.53
2024-02,Maule,1239.92
2024-02,Ñuble,1237.61
2024-02,Biobío,1254.59
2024-02,Araucanía,1280.25
2024-02,Los Ríos,1286.18
2024-02,Los Lagos,1281.14
2024-02,Aysén,1278.17
2024-02,Magallanes,1271
2024-03,Metropolitana,1279.25
2024-03,Arica y Parinacota,1342.75
2024-03,Tarapacá,1337.19
2024-03,Antofagasta,1348
2024-03,Atacama,1337.73
2024-03,Coquimbo,1330
2024-03,Valparaíso,1265.27
2024-03,O'Higgins,1336.25
2024-03,Maule,1292.38
2024-03,Ñuble,1294.72
2024-03,Biobío,1309.76
2024-03,Araucanía,1336.33
2024-03,Los Ríos,1346.27
2024-03,Los Lagos,1340.14
2024-03,Aysén,1328
2024-03,Magallanes,1331
2024-04,Metropolitana,1310.9
2024-04,Arica y Parinacota,1381.75
2024-04,Tarapacá,1376.25
2024-04,Antofagasta,1389.29
2024-04,Atacama,1377.27
2024-04,Coquimbo,1367.55
2024-04,Valparaíso,1305.6
2024-04,O'Higgins,1377
2024-04,Maule,1333.31
2024-04,Ñuble,1332.83
2024-04,Biobío,1349.47
2024-04,Araucanía,1376.29
2024-04,Los Ríos,1383.27
2024-04,Los Lagos,1380.71
2024-04,Aysén,1375
2024-04,Magallanes,1371.27
2024-05,Metropolitana,1372
2024-05,Arica y Parinacota,1452.33
2024-05,Tarapacá,1450.13
2024-05,Antofagasta,1459
2024-05,Atacama,1446.82
2024-05,Coquimbo,1440.91
2024-05,Valparaíso,1378.6
2024-05,O'Higgins,1445.19
2024-05,Maule,1404.23
2024-05,Ñuble,1402.94
2024-05,Biobío,1362.5
2024-05,Araucanía,1445.89
2024-05,Los Ríos,1455.45
2024-05,Los Lagos,1451.86
2024-05,Aysén,1449
2024-05,Magallanes,1437.64
2024-06,Metropolitana,1343.12
2024-06,Arica y Parinacota,1420.5
2024-06,Tarapacá,1420.31
2024-06,Antofagasta,1429.29
2024-06,Atacama,1415.45
2024-06,Coquimbo,1409.18
2024-06,Valparaíso,1349.53
2024-06,O'Higgins,1416.31
2024-06,Maule,1373.54
2024-06,Ñuble,1374.22
2024-06,Biobío,1390.83
2024-06,Araucanía,1416.54
2024-06,Los Ríos,1426.73
2024-06,Los Lagos,1420.14
2024-06,Aysén,1415.33
2024-06,Magallanes,1407.73
2024-07,Metropolitana,1317.12
2024-07,Arica y Parinacota,1391.67
2024-07,Tarapacá,1389.81
2024-07,Antofagasta,1400.43
2024-07,Atacama,1385.82
2024-07,Coquimbo,1379
2024-07,Valparaíso,1233.47
2024-07,O'Higgins,1389.19
2024-07,Maule,1344.69
2024-07,Ñuble,1344.72
2024-07,Biobío,1364.17
2024-07,Araucanía,1385.19
2024-07,Los Ríos,1397.82
2024-07,Los Lagos,1391.29
2024-07,Aysén,1388.83
2024-07,Magallanes,1380.36
2024-08,Metropolitana,1293.5
2024-08,Arica y Parinacota,1372.58
2024-08,Tarapacá,1370.81
2024-08,Antofagasta,1381.36
2024-08,Atacama,1368.36
2024-08,Coquimbo,1361.91
2024-08,Valparaíso,1304.8
2024-08,O'Higgins,1370.33
2024-08,Maule,1327.54
2024-08,Ñuble,1326.61
2024-08,Biobío,1343.89
2024-08,Araucanía,1367.54
2024-08,Los Ríos,1380.27
2024-08,Los Lagos,1373.86
2024-08,Aysén,1372
2024-08,Magallanes,1364.18
2024-09,Metropolitana,1299.21
2024-09,Arica y Parinacota,1370.08
2024-09,Tarapacá,1367.56
2024-09,Antofagasta,1379.71
2024-09,Atacama,1364.55
2024-09,Coquimbo,1359.18
2024-09,Valparaíso,1301.87
2024-09,O'Higgins,1368.2
2024-09,Maule,1326.25
2024-09,Ñuble,1326.33
2024-09,Biobío,1342.61
2024-09,Araucanía,1367.38
2024-09,Los Ríos,1378.27
2024-09,Los Lagos,1371.43
2024-09,Aysén,1369
2024-09,Magallanes,1358.36
2024-10,Metropolitana,1241.19
2024-10,Arica y Parinacota,1312.75
2024-10,Tarapacá,1309.5
2024-10,Antofagasta,1321.21
2024-10,Atacama,1304.09
2024-10,Coquimbo,1298.8
2024-10,Valparaíso,1242.33
2024-10,O'Higgins,1310.94
2024-10,Maule,1268.17
2024-10,Ñuble,1268.11
2024-10,Biobío,1284.5
2024-10,Araucanía,1310.38
2024-10,Los Ríos,1318.91
2024-10,Los Lagos,1313
2024-10,Aysén,1313
2024-10,Magallanes,1297.36
2024-11,Metropolitana,1228.17
2024-11,Arica y Parinacota,1300.5
2024-11,Tarapacá,1297
2024-11,Antofagasta,1311.14
2024-11,Atacama,1293.64
2024-11,Coquimbo,1288.8
2024-11,Valparaíso,1231.8
2024-11,O'Higgins,1301.06
2024-11,Maule,1257.38
2024-11,Ñuble,1257.78
2024-11,Biobío,1274.89
2024-11,Araucanía,1298.62
2024-11,Los Ríos,1308.73
2024-11,Los Lagos,1303
2024-11,Aysén,1304.67
2024-11,Magallanes,1289.73
2024-12,Metropolitana,1216.91
2024-12,Arica y Parinacota,1292.58
2024-12,Tarapacá,1287.94
2024-12,Antofagasta,1303.79
2024-12,Atacama,1287.18
2024-12,Coquimbo,1282.8
2024-12,Valparaíso,1224.47
2024-12,O'Higgins,1293.83
2024-12,Maule,1248.23
2024-12,Ñuble,1253.17
2024-12,Biobío,1267.83
2024-12,Araucanía,1291.79
2024-12,Los Ríos,1299.55
2024-12,Los Lagos,1297.29
2024-12,Aysén,1297.5
2024-12,Magallanes,1285.64
2025-01,Metropolitana,1220.25
2025-01,Arica y Parinacota,1320
2025-01,Tarapacá,1316.81
2025-01,Antofagasta,1331.29
2025-01,Atacama,1315.09
2025-01,Coquimbo,1311.56
2025-01,Valparaíso,1224.73
2025-01,O'Higgins,1294.18
2025-01,Maule,1252.18
2025-01,Ñuble,1254.71
2025-01,Biobío,1268.94
2025-01,Araucanía,1291.64
2025-01,Los Ríos,1320.64
2025-01,Los Lagos,1319
2025-01,Aysén,1343
2025-01,Magallanes,1319.45
2025-02,Metropolitana,1275.91
2025-02,Arica y Parinacota,1379
2025-02,Tarapacá,1374.75
2025-02,Antofagasta,1388.21
2025-02,Atacama,1369.64
2025-02,Coquimbo,1366.44
2025-02,Valparaíso,1276.07
2025-02,O'Higgins,1348.39
2025-02,Maule,1309.92
2025-02,Ñuble,1306.11
2025-02,Biobío,1324.5
2025-02,Araucanía,1345.81
2025-02,Los Ríos,1373.73
2025-02,Los Lagos,1376.71
2025-02,Aysén,1396.67
2025-02,Magallanes,1377.55
2025-03,Metropolitana,1257.14
2025-03,Arica y Parinacota,1355.25
2025-03,Tarapacá,1354.38
2025-03,Antofagasta,1366.64
2025-03,Atacama,1348.4
2025-03,Coquimbo,1346.25
2025-03,Valparaíso,1257.33
2025-03,O'Higgins,1327.68
2025-03,Maule,1289.31
2025-03,Ñuble,1289.53
2025-03,Biobío,1304.83
2025-03,Araucanía,1328.5
2025-03,Los Ríos,1358.18
2025-03,Los Lagos,1354
2025-03,Aysén,1374.17
2025-03,Magallanes,1352.27
2025-04,Metropolitana,1221.61
2025-04,Arica y Parinacota,1332.58
2025-04,Tarapacá,1328
2025-04,Antofagasta,1342.07
2025-04,Atacama,1324.3
2025-04,Coquimbo,1321.88
2025-04,Valparaíso,1231.73
2025-04,O'Higgins,1304.79
2025-04,Maule,1266
2025-04,Ñuble,1263.32
2025-04,Biobío,1281.65
2025-04,Araucanía,1303.54
2025-04,Los Ríos,1333.64
2025-04,Los Lagos,1330
2025-04,Aysén,1315
2025-04,Magallanes,1325.73
2025-05,Metropolitana,1209.3
2025-05,Arica y Parinacota,1322.17
2025-05,Tarapacá,1300.75
2025-05,Antofagasta,1333.57
2025-05,Atacama,1315.3
2025-05,Coquimbo,1312.67
2025-05,Valparaíso,1221.53
2025-05,O'Higgins,1295.26
2025-05,Maule,1257.38
2025-05,Ñuble,1254.68
2025-05,Biobío,1273.47
2025-05,Araucanía,1294.96
2025-05,Los Ríos,1325.18
2025-05,Los Lagos,1320.71
2025-05,Aysén,1342.67
2025-05,Magallanes,1320.09
2025-06,Metropolitana,1203.61
2025-06,Arica y Parinacota,1316
2025-06,Tarapacá,1313.19
2025-06,Antofagasta,1327.36
2025-06,Atacama,1308.55
2025-06,Coquimbo,1306.33
2025-06,Valparaíso,1216.4
2025-06,O'Higgins,1286.42
2025-06,Maule,1247.15
2025-06,Ñuble,1247.58
2025-06,Biobío,1267.53
2025-06,Araucanía,1289.58
2025-06,Los Ríos,1317.91
2025-06,Los Lagos,1314.43
2025-06,Aysén,1332.5
2025-06,Magallanes,1313.09
2025-07,Metropolitana,1229.73
2025-07,Arica y Parinacota,1342
2025-07,Tarapacá,1339.19
2025-07,Antofagasta,1353.29
2025-07,Atacama,1334
2025-07,Coquimbo,1332.7
2025-07,Valparaíso,1243.6
2025-07,O'Higgins,1312.47
2025-07,Maule,1274.15
2025-07,Ñuble,1270.58
2025-07,Biobío,1289.5
2025-07,Araucanía,1313.27
2025-07,Los Ríos,1339
2025-07,Los Lagos,1341.14
2025-07,Aysén,1358.33
2025-07,Magallanes,1339.27
2025-08,Metropolitana,1204.34
2025-08,Arica y Parinacota,1316.92
2025-08,Tarapacá,1314.69
2025-08,Antofagasta,1327.29
2025-08,Atacama,1309.27
2025-08,Coquimbo,1307.3
2025-08,Valparaíso,1216.33
2025-08,O'Higgins,1287.37
2025-08,Maule,1247.31
2025-08,Ñuble,1246.68
2025-08,Biobío,1261.53
2025-08,Araucanía,1286.96
2025-08,Los Ríos,1317.45
2025-08,Los Lagos,1314.43
2025-08,Aysén,1333.33
2025-08,Magallanes,1314.27
2025-09,Metropolitana,1203.18
2025-09,Arica y Parinacota,1313.25
2025-09,Tarapacá,1310.19
2025-09,Antofagasta,1324
2025-09,Atacama,1305.64
2025-09,Coquimbo,1303.6
2025-09,Valparaíso,1210.2
2025-09,O'Higgins,1283.58
2025-09,Maule,1243
2025-09,Ñuble,1243.16
2025-09,Biobío,1258.29
2025-09,Araucanía,1283.12
2025-09,Los Ríos,1316
2025-09,Los Lagos,1312
2025-09,Aysén,1329
2025-09,Magallanes,1312.09
2025-10,Metropolitana,1204.82
2025-10,Arica y Parinacota,1302.83
2025-10,Tarapacá,1301.44
2025-10,Antofagasta,1314
2025-10,Atacama,1296.45
2025-10,Coquimbo,1292.9
2025-10,Valparaíso,1201
2025-10,O'Higgins,1273.05
2025-10,Maule,1232.77
2025-10,Ñuble,1229.21
2025-10,Biobío,1253.82
2025-10,Araucanía,1272.7
2025-10,Los Ríos,1302.55
2025-10,Los Lagos,1302
2025-10,Aysén,1321.83
2025-10,Magallanes,1304.18
2025-11,Metropolitana,1187.25
2025-11,Arica y Parinacota,1288.33
2025-11,Tarapacá,1286.5
2025-11,Antofagasta,1300.79
2025-11,Atacama,1277.55
2025-11,Coquimbo,1273.6
2025-11,Valparaíso,1182.93
2025-11,O'Higgins,1256.47
2025-11,Maule,1215.31
2025-11,Ñuble,1213.63
2025-11,Biobío,1227.71
2025-11,Araucanía,1252.12
2025-11,Los Ríos,1284.64
2025-11,Los Lagos,1283
2025-11,Aysén,1298
2025-11,Magallanes,1285.36
2025-12,Metropolitana,1198.68
2025-12,Arica y Parinacota,1296.08
2025-12,Tarapacá,1293.13
2025-12,Antofagasta,1306.71
2025-12,Atacama,1289.27
2025-12,Coquimbo,1285.6
2025-12,Valparaíso,1188.93
2025-12,O'Higgins,1265.16
2025-12,Maule,1230.54
2025-12,Ñuble,1224.32
2025-12,Biobío,1239.35
2025-12,Araucanía,1264.27
2025-12,Los Ríos,1294.91
2025-12,Los Lagos,1295
2025-12,Aysén,1307.5
2025-12,Magallanes,1289.45
2026-01,Metropolitana,1149.3
2026-01,Arica y Parinacota,1253.5
2026-01,Tarapacá,1258.25
2026-01,Antofagasta,1268.5
2026-01,Atacama,1250.91
2026-01,Coquimbo,1244.3
2026-01,Valparaíso,1144.5
2026-01,O'Higgins,1227.61
2026-01,Maule,1185.85
2026-01,Ñuble,1185.42
2026-01,Biobío,1198.18
2026-01,Araucanía,1222.26
2026-01,Los Ríos,1251.18
2026-01,Los Lagos,1240.71
2026-01,Aysén,1256.67
2026-01,Magallanes,1248.36
2026-02,Metropolitana,1123.98
2026-02,Arica y Parinacota,1224.75
2026-02,Tarapacá,1227.63
2026-02,Antofagasta,1235.36
2026-02,Atacama,1217.73
2026-02,Coquimbo,1215
2026-02,Valparaíso,1113.93
2026-02,O'Higgins,1189.41
2026-02,Maule,1153.38
2026-02,Ñuble,1150.79
2026-02,Biobío,1170
2026-02,Araucanía,1189
2026-02,Los Ríos,1208.18
2026-02,Los Lagos,1209.14
2026-02,Aysén,1204
2026-02,Magallanes,1206.55
2026-03,Metropolitana,1133.79
2026-03,Arica y Parinacota,1236.5
2026-03,Tarapacá,1233.81
2026-03,Antofagasta,1247.64
2026-03,Atacama,1229.64
2026-03,Coquimbo,1225.1
2026-03,Valparaíso,1123.93
2026-03,O'Higgins,1201.47
2026-03,Maule,1165.54
2026-03,Ñuble,1158.79
2026-03,Biobío,1175.81
2026-03,Araucanía,1200
2026-03,Los Ríos,1219.91
2026-03,Los Lagos,1220
2026-03,Aysén,1214
2026-03,Magallanes,1216.36
2026-04,Metropolitana,1524.56
2026-04,Arica y Parinacota,1646.08
2026-04,Tarapacá,1610.69
2026-04,Antofagasta,1654.21
2026-04,Atacama,1640.64
2026-04,Coquimbo,1637.4
2026-04,Valparaíso,1528.93
2026-04,O'Higgins,1584.44
2026-04,Maule,1570.62
2026-04,Ñuble,1561.05
2026-04,Biobío,1552.81
2026-04,Araucanía,1601.65
2026-04,Los Ríos,1626.09
2026-04,Los Lagos,1627.14
2026-04,Aysén,1630
2026-04,Magallanes,1627.27
2026-05,Metropolitana,1545.05
2026-05,Arica y Parinacota,1664.92
2026-05,Tarapacá,1654.38
2026-05,Antofagasta,1672.29
2026-05,Atacama,1658.27
2026-05,Coquimbo,1655.5
2026-05,Valparaíso,1549
2026-05,O'Higgins,1628.88
2026-05,Maule,1590.92
2026-05,Ñuble,1583.16
2026-05,Biobío,1596.88
2026-05,Araucanía,1622.31
2026-05,Los Ríos,1644
2026-05,Los Lagos,1636.86
2026-05,Aysén,1651.5
2026-05,Magallanes,1645.73
2026-06,Metropolitana,1544.05
2026-06,Arica y Parinacota,1665.75
2026-06,Tarapacá,1655.13
2026-06,Antofagasta,1673.21
2026-06,Atacama,1659.27
2026-06,Coquimbo,1658.4
2026-06,Valparaíso,1549
2026-06,O'Higgins,1628.88
2026-06,Maule,1591.23
2026-06,Ñuble,1585.16
2026-06,Biobío,1597.25
2026-06,Araucanía,1622.27
2026-06,Los Ríos,1644.64
2026-06,Los Lagos,1637.71
2026-06,Aysén,1577.67
2026-06,Magallanes,1647.73
2026-07,Metropolitana,1439.02
2026-07,Arica y Parinacota,1577.42
2026-07,Tarapacá,1583
2026-07,Antofagasta,1586.57
2026-07,Atacama,1571.09
2026-07,Coquimbo,1568.3
2026-07,Valparaíso,1453.07
2026-07,O'Higgins,1535.31
2026-07,Maule,1497.38
2026-07,Ñuble,1479.47
2026-07,Biobío,1502.88
2026-07,Araucanía,1527.65
2026-07,Los Ríos,1550.55
2026-07,Los Lagos,1547.83
2026-07,Aysén,1566.67
2026-07,Magallanes,1561.09
2026-08,Metropolitana,1376.79
2026-08,Arica y Parinacota,1508.83
2026-08,Tarapacá,1487
2026-08,Antofagasta,1523.86
2026-08,Atacama,1502.27
2026-08,Coquimbo,1495.6
2026-08,Valparaíso,1368
2026-08,O'Higgins,1466.5
2026-08,Maule,1430.77
2026-08,Ñuble,1416.79
2026-08,Biobío,1432.06
2026-08,Araucanía,1454.81
2026-08,Los Ríos,1474.18
2026-08,Los Lagos,1492.33
2026-08,Aysén,1491.5
2026-08,Magallanes,1504
2026-09,Metropolitana,1413.81
2026-09,Arica y Parinacota,1533
2026-09,Tarapacá,1523.69
2026-09,Antofagasta,1546.29
2026-09,Atacama,1527.91
2026-09,Coquimbo,1524.1
2026-09,Valparaíso,1403.86
2026-09,O'Higgins,1492.06
2026-09,Maule,1454.29
2026-09,Ñuble,1448.35
2026-09,Biobío,1459.63
2026-09,Araucanía,1483.65
2026-09,Los Ríos,1504.18
2026-09,Los Lagos,1510.67
2026-09,Aysén,1526.5
2026-09,Magallanes,1512.27
