fecha,region,precio_clp_litro
1994-01,Metropolitana,109.2
1994-01,Tarapacá,115
1994-01,Antofagasta,125.5
1994-01,Atacama,119
1994-01,Coquimbo,114.5
1994-01,Valparaíso,113.6
1994-01,O'Higgins,112
1994-01,Maule,113.6
1994-01,Biobío,111.4
1994-01,Araucanía,113.9
1994-01,Los Lagos,117.5
1994-01,Aysén,126
1994-01,Magallanes,125
1994-02,Metropolitana,113.9
1994-02,Tarapacá,115
1994-02,Atacama,122.6
1994-02,Coquimbo,118
1994-02,Valparaíso,117.9
1994-02,O'Higgins,114.3
1994-02,Maule,115.4
1994-02,Biobío,120.7
1994-02,Araucanía,118.5
1994-02,Los Lagos,122.7
1994-02,Aysén,133
1994-03,Metropolitana,115.2
1994-03,Tarapacá,115
1994-03,Antofagasta,132.3
1994-03,Atacama,124.8
1994-03,Coquimbo,121.3
1994-03,Valparaíso,119.5
1994-03,O'Higgins,118
1994-03,Maule,116.4
1994-03,Biobío,116.9
1994-03,Araucanía,119.4
1994-03,Los Lagos,123.8
1994-03,Aysén,133
1994-03,Magallanes,79
1994-04,Metropolitana,114.4
1994-04,Tarapacá,115
1994-04,Antofagasta,133.3
1994-04,Atacama,123.8
1994-04,Coquimbo,120.5
1994-04,Valparaíso,119
1994-04,O'Higgins,118.8
1994-04,Maule,120
1994-04,Biobío,116.4
1994-04,Araucanía,120.3
1994-04,Los Lagos,122.6
1994-04,Aysén,133
1994-05,Metropolitana,114.1
1994-05,Tarapacá,115
1994-05,Antofagasta,133.3
1994-05,Atacama,123.8
1994-05,Coquimbo,121.4
1994-05,Valparaíso,118.9
1994-05,O'Higgins,119
1994-05,Maule,120
1994-05,Biobío,116.4
1994-05,Araucanía,120.2
1994-05,Los Lagos,122.3
1994-05,Aysén,133
1994-06,Metropolitana,114.2
1994-06,Tarapacá,115
1994-06,Antofagasta,136
1994-06,Atacama,123.8
1994-06,Coquimbo,121.4
1994-06,Valparaíso,118.9
1994-06,O'Higgins,119
1994-06,Maule,120.8
1994-06,Biobío,116.4
1994-06,Araucanía,119.9
1994-06,Los Lagos,122.3
1994-06,Aysén,133
1994-07,Metropolitana,114.5
1994-07,Tarapacá,116
1994-07,Antofagasta,136
1994-07,Atacama,123.8
1994-07,Coquimbo,122.3
1994-07,Valparaíso,119.1
1994-07,O'Higgins,118.9
1994-07,Maule,120.7
1994-07,Biobío,116.4
1994-07,Araucanía,120.2
1994-07,Los Lagos,122.3
1994-07,Aysén,133
1994-08,Metropolitana,113.1
1994-08,Tarapacá,115
1994-08,Antofagasta,136
1994-08,Atacama,123.8
1994-08,Coquimbo,122.3
1994-08,Valparaíso,119.2
1994-08,O'Higgins,119.1
1994-08,Maule,120.5
1994-08,Biobío,116.4
1994-08,Araucanía,120.2
1994-08,Los Lagos,122.3
1994-08,Aysén,133
1994-09,Metropolitana,112.6
1994-09,Tarapacá,115
1994-09,Antofagasta,134.7
1994-09,Atacama,123.8
1994-09,Coquimbo,122.3
1994-09,Valparaíso,119
1994-09,O'Higgins,119.1
1994-09,Maule,121.3
1994-09,Biobío,116.4
1994-09,Araucanía,120.3
1994-09,Los Lagos,122.5
1994-09,Aysén,133
1994-10,Metropolitana,112.7
1994-10,Tarapacá,115
1994-10,Antofagasta,134.7
1994-10,Atacama,123.8
1994-10,Coquimbo,122.3
1994-10,Valparaíso,119.1
1994-10,O'Higgins,119.2
1994-10,Maule,121.3
1994-10,Biobío,116.4
1994-10,Araucanía,121
1994-10,Los Lagos,122.5
1994-10,Aysén,133
1994-11,Metropolitana,112.5
1994-11,Tarapacá,120
1994-11,Atacama,123.8
1994-11,Coquimbo,122.3
1994-11,Valparaíso,118.8
1994-11,O'Higgins,119.2
1994-11,Maule,121.3
1994-11,Biobío,116.4
1994-11,Araucanía,121.1
1994-11,Los Lagos,122.5
1994-11,Aysén,133
1994-12,Metropolitana,112.1
1994-12,Tarapacá,120
1994-12,Antofagasta,134.7
1994-12,Atacama,123.8
1994-12,Coquimbo,122.3
1994-12,Valparaíso,118.8
1994-12,O'Higgins,119.2
1994-12,Maule,212
1994-12,Biobío,115.9
1994-12,Araucanía,121.1
1994-12,Los Lagos,126.7
1994-12,Aysén,130
1995-01,Metropolitana,112.6
1995-01,Tarapacá,120
1995-01,Antofagasta,134.7
1995-01,Atacama,123.8
1995-01,Coquimbo,122.3
1995-01,Valparaíso,119.1
1995-01,O'Higgins,119.2
1995-01,Maule,120.5
1995-01,Biobío,116.1
1995-01,Araucanía,120.8
1995-01,Los Lagos,122.5
1995-01,Aysén,133
1995-02,Metropolitana,111.8
1995-02,Tarapacá,120
1995-02,Antofagasta,133.7
1995-02,Atacama,123.8
1995-02,Coquimbo,122.1
1995-02,Valparaíso,118.6
1995-02,O'Higgins,118.9
1995-02,Maule,120.7
1995-02,Biobío,115.8
1995-02,Araucanía,120.9
1995-02,Los Lagos,121.7
1995-02,Aysén,132.3
1995-03,Metropolitana,111.7
1995-03,Tarapacá,120
1995-03,Antofagasta,131.5
1995-03,Atacama,124
1995-03,Coquimbo,121.8
1995-03,Valparaíso,118.1
1995-03,O'Higgins,119
1995-03,Maule,120
1995-03,Biobío,115.8
1995-03,Araucanía,120.9
1995-03,Los Lagos,121.7
1995-03,Aysén,132.3
1995-04,Metropolitana,112.1
1995-04,Tarapacá,120
1995-04,Antofagasta,133.7
1995-04,Atacama,124
1995-04,Coquimbo,122.5
1995-04,Valparaíso,118.6
1995-04,O'Higgins,119
1995-04,Maule,120.2
1995-04,Biobío,115.9
1995-04,Araucanía,120.7
1995-04,Los Lagos,121.7
1995-04,Aysén,132.3
1995-05,Metropolitana,110.5
1995-05,Tarapacá,120
1995-05,Antofagasta,134
1995-05,Atacama,124
1995-05,Coquimbo,122.5
1995-05,Valparaíso,117.9
1995-05,O'Higgins,119.3
1995-05,Maule,121.6
1995-05,Biobío,116.1
1995-05,Araucanía,120.5
1995-05,Los Lagos,121.7
1995-05,Aysén,132.3
1995-06,Metropolitana,111.2
1995-06,Tarapacá,120
1995-06,Antofagasta,133
1995-06,Atacama,124.5
1995-06,Coquimbo,122.3
1995-06,Valparaíso,117.4
1995-06,O'Higgins,119.4
1995-06,Maule,120
1995-06,Biobío,115.8
1995-06,Araucanía,120.3
1995-06,Los Lagos,120.4
1995-06,Aysén,132.3
1995-07,Metropolitana,105.7
1995-07,Tarapacá,120
1995-07,Antofagasta,128.7
1995-07,Atacama,120.5
1995-07,Coquimbo,119.2
1995-07,Valparaíso,111.6
1995-07,O'Higgins,113.5
1995-07,Maule,115.4
1995-07,Biobío,109.8
1995-07,Araucanía,114.9
1995-07,Los Lagos,113.1
1995-07,Aysén,126.3
1995-08,Metropolitana,106.1
1995-08,Tarapacá,117
1995-08,Antofagasta,128.7
1995-08,Atacama,121.4
1995-08,Coquimbo,118.2
1995-08,Valparaíso,111.4
1995-08,O'Higgins,113.3
1995-08,Maule,113.9
1995-08,Biobío,110.4
1995-08,Araucanía,114.8
1995-08,Los Lagos,113.4
1995-08,Aysén,126.3
1995-09,Metropolitana,106
1995-09,Tarapacá,117
1995-09,Antofagasta,128.7
1995-09,Atacama,121.4
1995-09,Coquimbo,118.8
1995-09,Valparaíso,111.4
1995-09,O'Higgins,113.2
1995-09,Maule,114.8
1995-09,Biobío,110.5
1995-09,Araucanía,115
1995-09,Los Lagos,113
1995-09,Aysén,126.3
1995-10,Metropolitana,105.3
1995-10,Tarapacá,128.7
1995-10,Antofagasta,128.7
1995-10,Atacama,121
1995-10,Coquimbo,118.5
1995-10,Valparaíso,112
1995-10,O'Higgins,113
1995-10,Maule,114.9
1995-10,Biobío,110.7
1995-10,Araucanía,114.7
1995-10,Los Lagos,113.4
1995-10,Aysén,126.3
1995-11,Metropolitana,105.9
1995-11,Tarapacá,117
1995-11,Antofagasta,127.8
1995-11,Atacama,121
1995-11,Coquimbo,118.5
1995-11,Valparaíso,111.7
1995-11,O'Higgins,114.1
1995-11,Maule,114.4
1995-11,Biobío,110.2
1995-11,Araucanía,114.7
1995-11,Los Lagos,113.4
1995-11,Aysén,126
1995-12,Metropolitana,114.2
1995-12,Tarapacá,127
1995-12,Antofagasta,138
1995-12,Atacama,131.8
1995-12,Coquimbo,129
1995-12,Valparaíso,121.9
1995-12,O'Higgins,123
1995-12,Maule,121.9
1995-12,Biobío,121.1
1995-12,Araucanía,125.2
1995-12,Los Lagos,123.9
1995-12,Aysén,137
1996-01,Metropolitana,115.8
1996-01,Antofagasta,138.7
1996-01,Atacama,132
1996-01,Coquimbo,129.2
1996-01,Valparaíso,122.6
1996-01,O'Higgins,123.6
1996-01,Maule,122.5
1996-01,Biobío,121.5
1996-01,Araucanía,125.8
1996-01,Los Lagos,124.6
1996-01,Aysén,137
1996-02,Metropolitana,116
1996-02,Tarapacá,127
1996-02,Antofagasta,148
1996-02,Atacama,136.9
1996-02,Coquimbo,133
1996-02,Valparaíso,127.7
1996-02,O'Higgins,127.6
1996-02,Maule,126.3
1996-02,Biobío,126.7
1996-02,Araucanía,129.4
1996-02,Los Lagos,130.5
1996-02,Aysén,143
1996-03,Metropolitana,117
1996-03,Tarapacá,127
1996-03,Antofagasta,148
1996-03,Atacama,136.9
1996-03,Coquimbo,134.8
1996-03,Valparaíso,126.7
1996-03,O'Higgins,128.5
1996-03,Maule,127.8
1996-03,Biobío,127.1
1996-03,Araucanía,131.4
1996-03,Los Lagos,130.5
1996-03,Aysén,143
1996-04,Metropolitana,117.6
1996-04,Tarapacá,137
1996-04,Antofagasta,148
1996-04,Atacama,136.7
1996-04,Coquimbo,135
1996-04,Valparaíso,127.9
1996-04,O'Higgins,129.2
1996-04,Maule,128.5
1996-04,Biobío,127.5
1996-04,Araucanía,132.1
1996-04,Los Lagos,130.5
1996-04,Aysén,143
1996-05,Metropolitana,126.9
1996-05,Tarapacá,147
1996-05,Antofagasta,157.5
1996-05,Atacama,145.7
1996-05,Coquimbo,142.3
1996-05,Valparaíso,135.3
1996-05,O'Higgins,138.3
1996-05,Maule,139.3
1996-05,Biobío,136.6
1996-05,Araucanía,140.6
1996-05,Los Lagos,139.2
1996-05,Aysén,152
1996-06,Metropolitana,124.8
1996-06,Tarapacá,147
1996-06,Antofagasta,153
1996-06,Atacama,143.7
1996-06,Coquimbo,139.6
1996-06,Valparaíso,131.3
1996-06,O'Higgins,134.1
1996-06,Maule,138
1996-06,Biobío,133.8
1996-06,Araucanía,137.6
1996-06,Los Lagos,133.9
1996-06,Aysén,146
1996-07,Metropolitana,114.1
1996-07,Tarapacá,140
1996-07,Antofagasta,146
1996-07,Atacama,138.7
1996-07,Coquimbo,135.5
1996-07,Valparaíso,123.9
1996-07,O'Higgins,128.3
1996-07,Maule,129.8
1996-07,Biobío,123.8
1996-07,Araucanía,129.5
1996-07,Los Lagos,126.9
1996-07,Aysén,140.3
1996-08,Metropolitana,117.3
1996-08,Tarapacá,144
1996-08,Antofagasta,150
1996-08,Atacama,140.7
1996-08,Coquimbo,137
1996-08,Valparaíso,127.4
1996-08,O'Higgins,132
1996-08,Maule,133.7
1996-08,Biobío,127.3
1996-08,Araucanía,133.5
1996-08,Los Lagos,131
1996-08,Aysén,145
1996-09,Metropolitana,126.6
1996-09,Tarapacá,154
1996-09,Antofagasta,160
1996-09,Atacama,151
1996-09,Coquimbo,147
1996-09,Valparaíso,137
1996-09,O'Higgins,142
1996-09,Maule,141.6
1996-09,Biobío,136.8
1996-09,Araucanía,143.2
1996-09,Los Lagos,140.9
1996-09,Aysén,155
1996-10,Metropolitana,129.4
1996-10,Tarapacá,157
1996-10,Antofagasta,162
1996-10,Atacama,156
1996-10,Coquimbo,150.2
1996-10,Valparaíso,140.6
1996-10,O'Higgins,144.3
1996-10,Maule,144.2
1996-10,Biobío,140
1996-10,Araucanía,145.7
1996-10,Los Lagos,144.1
1996-10,Aysén,158.3
1996-11,Metropolitana,128.82
1996-11,Tarapacá,157
1996-11,Antofagasta,163
1996-11,Atacama,156
1996-11,Coquimbo,149.3
1996-11,Valparaíso,141
1996-11,O'Higgins,144.1
1996-11,Maule,145.1
1996-11,Biobío,139.6
1996-11,Araucanía,145.7
1996-11,Los Lagos,144.6
1996-11,Aysén,158.3
1996-12,Metropolitana,129.19
1996-12,Tarapacá,157
1996-12,Antofagasta,162
1996-12,Atacama,156
1996-12,Coquimbo,148
1996-12,Valparaíso,141.1
1996-12,O'Higgins,144.2
1996-12,Maule,145.1
1996-12,Biobío,140
1996-12,Araucanía,145.3
1996-12,Los Lagos,144.9
1996-12,Aysén,158.3
1997-01,Metropolitana,129.3
1997-01,Tarapacá,157
1997-01,Antofagasta,162
1997-01,Atacama,156.7
1997-01,Coquimbo,149.8
1997-01,Valparaíso,141.2
1997-01,O'Higgins,145.2
1997-01,Maule,144.2
1997-01,Biobío,139.7
1997-01,Araucanía,145.4
1997-01,Los Lagos,145
1997-01,Aysén,158.3
1997-02,Metropolitana,128.7
1997-02,Tarapacá,157
1997-02,Antofagasta,162
1997-02,Atacama,156.7
1997-02,Coquimbo,149.8
1997-02,Valparaíso,140.6
1997-02,O'Higgins,145.3
1997-02,Maule,144
1997-02,Biobío,139.7
1997-02,Araucanía,146.2
1997-02,Los Lagos,144.9
1997-02,Aysén,158.3
1997-03,Metropolitana,113
1997-03,Antofagasta,162
1997-03,Atacama,156.7
1997-03,Coquimbo,149.6
1997-03,Valparaíso,138.6
1997-03,O'Higgins,145.6
1997-03,Maule,144.5
1997-03,Biobío,140.2
1997-03,Araucanía,145.8
1997-03,Los Lagos,142.7
1997-03,Aysén,158.3
1997-04,Metropolitana,125.9
1997-04,Tarapacá,157
1997-04,Antofagasta,158.7
1997-04,Atacama,156
1997-04,Coquimbo,147.2
1997-04,Valparaíso,138.1
1997-04,O'Higgins,144.3
1997-04,Maule,144
1997-04,Biobío,137.1
1997-04,Araucanía,142.2
1997-04,Los Lagos,140.7
1997-04,Aysén,154.7
1997-05,Metropolitana,126
1997-05,Tarapacá,157
1997-05,Antofagasta,158.7
1997-05,Atacama,156
1997-05,Coquimbo,148.1
1997-05,Valparaíso,138.2
1997-05,O'Higgins,144.1
1997-05,Maule,142.7
1997-05,Biobío,137.3
1997-05,Araucanía,142.2
1997-05,Los Lagos,141.2
1997-05,Aysén,154.7
1997-06,Metropolitana,125.6
1997-06,Tarapacá,157
1997-06,Antofagasta,158.7
1997-06,Atacama,156
1997-06,Coquimbo,148.1
1997-06,Valparaíso,138.2
1997-06,O'Higgins,143.2
1997-06,Maule,144.5
1997-06,Biobío,137.3
1997-06,Araucanía,141.3
1997-06,Los Lagos,142.1
1997-06,Aysén,154.7
1997-07,Metropolitana,116.23
1997-07,Tarapacá,157
1997-07,Antofagasta,151
1997-07,Atacama,149.7
1997-07,Coquimbo,140.7
1997-07,Valparaíso,138.2
1997-07,O'Higgins,135.7
1997-07,Maule,135.6
1997-07,Biobío,129
1997-07,Araucanía,131.5
1997-07,Los Lagos,134.1
1997-07,Aysén,147.7
1997-08,Metropolitana,116.11
1997-08,Tarapacá,148
1997-08,Antofagasta,151
1997-08,Atacama,147.7
1997-08,Coquimbo,140.6
1997-08,Valparaíso,128.3
1997-08,O'Higgins,135.7
1997-08,Maule,134.1
1997-08,Biobío,128.3
1997-08,Araucanía,130.2
1997-08,Los Lagos,134.1
1997-08,Aysén,147.7
1997-09,Metropolitana,115.93
1997-09,Tarapacá,148
1997-09,Antofagasta,151
1997-09,Atacama,150
1997-09,Coquimbo,140.6
1997-09,Valparaíso,128
1997-09,O'Higgins,135.1
1997-09,Maule,134
1997-09,Biobío,127.7
1997-09,Araucanía,130.2
1997-09,Los Lagos,133.6
1997-09,Aysén,147.3
1997-10,Metropolitana,117
1997-10,Tarapacá,134.4
1997-10,Antofagasta,126.8
1997-10,Atacama,150
1997-10,Coquimbo,144
1997-10,Valparaíso,128
1997-10,O'Higgins,134.4
1997-10,Maule,134.4
1997-10,Biobío,126.8
1997-10,Araucanía,130.4
1997-10,Los Lagos,133.6
1997-10,Aysén,147.3
1997-11,Metropolitana,122.07
1997-11,Tarapacá,148
1997-11,Antofagasta,159
1997-11,Atacama,154
1997-11,Coquimbo,145.4
1997-11,Valparaíso,135.4
1997-11,O'Higgins,141.9
1997-11,Maule,141.3
1997-11,Biobío,135.8
1997-11,Araucanía,137.5
1997-11,Los Lagos,141.1
1997-11,Aysén,154.3
1997-12,Metropolitana,122.34
1997-12,Tarapacá,148
1997-12,Antofagasta,159
1997-12,Atacama,154
1997-12,Coquimbo,147.6
1997-12,Valparaíso,134.3
1997-12,O'Higgins,142.1
1997-12,Maule,139.5
1997-12,Biobío,135
1997-12,Araucanía,137.1
1997-12,Los Lagos,140.5
1997-12,Aysén,154.3
1998-01,Metropolitana,119.91
1998-01,Antofagasta,159
1998-01,Atacama,154
1998-01,Coquimbo,147.6
1998-01,Valparaíso,134.3
1998-01,O'Higgins,142.8
1998-01,Maule,141.4
1998-01,Biobío,134.6
1998-01,Araucanía,137.1
1998-01,Los Lagos,141.3
1998-01,Aysén,154.3
1998-02,Metropolitana,120.41
1998-02,Antofagasta,154
1998-02,Atacama,150.5
1998-02,Coquimbo,142
1998-02,Valparaíso,133.3
1998-02,O'Higgins,139.8
1998-02,Maule,139
1998-02,Biobío,132.9
1998-02,Araucanía,136.7
1998-02,Los Lagos,141.3
1998-02,Aysén,151.7
1998-03,Metropolitana,118.53
1998-03,Antofagasta,154
1998-03,Atacama,150.5
1998-03,Coquimbo,142
1998-03,Valparaíso,132.5
1998-03,O'Higgins,140.9
1998-03,Maule,140.5
1998-03,Biobío,133.4
1998-03,Araucanía,137
1998-03,Los Lagos,140
1998-03,Aysén,151.7
1998-04,Metropolitana,116.24
1998-04,Antofagasta,153.7
1998-04,Atacama,149
1998-04,Coquimbo,139.8
1998-04,Valparaíso,131.8
1998-04,O'Higgins,137.7
1998-04,Maule,138.6
1998-04,Biobío,130.1
1998-04,Araucanía,135.6
1998-04,Los Lagos,137.3
1998-04,Aysén,149.7
1998-05,Metropolitana,115.25
1998-05,Tarapacá,148
1998-05,Antofagasta,153.7
1998-05,Atacama,149
1998-05,Coquimbo,139.8
1998-05,Valparaíso,131
1998-05,O'Higgins,135.9
1998-05,Maule,138.6
1998-05,Biobío,129.7
1998-05,Araucanía,135.4
1998-05,Los Lagos,138.2
1998-05,Aysén,149.7
1998-06,Antofagasta,153.7
1998-06,Atacama,149
1998-06,Coquimbo,139.8
1998-06,Valparaíso,129.3
1998-06,O'Higgins,132.2
1998-06,Maule,138
1998-06,Biobío,129.5
1998-06,Araucanía,135.7
1998-06,Los Lagos,138.2
1998-06,Aysén,149.7
1998-07,Metropolitana,115.36
1998-07,Antofagasta,153.7
1998-07,Atacama,149
1998-07,Coquimbo,140.4
1998-07,Valparaíso,129.3
1998-07,O'Higgins,131.1
1998-07,Maule,138.5
1998-07,Biobío,129.4
1998-07,Araucanía,135.6
1998-07,Los Lagos,137.8
1998-07,Aysén,149.7
1998-08,Metropolitana,115.01
1998-08,Tarapacá,148
1998-08,Antofagasta,153.7
1998-08,Atacama,149
1998-08,Coquimbo,140.4
1998-08,Valparaíso,129.3
1998-08,O'Higgins,130.7
1998-08,Maule,138.3
1998-08,Biobío,129.6
1998-08,Araucanía,136.3
1998-08,Los Lagos,138
1998-08,Aysén,149.7
1998-09,Metropolitana,115.47
1998-09,Tarapacá,134.9
1998-09,Antofagasta,153.7
1998-09,Atacama,148.5
1998-09,Coquimbo,140.4
1998-09,Valparaíso,129.3
1998-09,O'Higgins,130.7
1998-09,Maule,138.1
1998-09,Biobío,129.7
1998-09,Araucanía,135.9
1998-09,Los Lagos,138.2
1998-09,Aysén,149.7
1998-10,Metropolitana,115.07
1998-10,Tarapacá,134.9
1998-10,Antofagasta,153.7
1998-10,Atacama,148.5
1998-10,Coquimbo,140.4
1998-10,Valparaíso,129.3
1998-10,O'Higgins,130.2
1998-10,Maule,137.2
1998-10,Biobío,129.6
1998-10,Araucanía,135.9
1998-10,Los Lagos,138.1
1998-10,Aysén,149.7
1998-11,Metropolitana,115.19
1998-11,Tarapacá,134.9
1998-11,Antofagasta,153.7
1998-11,Atacama,147.3
1998-11,Coquimbo,140.4
1998-11,Valparaíso,129.3
1998-11,O'Higgins,130.8
1998-11,Maule,138.3
1998-11,Biobío,129.6
1998-11,Araucanía,136
1998-11,Los Lagos,138.1
1998-11,Aysén,149.7
1998-12,Metropolitana,115.86
1998-12,Tarapacá,134.9
1998-12,Antofagasta,153.7
1998-12,Atacama,149.5
1998-12,Coquimbo,140.4
1998-12,Valparaíso,129.3
1998-12,O'Higgins,132.8
1998-12,Maule,137.2
1998-12,Biobío,129.7
1998-12,Araucanía,136.6
1998-12,Los Lagos,138.1
1998-12,Aysén,149.7
1999-01,Metropolitana,113.87
1999-01,Tarapacá,134
1999-01,Antofagasta,151.3
1999-01,Atacama,148
1999-01,Coquimbo,141.8
1999-01,Valparaíso,129.3
1999-01,O'Higgins,131.3
1999-01,Maule,135.6
1999-01,Biobío,127.8
1999-01,Araucanía,136.9
1999-01,Los Lagos,137.4
1999-01,Aysén,146.7
1999-02,Metropolitana,114.84
1999-02,Tarapacá,134
1999-02,Antofagasta,151.3
1999-02,Atacama,148
1999-02,Coquimbo,139.4
1999-02,Valparaíso,129.3
1999-02,O'Higgins,131.9
1999-02,Maule,134.7
1999-02,Biobío,127.9
1999-02,Araucanía,136.2
1999-02,Los Lagos,138.2
1999-02,Aysén,146.7
1999-03,Metropolitana,114.96
1999-03,Tarapacá,138
1999-03,Antofagasta,153.3
1999-03,Atacama,148.3
1999-03,Coquimbo,144.8
1999-03,Valparaíso,129.2
1999-03,O'Higgins,132.7
1999-03,Maule,135.5
1999-03,Biobío,130
1999-03,Araucanía,138.2
1999-03,Los Lagos,136.7
1999-03,Aysén,149.7
1999-04,Metropolitana,119.52
1999-04,Tarapacá,149
1999-04,Antofagasta,160
1999-04,Atacama,156.4
1999-04,Coquimbo,146.8
1999-04,Valparaíso,137.5
1999-04,O'Higgins,143.8
1999-04,Maule,142
1999-04,Biobío,138.5
1999-04,Araucanía,146.4
1999-04,Los Lagos,145
1999-04,Aysén,159
1999-05,Metropolitana,121.68
1999-05,Tarapacá,149
1999-05,Antofagasta,160.3
1999-05,Atacama,157
1999-05,Coquimbo,146.2
1999-05,Valparaíso,137.4
1999-05,O'Higgins,143.2
1999-05,Maule,143.2
1999-05,Biobío,139.1
1999-05,Araucanía,146.2
1999-05,Los Lagos,144.3
1999-05,Aysén,159
1999-06,Metropolitana,122.46
1999-06,Tarapacá,145
1999-06,Antofagasta,159.6
1999-06,Atacama,158
1999-06,Coquimbo,147.4
1999-06,Valparaíso,139.5
1999-06,O'Higgins,144.9
1999-06,Maule,145.5
1999-06,Biobío,140.4
1999-06,Araucanía,146.9
1999-06,Los Lagos,146.5
1999-06,Aysén,160.3
1999-07,Metropolitana,124.06
1999-07,Tarapacá,150
1999-07,Antofagasta,160.3
1999-07,Atacama,160.9
1999-07,Coquimbo,148.8
1999-07,Valparaíso,142.1
1999-07,O'Higgins,149.4
1999-07,Maule,146.5
1999-07,Biobío,142.6
1999-07,Araucanía,150.1
1999-07,Los Lagos,148.7
1999-07,Aysén,162.3
1999-08,Metropolitana,136.82
1999-08,Tarapacá,158.9
1999-08,Antofagasta,169.5
1999-08,Atacama,170.8
1999-08,Coquimbo,160.4
1999-08,Valparaíso,150.1
1999-08,O'Higgins,153.3
1999-08,Maule,155.4
1999-08,Biobío,151
1999-08,Araucanía,159.4
1999-08,Los Lagos,155.6
1999-08,Aysén,162.3
1999-09,Metropolitana,134.04
1999-09,Tarapacá,158.9
1999-09,Antofagasta,169.5
1999-09,Atacama,170.8
1999-09,Coquimbo,159.1
1999-09,Valparaíso,150.8
1999-09,O'Higgins,152.3
1999-09,Maule,155.7
1999-09,Biobío,150.5
1999-09,Araucanía,159
1999-09,Los Lagos,155.7
1999-09,Aysén,168.7
1999-10,Metropolitana,135.19
1999-10,Tarapacá,158.9
1999-10,Antofagasta,169.5
1999-10,Atacama,170.8
1999-10,Coquimbo,159.6
1999-10,Valparaíso,150.8
1999-10,O'Higgins,151.5
1999-10,Maule,155.7
1999-10,Biobío,150.7
1999-10,Araucanía,159.3
1999-10,Los Lagos,155.7
1999-10,Aysén,168.7
1999-11,Metropolitana,134.52
1999-11,Tarapacá,158.9
1999-11,Antofagasta,169
1999-11,Atacama,170.8
1999-11,Coquimbo,159.6
1999-11,Valparaíso,149.3
1999-11,O'Higgins,151.1
1999-11,Maule,155.7
1999-11,Biobío,150.6
1999-11,Araucanía,159.1
1999-11,Los Lagos,155.6
1999-11,Aysén,169.3
1999-12,Metropolitana,134.96
1999-12,Tarapacá,158.9
1999-12,Antofagasta,170
1999-12,Atacama,170.8
1999-12,Coquimbo,160.7
1999-12,Valparaíso,148.6
1999-12,O'Higgins,150.9
1999-12,Maule,154.4
1999-12,Biobío,150.2
1999-12,Araucanía,159.1
1999-12,Los Lagos,156
1999-12,Aysén,169.3
2000-01,Metropolitana,135.28
2000-01,Tarapacá,159
2000-01,Antofagasta,170
2000-01,Atacama,170.7
2000-01,Coquimbo,160.7
2000-01,Valparaíso,148.9
2000-01,O'Higgins,151.4
2000-01,Maule,154.8
2000-01,Biobío,150.6
2000-01,Araucanía,158.9
2000-01,Los Lagos,153.7
2000-01,Aysén,169.3
2000-02,Metropolitana,136.34
2000-02,Tarapacá,159
2000-02,Antofagasta,170.5
2000-02,Atacama,170.8
2000-02,Coquimbo,160.7
2000-02,Valparaíso,174.6
2000-02,O'Higgins,150.5
2000-02,Maule,155.4
2000-02,Biobío,151
2000-02,Araucanía,159.6
2000-02,Los Lagos,153.9
2000-02,Aysén,169.3
2000-03,Metropolitana,162.7
2000-03,Tarapacá,191.5
2000-03,Antofagasta,204.8
2000-03,Atacama,201.2
2000-03,Coquimbo,191.7
2000-03,Valparaíso,181.2
2000-03,O'Higgins,179.3
2000-03,Maule,181.2
2000-03,Biobío,181.9
2000-03,Araucanía,191.9
2000-03,Los Lagos,185.3
2000-03,Aysén,199.7
2000-04,Metropolitana,170.17
2000-04,Tarapacá,191.5
2000-04,Antofagasta,204.8
2000-04,Atacama,208.7
2000-04,Coquimbo,191.7
2000-04,Valparaíso,188.7
2000-04,O'Higgins,178.2
2000-04,Maule,186.9
2000-04,Biobío,182
2000-04,Araucanía,191.9
2000-04,Los Lagos,186.5
2000-04,Aysén,199.7
2000-05,Metropolitana,171.71
2000-05,Tarapacá,201.5
2000-05,Antofagasta,213.8
2000-05,Atacama,280
2000-05,Coquimbo,198.7
2000-05,Valparaíso,190.6
2000-05,O'Higgins,187.2
2000-05,Maule,192.6
2000-05,Biobío,190.4
2000-05,Araucanía,200.7
2000-05,Los Lagos,153.9
2000-05,Aysén,207.7
2000-06,Metropolitana,171.22
2000-06,Tarapacá,201.5
2000-06,Antofagasta,213.8
2000-06,Atacama,208
2000-06,Coquimbo,198.7
2000-06,Valparaíso,190.1
2000-06,O'Higgins,187.9
2000-06,Maule,192.6
2000-06,Biobío,190.1
2000-06,Araucanía,199.9
2000-06,Los Lagos,194.6
2000-06,Aysén,207.7
2000-07,Metropolitana,178.98
2000-07,Tarapacá,201.5
2000-07,Antofagasta,214.3
2000-07,Atacama,217.7
2000-07,Coquimbo,199
2000-07,Valparaíso,196.9
2000-07,O'Higgins,194.5
2000-07,Maule,200
2000-07,Biobío,186.4
2000-07,Araucanía,199.8
2000-07,Los Lagos,205.9
2000-07,Aysén,215
2000-08,Metropolitana,182.78
2000-08,Tarapacá,210
2000-08,Antofagasta,221.9
2000-08,Atacama,219.1
2000-08,Coquimbo,205.9
2000-08,Valparaíso,204.1
2000-08,O'Higgins,199.7
2000-08,Maule,203.8
2000-08,Biobío,201.5
2000-08,Araucanía,212.4
2000-08,Los Lagos,204.5
2000-08,Aysén,219
2000-09,Metropolitana,196.2
2000-09,Tarapacá,230
2000-09,Antofagasta,247.6
2000-09,Atacama,225
2000-09,Coquimbo,220.9
2000-09,Valparaíso,221.4
2000-09,O'Higgins,216.5
2000-09,Maule,222
2000-09,Biobío,209
2000-09,Araucanía,233.7
2000-09,Los Lagos,225.3
2000-09,Aysén,239
2000-10,Metropolitana,234.39
2000-10,Tarapacá,269.7
2000-10,Antofagasta,280.6
2000-10,Atacama,283.3
2000-10,Coquimbo,256.8
2000-10,Valparaíso,253.6
2000-10,O'Higgins,252.7
2000-10,Maule,256
2000-10,Biobío,254.1
2000-10,Araucanía,271
2000-10,Los Lagos,264.8
2000-10,Aysén,278
2000-11,Metropolitana,241.85
2000-11,Tarapacá,270
2000-11,Antofagasta,286.9
2000-11,Atacama,283.3
2000-11,Coquimbo,264.1
2000-11,Valparaíso,258.5
2000-11,O'Higgins,255.8
2000-11,Maule,262.2
2000-11,Biobío,262.5
2000-11,Araucanía,275.5
2000-11,Los Lagos,267.7
2000-11,Aysén,283
2000-12,Metropolitana,248.34
2000-12,Tarapacá,292.5
2000-12,Antofagasta,286.9
2000-12,Atacama,300.3
2000-12,Coquimbo,285.8
2000-12,Valparaíso,293
2000-12,O'Higgins,274.1
2000-12,Maule,283.2
2000-12,Biobío,278.5
2000-12,Araucanía,291.5
2000-12,Los Lagos,268.9
2000-12,Aysén,301
2001-01,Metropolitana,234.53
2001-01,Tarapacá,259.1
2001-01,Antofagasta,272.3
2001-01,Atacama,280.5
2001-01,Coquimbo,262.7
2001-01,Valparaíso,251.4
2001-01,O'Higgins,238.3
2001-01,Maule,254.9
2001-01,Biobío,243.4
2001-01,Araucanía,253.9
2001-01,Los Lagos,265.7
2001-01,Aysén,252
2001-02,Metropolitana,238.47
2001-02,Tarapacá,269.5
2001-02,Antofagasta,286
2001-02,Atacama,301
2001-02,Coquimbo,264.8
2001-02,Valparaíso,262.8
2001-02,O'Higgins,254.9
2001-02,Maule,265.9
2001-02,Biobío,254.6
2001-02,Araucanía,266.1
2001-02,Los Lagos,259.4
2001-02,Aysén,272
2001-03,Metropolitana,223.71
2001-03,Tarapacá,237
2001-03,Antofagasta,266.5
2001-03,Atacama,290.5
2001-03,Coquimbo,250.6
2001-03,Valparaíso,245.7
2001-03,O'Higgins,239
2001-03,Maule,256
2001-03,Biobío,239.2
2001-03,Araucanía,251.3
2001-03,Los Lagos,236.3
2001-03,Aysén,247
2001-04,Metropolitana,218.34
2001-04,Tarapacá,245.8
2001-04,Antofagasta,260.5
2001-04,Atacama,256
2001-04,Coquimbo,234.8
2001-04,Valparaíso,243.6
2001-04,O'Higgins,231.1
2001-04,Maule,241.3
2001-04,Biobío,235.2
2001-04,Araucanía,247.2
2001-04,Los Lagos,235.7
2001-04,Aysén,256
2001-05,Metropolitana,228.02
2001-05,Tarapacá,265.4
2001-05,Antofagasta,279.3
2001-05,Atacama,301.5
2001-05,Coquimbo,256
2001-05,Valparaíso,256
2001-05,O'Higgins,247.5
2001-05,Maule,257.3
2001-05,Biobío,251.8
2001-05,Araucanía,267.7
2001-05,Los Lagos,262
2001-05,Aysén,274
2001-06,Metropolitana,234.89
2001-06,Tarapacá,268
2001-06,Antofagasta,293
2001-06,Atacama,304
2001-06,Coquimbo,273.6
2001-06,Valparaíso,260.3
2001-06,O'Higgins,247.3
2001-06,Maule,260.4
2001-06,Biobío,258
2001-06,Araucanía,273.1
2001-06,Los Lagos,265.8
2001-06,Aysén,279
2001-07,Metropolitana,228.62
2001-07,Tarapacá,254
2001-07,Antofagasta,274.7
2001-07,Atacama,298.5
2001-07,Coquimbo,265.2
2001-07,Valparaíso,252.2
2001-07,O'Higgins,236.3
2001-07,Maule,251.8
2001-07,Biobío,247.7
2001-07,Araucanía,264.9
2001-07,Los Lagos,261
2001-07,Aysén,268
2001-08,Metropolitana,230.53
2001-08,Tarapacá,254
2001-08,Antofagasta,275.3
2001-08,Atacama,299.5
2001-08,Coquimbo,271
2001-08,Valparaíso,254.1
2001-08,O'Higgins,237.9
2001-08,Maule,253.1
2001-08,Biobío,249.7
2001-08,Araucanía,264.9
2001-08,Los Lagos,271
2001-08,Aysén,270
2001-09,Metropolitana,239.5
2001-09,Tarapacá,254
2001-09,Antofagasta,285
2001-09,Atacama,309
2001-09,Coquimbo,279.2
2001-09,Valparaíso,263.4
2001-09,O'Higgins,248.4
2001-09,Maule,262.5
2001-09,Biobío,259.5
2001-09,Araucanía,274.6
2001-09,Los Lagos,273.8
2001-09,Aysén,279
2001-10,Metropolitana,238.88
2001-10,Tarapacá,268.8
2001-10,Antofagasta,272
2001-10,Atacama,307
2001-10,Coquimbo,282.3
2001-10,Valparaíso,261.7
2001-10,O'Higgins,248.6
2001-10,Maule,260
2001-10,Biobío,255.1
2001-10,Araucanía,270.8
2001-10,Los Lagos,266.4
2001-10,Aysén,268
2001-11,Metropolitana,218.79
2001-11,Tarapacá,245.7
2001-11,Antofagasta,257.3
2001-11,Atacama,282
2001-11,Coquimbo,261
2001-11,Valparaíso,241.1
2001-11,O'Higgins,226.8
2001-11,Maule,235.8
2001-11,Biobío,235.7
2001-11,Araucanía,248.5
2001-11,Los Lagos,246.5
2001-11,Aysén,248
2001-12,Metropolitana,208.66
2001-12,Tarapacá,231.5
2001-12,Antofagasta,240.3
2001-12,Atacama,265
2001-12,Coquimbo,251.4
2001-12,Valparaíso,229.6
2001-12,O'Higgins,210.7
2001-12,Maule,220.8
2001-12,Biobío,225.7
2001-12,Araucanía,234.1
2001-12,Los Lagos,229.9
2001-12,Aysén,237.3
2002-01,Metropolitana,208.43
2002-01,Tarapacá,231.5
2002-01,Antofagasta,240.3
2002-01,Atacama,267.5
2002-01,Coquimbo,260.7
2002-01,Valparaíso,230
2002-01,O'Higgins,208.6
2002-01,Maule,219.6
2002-01,Biobío,219.5
2002-01,Araucanía,234.1
2002-01,Los Lagos,223
2002-01,Aysén,229
2002-02,Metropolitana,205.62
2002-02,Tarapacá,222
2002-02,Antofagasta,242
2002-02,Atacama,267.5
2002-02,Coquimbo,251.4
2002-02,Valparaíso,222.8
2002-02,O'Higgins,208.3
2002-02,Maule,215.3
2002-02,Biobío,217.3
2002-02,Araucanía,230.2
2002-02,Los Lagos,227.1
2002-02,Aysén,222.8
2002-03,Metropolitana,205.76
2002-03,Tarapacá,220
2002-03,Antofagasta,242.3
2002-03,Atacama,269.5
2002-03,Coquimbo,251.4
2002-03,Valparaíso,229.7
2002-03,O'Higgins,208.1
2002-03,Maule,216
2002-03,Biobío,219.5
2002-03,Araucanía,233.4
2002-03,Los Lagos,230.7
2002-03,Aysén,225
2002-04,Metropolitana,212.58
2002-04,Tarapacá,236
2002-04,Antofagasta,257.7
2002-04,Atacama,277
2002-04,Coquimbo,258.3
2002-04,Valparaíso,232.6
2002-04,O'Higgins,217.8
2002-04,Maule,228.8
2002-04,Biobío,229.9
2002-04,Araucanía,249.1
2002-04,Los Lagos,240.8
2002-04,Aysén,238.4
2002-05,Metropolitana,210.57
2002-05,Tarapacá,233.5
2002-05,Antofagasta,249
2002-05,Atacama,269
2002-05,Coquimbo,248.8
2002-05,Valparaíso,236
2002-05,O'Higgins,217.4
2002-05,Maule,229.5
2002-05,Biobío,229.2
2002-05,Araucanía,250
2002-05,Los Lagos,239.3
2002-05,Aysén,238.6
2002-06,Metropolitana,211.53
2002-06,Tarapacá,243.1
2002-06,Antofagasta,256
2002-06,Atacama,282.5
2002-06,Coquimbo,265
2002-06,Valparaíso,244.6
2002-06,O'Higgins,217.8
2002-06,Maule,237.3
2002-06,Biobío,235.7
2002-06,Araucanía,259.1
2002-06,Los Lagos,246.6
2002-06,Aysén,248.6
2002-07,Metropolitana,216.8
2002-07,Tarapacá,254
2002-07,Antofagasta,256.3
2002-07,Atacama,287.5
2002-07,Coquimbo,263.6
2002-07,Valparaíso,244
2002-07,O'Higgins,215.2
2002-07,Maule,239.9
2002-07,Biobío,233.9
2002-07,Araucanía,263.5
2002-07,Los Lagos,253.2
2002-07,Aysén,251.8
2002-08,Metropolitana,232.24
2002-08,Antofagasta,276
2002-08,Atacama,296
2002-08,Coquimbo,277.7
2002-08,Valparaíso,256.9
2002-08,O'Higgins,234.6
2002-08,Maule,256
2002-08,Biobío,252.7
2002-08,Araucanía,275.5
2002-08,Los Lagos,266.3
2002-08,Aysén,269.4
2002-09,Metropolitana,245.91
2002-09,Tarapacá,262
2002-09,Antofagasta,289.3
2002-09,Atacama,310
2002-09,Coquimbo,280.2
2002-09,Valparaíso,271.3
2002-09,O'Higgins,246
2002-09,Maule,269.2
2002-09,Biobío,268.2
2002-09,Araucanía,288.5
2002-09,Los Lagos,280.8
2002-09,Aysén,280.6
2002-10,Metropolitana,266.71
2002-10,Tarapacá,299
2002-10,Antofagasta,313.5
2002-10,Atacama,330.5
2002-10,Coquimbo,296
2002-10,Valparaíso,291.8
2002-10,O'Higgins,269.4
2002-10,Maule,291.8
2002-10,Biobío,288.4
2002-10,Araucanía,307.9
2002-10,Los Lagos,304.3
2002-10,Aysén,304.1
2002-11,Metropolitana,257.9
2002-11,Tarapacá,296
2002-11,Antofagasta,310.7
2002-11,Atacama,327.5
2002-11,Coquimbo,292.8
2002-11,Valparaíso,289
2002-11,O'Higgins,271.1
2002-11,Maule,291.7
2002-11,Biobío,281.4
2002-11,Araucanía,307.6
2002-11,Los Lagos,288.8
2002-11,Aysén,303.5
2002-12,Metropolitana,242.06
2002-12,Tarapacá,275
2002-12,Antofagasta,281.7
2002-12,Atacama,306
2002-12,Coquimbo,283.2
2002-12,Valparaíso,258
2002-12,O'Higgins,239.4
2002-12,Maule,270.4
2002-12,Biobío,254.4
2002-12,Araucanía,276.7
2002-12,Los Lagos,273.3
2002-12,Aysén,273.8
2003-01,Metropolitana,264.4
2003-01,Tarapacá,302
2003-01,Antofagasta,314.3
2003-01,Atacama,347
2003-01,Coquimbo,301.7
2003-01,Valparaíso,288.2
2003-01,O'Higgins,271.7
2003-01,Maule,285.3
2003-01,Biobío,283.1
2003-01,Araucanía,307
2003-01,Los Lagos,299.8
2003-01,Aysén,294.3
2003-02,Metropolitana,279.62
2003-02,Tarapacá,322
2003-02,Antofagasta,331.7
2003-02,Atacama,360
2003-02,Coquimbo,324.8
2003-02,Valparaíso,309.1
2003-02,O'Higgins,289.1
2003-02,Maule,301.8
2003-02,Biobío,303.7
2003-02,Araucanía,329.2
2003-02,Los Lagos,328.8
2003-02,Aysén,324.2
2003-03,Metropolitana,324.4
2003-03,Antofagasta,382
2003-03,Atacama,410
2003-03,Coquimbo,361.7
2003-03,Valparaíso,356.5
2003-03,O'Higgins,329.7
2003-03,Maule,344.3
2003-03,Biobío,351.9
2003-03,Araucanía,374.1
2003-03,Los Lagos,366.3
2003-03,Aysén,367.5
2003-04,Metropolitana,280.29
2003-04,Tarapacá,290.3
2003-04,Antofagasta,332.3
2003-04,Atacama,345
2003-04,Coquimbo,308.2
2003-04,Valparaíso,288.4
2003-04,O'Higgins,277.1
2003-04,Maule,299.4
2003-04,Biobío,297.5
2003-04,Araucanía,316
2003-04,Los Lagos,295.2
2003-04,Aysén,300.5
2003-05,Metropolitana,263.87
2003-05,Tarapacá,275.6
2003-05,Antofagasta,297.7
2003-05,Atacama,333.5
2003-05,Coquimbo,309.8
2003-05,Valparaíso,270
2003-05,O'Higgins,256.4
2003-05,Maule,278.9
2003-05,Biobío,271
2003-05,Araucanía,298.2
2003-05,Los Lagos,282.6
2003-05,Aysén,282.3
2003-06,Metropolitana,259.14
2003-06,Tarapacá,274.6
2003-06,Antofagasta,291
2003-06,Atacama,332.5
2003-06,Coquimbo,300.5
2003-06,Valparaíso,268.8
2003-06,O'Higgins,247.5
2003-06,Maule,271
2003-06,Biobío,267.4
2003-06,Araucanía,292.4
2003-06,Los Lagos,277.6
2003-06,Aysén,282.2
2003-07,Metropolitana,259.3
2003-07,Tarapacá,274.3
2003-07,Antofagasta,292
2003-07,Atacama,333.5
2003-07,Coquimbo,299
2003-07,Valparaíso,273
2003-07,O'Higgins,244.6
2003-07,Maule,265.7
2003-07,Biobío,269.2
2003-07,Araucanía,293.7
2003-07,Los Lagos,277.8
2003-07,Aysén,280.2
2003-08,Metropolitana,268.28
2003-08,Tarapacá,287.1
2003-08,Antofagasta,302
2003-08,Atacama,343
2003-08,Coquimbo,303.8
2003-08,Valparaíso,289.3
2003-08,O'Higgins,256.8
2003-08,Maule,282.7
2003-08,Biobío,280.9
2003-08,Araucanía,310.3
2003-08,Los Lagos,287.1
2003-08,Aysén,299.2
2003-09,Metropolitana,279.08
2003-09,Tarapacá,294
2003-09,Antofagasta,315
2003-09,Atacama,353.5
2003-09,Coquimbo,310.8
2003-09,Valparaíso,297.6
2003-09,O'Higgins,268.2
2003-09,Maule,292
2003-09,Biobío,294.9
2003-09,Araucanía,314.7
2003-09,Los Lagos,299.7
2003-09,Aysén,308.9
2003-10,Metropolitana,250.11
2003-10,Tarapacá,261.6
2003-10,Antofagasta,284
2003-10,Atacama,341
2003-10,Coquimbo,294.7
2003-10,Valparaíso,266.5
2003-10,O'Higgins,236.3
2003-10,Maule,271.3
2003-10,Biobío,265.8
2003-10,Araucanía,283.9
2003-10,Los Lagos,264
2003-10,Aysén,275.5
2003-11,Metropolitana,256.2
2003-11,Tarapacá,270
2003-11,Antofagasta,295
2003-11,Atacama,351
2003-11,Coquimbo,297
2003-11,Valparaíso,276.9
2003-11,O'Higgins,247.3
2003-11,Maule,281
2003-11,Biobío,274.3
2003-11,Araucanía,298.6
2003-11,Los Lagos,273.7
2003-11,Aysén,291.5
2003-12,Metropolitana,261.53
2003-12,Tarapacá,276.5
2003-12,Antofagasta,302.7
2003-12,Atacama,346
2003-12,Coquimbo,301.3
2003-12,Valparaíso,281.2
2003-12,O'Higgins,255.8
2003-12,Maule,278.1
2003-12,Biobío,274.9
2003-12,Araucanía,297.6
2003-12,Los Lagos,281.9
2003-12,Aysén,294.3
2004-01,Metropolitana,256.27
2004-01,Tarapacá,265.1
2004-01,Antofagasta,298
2004-01,Atacama,352.5
2004-01,Coquimbo,295.8
2004-01,Valparaíso,277.8
2004-01,O'Higgins,250
2004-01,Maule,269.8
2004-01,Biobío,271.2
2004-01,Araucanía,290.8
2004-01,Los Lagos,273.9
2004-01,Aysén,292.9
2004-02,Metropolitana,282.69
2004-02,Tarapacá,275.1
2004-02,Antofagasta,314.7
2004-02,Atacama,385
2004-02,Coquimbo,297.5
2004-02,Valparaíso,300
2004-02,O'Higgins,267.7
2004-02,Maule,280.1
2004-02,Biobío,279.7
2004-02,Araucanía,309.5
2004-02,Los Lagos,306.1
2004-02,Aysén,315.5
2004-03,Metropolitana,263.9
2004-03,Tarapacá,277.1
2004-03,Antofagasta,310.7
2004-03,Atacama,385.5
2004-03,Coquimbo,296.5
2004-03,Valparaíso,283.8
2004-03,O'Higgins,266.9
2004-03,Maule,260.8
2004-03,Biobío,274.1
2004-03,Araucanía,302.9
2004-03,Los Lagos,285.6
2004-03,Aysén,302.3
2004-04,Metropolitana,277.06
2004-04,Tarapacá,294
2004-04,Antofagasta,326
2004-04,Atacama,412.5
2004-04,Coquimbo,306.8
2004-04,Valparaíso,298.4
2004-04,O'Higgins,267.5
2004-04,Maule,292.8
2004-04,Biobío,290.8
2004-04,Araucanía,312.9
2004-04,Los Lagos,302.4
2004-04,Aysén,322.4
2004-05,Metropolitana,295.04
2004-05,Tarapacá,305
2004-05,Antofagasta,338
2004-05,Atacama,420
2004-05,Coquimbo,336.2
2004-05,Valparaíso,315.3
2004-05,O'Higgins,284.8
2004-05,Maule,299.5
2004-05,Biobío,311.2
2004-05,Araucanía,325.7
2004-05,Los Lagos,315.4
2004-05,Aysén,332.8
2004-06,Metropolitana,326.13
2004-06,Tarapacá,335
2004-06,Antofagasta,364.7
2004-06,Atacama,441
2004-06,Coquimbo,342.8
2004-06,Valparaíso,350.8
2004-06,O'Higgins,309.3
2004-06,Maule,331.2
2004-06,Biobío,338.8
2004-06,Araucanía,357.1
2004-06,Los Lagos,344.3
2004-06,Aysén,362.1
2004-07,Metropolitana,312.53
2004-07,Antofagasta,351.3
2004-07,Atacama,439
2004-07,Coquimbo,330.2
2004-07,Valparaíso,339.3
2004-07,O'Higgins,281.1
2004-07,Maule,317.2
2004-07,Biobío,324.5
2004-07,Araucanía,342.5
2004-07,Los Lagos,327.3
2004-07,Aysén,341.6
2004-08,Metropolitana,331.31
2004-08,Tarapacá,329
2004-08,Antofagasta,360
2004-08,Atacama,447.5
2004-08,Coquimbo,338.8
2004-08,Valparaíso,351.9
2004-08,O'Higgins,317
2004-08,Maule,331
2004-08,Biobío,336.8
2004-08,Araucanía,360.2
2004-08,Los Lagos,348.3
2004-08,Aysén,353.4
2004-09,Metropolitana,348.12
2004-09,Tarapacá,360
2004-09,Antofagasta,385
2004-09,Atacama,474
2004-09,Coquimbo,336.3
2004-09,Valparaíso,376.3
2004-09,O'Higgins,339.7
2004-09,Maule,356.7
2004-09,Biobío,363.8
2004-09,Araucanía,382.8
2004-09,Los Lagos,366.9
2004-09,Aysén,382.2
2004-10,Metropolitana,367.39
2004-10,Tarapacá,366
2004-10,Antofagasta,386
2004-10,Atacama,487
2004-10,Coquimbo,377.3
2004-10,Valparaíso,382.1
2004-10,O'Higgins,343.2
2004-10,Maule,364.5
2004-10,Biobío,370.8
2004-10,Araucanía,384.8
2004-10,Los Lagos,386.5
2004-10,Aysén,405.3
2004-11,Metropolitana,394.24
2004-11,Tarapacá,407
2004-11,Antofagasta,423
2004-11,Atacama,528.5
2004-11,Coquimbo,393.7
2004-11,Valparaíso,418.4
2004-11,O'Higgins,385.8
2004-11,Maule,398.2
2004-11,Biobío,409.1
2004-11,Araucanía,428.6
2004-11,Los Lagos,414.6
2004-11,Aysén,427.6
2004-12,Metropolitana,353.32
2004-12,Tarapacá,352
2004-12,Antofagasta,370
2004-12,Atacama,502
2004-12,Coquimbo,359.2
2004-12,Valparaíso,369.2
2004-12,O'Higgins,342.9
2004-12,Maule,365.5
2004-12,Biobío,356.8
2004-12,Araucanía,386.3
2004-12,Los Lagos,361.5
2004-12,Aysén,389.6
2005-01,Metropolitana,336.74
2005-01,Tarapacá,331
2005-01,Antofagasta,351
2005-01,Atacama,506.5
2005-01,Coquimbo,339.2
2005-01,Valparaíso,351.3
2005-01,O'Higgins,312.7
2005-01,Maule,358.8
2005-01,Biobío,343.2
2005-01,Araucanía,368.1
2005-01,Los Lagos,336.8
2005-01,Aysén,365.1
2005-02,Metropolitana,360.55
2005-02,Tarapacá,362
2005-02,Antofagasta,384.3
2005-02,Atacama,545.5
2005-02,Coquimbo,348.3
2005-02,Valparaíso,374.3
2005-02,O'Higgins,349.9
2005-02,Maule,373.4
2005-02,Biobío,363.1
2005-02,Araucanía,389.6
2005-02,Los Lagos,370
2005-02,Aysén,387.6
2005-03,Metropolitana,346.69
2005-03,Tarapacá,345
2005-03,Antofagasta,367.3
2005-03,Atacama,540
2005-03,Coquimbo,349
2005-03,Valparaíso,364.4
2005-03,O'Higgins,344.2
2005-03,Maule,360.2
2005-03,Biobío,350.8
2005-03,Araucanía,376.5
2005-03,Los Lagos,352.4
2005-03,Aysén,372.1
2005-04,Metropolitana,396.61
2005-04,Tarapacá,406
2005-04,Antofagasta,428.3
2005-04,Atacama,589
2005-04,Coquimbo,420.3
2005-04,Valparaíso,420.3
2005-04,O'Higgins,388.8
2005-04,Maule,400.2
2005-04,Biobío,409.1
2005-04,Araucanía,423.9
2005-04,Los Lagos,414.6
2005-04,Aysén,426.4
2005-05,Metropolitana,395.42
2005-05,Tarapacá,399
2005-05,Antofagasta,418.7
2005-05,Atacama,587.5
2005-05,Coquimbo,429.5
2005-05,Valparaíso,416.4
2005-05,O'Higgins,384.7
2005-05,Maule,386.6
2005-05,Biobío,396.6
2005-05,Araucanía,417.1
2005-05,Los Lagos,405.3
2005-05,Aysén,424.5
2005-06,Metropolitana,376.23
2005-06,Tarapacá,372
2005-06,Antofagasta,397
2005-06,Atacama,586
2005-06,Coquimbo,400
2005-06,Valparaíso,398.5
2005-06,O'Higgins,356.2
2005-06,Maule,375.6
2005-06,Biobío,377.9
2005-06,Araucanía,392.5
2005-06,Los Lagos,378.1
2005-06,Aysén,402.9
2005-07,Metropolitana,410.67
2005-07,Tarapacá,416
2005-07,Antofagasta,443
2005-07,Atacama,596
2005-07,Coquimbo,422.8
2005-07,Valparaíso,433.9
2005-07,O'Higgins,397.9
2005-07,Maule,415.2
2005-07,Biobío,419.6
2005-07,Araucanía,432.9
2005-07,Los Lagos,421.3
2005-07,Aysén,443.1
2005-08,Metropolitana,395.12
2005-08,Antofagasta,417
2005-08,Atacama,486.5
2005-08,Coquimbo,411.6
2005-08,Valparaíso,422
2005-08,O'Higgins,382.4
2005-08,Maule,409.1
2005-08,Biobío,401.2
2005-08,Araucanía,419.9
2005-08,Los Lagos,397.5
2005-08,Aysén,419.8
2005-09,Metropolitana,426.61
2005-09,Antofagasta,450
2005-09,Atacama,484
2005-09,Coquimbo,429.2
2005-09,Valparaíso,442.6
2005-09,O'Higgins,406.2
2005-09,Maule,425.1
2005-09,Biobío,429
2005-09,Araucanía,446.5
2005-09,Los Lagos,430.5
2005-09,Aysén,448.6
2005-10,Metropolitana,436.05
2005-10,Tarapacá,440
2005-10,Antofagasta,469
2005-10,Atacama,516.5
2005-10,Coquimbo,436.7
2005-10,Valparaíso,454.3
2005-10,O'Higgins,426
2005-10,Maule,434.9
2005-10,Biobío,440.2
2005-10,Araucanía,458.3
2005-10,Los Lagos,450.5
2005-10,Aysén,464.6
2005-11,Metropolitana,437.29
2005-11,Tarapacá,447
2005-11,Antofagasta,469
2005-11,Atacama,523.5
2005-11,Coquimbo,441.3
2005-11,Valparaíso,465.3
2005-11,O'Higgins,425.9
2005-11,Maule,440.8
2005-11,Biobío,446.3
2005-11,Araucanía,459.5
2005-11,Los Lagos,449
2005-11,Aysén,472
2005-12,Metropolitana,397.74
2005-12,Tarapacá,429
2005-12,Antofagasta,405
2005-12,Atacama,479
2005-12,Coquimbo,413.3
2005-12,Valparaíso,424.3
2005-12,O'Higgins,392.3
2005-12,Maule,400.1
2005-12,Biobío,393.7
2005-12,Araucanía,422.5
2005-12,Los Lagos,386
2005-12,Aysén,413.9
2006-01,Metropolitana,402.3
2006-01,Tarapacá,398
2006-01,Antofagasta,415
2006-01,Atacama,515.5
2006-01,Coquimbo,424
2006-01,Valparaíso,422.1
2006-01,O'Higgins,397.8
2006-01,Maule,407.9
2006-01,Biobío,395.7
2006-01,Araucanía,433.2
2006-01,Los Lagos,402.3
2006-01,Aysén,424.5
2006-02,Metropolitana,424.75
2006-02,Tarapacá,412
2006-02,Antofagasta,449
2006-02,Atacama,605
2006-02,Coquimbo,431.8
2006-02,Valparaíso,454.8
2006-02,O'Higgins,417.4
2006-02,Maule,440.4
2006-02,Biobío,426.1
2006-02,Araucanía,457.1
2006-02,Los Lagos,444.8
2006-02,Aysén,453.8
2006-03,Metropolitana,412.92
2006-03,Tarapacá,400
2006-03,Antofagasta,420
2006-03,Atacama,522
2006-03,Coquimbo,414.5
2006-03,Valparaíso,423.8
2006-03,O'Higgins,399.3
2006-03,Maule,428.8
2006-03,Biobío,405.1
2006-03,Araucanía,439.7
2006-03,Los Lagos,372.3
2006-03,Aysén,421.4
2006-04,Metropolitana,432.12
2006-04,Tarapacá,433
2006-04,Antofagasta,445
2006-04,Atacama,545
2006-04,Coquimbo,430.2
2006-04,Valparaíso,453
2006-04,O'Higgins,409.3
2006-04,Maule,437.8
2006-04,Biobío,432.3
2006-04,Araucanía,452.9
2006-04,Los Lagos,443.7
2006-04,Aysén,453.1
2006-05,Metropolitana,443.94
2006-05,Tarapacá,458
2006-05,Antofagasta,466
2006-05,Atacama,545
2006-05,Coquimbo,445.5
2006-05,Valparaíso,454.8
2006-05,O'Higgins,430.3
2006-05,Maule,439.3
2006-05,Biobío,443.6
2006-05,Araucanía,466.7
2006-05,Los Lagos,467
2006-05,Aysén,464.1
2006-06,Metropolitana,448.95
2006-06,Tarapacá,460
2006-06,Antofagasta,471
2006-06,Atacama,546.5
2006-06,Coquimbo,442.2
2006-06,Valparaíso,465.8
2006-06,O'Higgins,435.3
2006-06,Maule,451.4
2006-06,Biobío,449.5
2006-06,Araucanía,470.2
2006-06,Los Lagos,471.8
2006-06,Aysén,462.4
2006-07,Metropolitana,463.89
2006-07,Antofagasta,484
2006-07,Atacama,555
2006-07,Coquimbo,450
2006-07,Valparaíso,477.2
2006-07,O'Higgins,448
2006-07,Maule,465.2
2006-07,Biobío,462.4
2006-07,Araucanía,489.5
2006-07,Los Lagos,485.3
2006-07,Aysén,475.8
2006-08,Metropolitana,470.1
2006-08,Antofagasta,491
2006-08,Atacama,562
2006-08,Coquimbo,469.7
2006-08,Valparaíso,486.9
2006-08,O'Higgins,455.8
2006-08,Maule,467
2006-08,Biobío,468.3
2006-08,Araucanía,492.2
2006-08,Los Lagos,492.3
2006-08,Aysén,484.5
2006-09,Metropolitana,474.54
2006-09,Antofagasta,489
2006-09,Atacama,563.5
2006-09,Coquimbo,471.4
2006-09,Valparaíso,488.4
2006-09,O'Higgins,454.5
2006-09,Maule,474.7
2006-09,Biobío,470.3
2006-09,Araucanía,497.5
2006-09,Los Lagos,490.3
2006-09,Aysén,478.9
2006-10,Metropolitana,447.67
2006-10,Antofagasta,449.5
2006-10,Atacama,524
2006-10,Coquimbo,455.2
2006-10,Valparaíso,462.3
2006-10,O'Higgins,415.2
2006-10,Maule,464.3
2006-10,Biobío,437.7
2006-10,Araucanía,465.4
2006-10,Los Lagos,450.3
2006-10,Aysén,443.8
2006-11,Metropolitana,440.25
2006-11,Antofagasta,432.5
2006-11,Atacama,513
2006-11,Coquimbo,437.8
2006-11,Valparaíso,447.5
2006-11,O'Higgins,406.1
2006-11,Maule,439
2006-11,Biobío,424.5
2006-11,Araucanía,450.9
2006-11,Los Lagos,435.3
2006-11,Aysén,427
2006-12,Metropolitana,442.52
2006-12,Antofagasta,431.5
2006-12,Atacama,512.5
2006-12,Coquimbo,433.7
2006-12,Valparaíso,431.3
2006-12,O'Higgins,406.6
2006-12,Maule,419.4
2006-12,Biobío,417.1
2006-12,Araucanía,444.6
2006-12,Los Lagos,437.3
2006-12,Aysén,422.2
2007-01,Metropolitana,440.3
2007-01,Antofagasta,436
2007-01,Atacama,519
2007-01,Coquimbo,438.8
2007-01,Valparaíso,434.8
2007-01,O'Higgins,404.8
2007-01,Maule,429.3
2007-01,Biobío,417
2007-01,Araucanía,452.1
2007-01,Los Lagos,439.7
2007-01,Aysén,426.8
2007-02,Metropolitana,436.15
2007-02,Antofagasta,428
2007-02,Atacama,515.5
2007-02,Coquimbo,425
2007-02,Valparaíso,426.5
2007-02,O'Higgins,403.8
2007-02,Maule,413.5
2007-02,Biobío,408.4
2007-02,Araucanía,455.4
2007-02,Los Lagos,430
2007-02,Aysén,422.3
2007-03,Metropolitana,436.62
2007-03,Antofagasta,426
2007-03,Atacama,514
2007-03,Coquimbo,439.8
2007-03,Valparaíso,425.5
2007-03,O'Higgins,401.6
2007-03,Maule,410.8
2007-03,Biobío,407.3
2007-03,Araucanía,455.4
2007-03,Los Lagos,427
2007-03,Aysén,422.2
2007-04,Metropolitana,443.55
2007-04,Antofagasta,440
2007-04,Atacama,532.5
2007-04,Coquimbo,455.4
2007-04,Valparaíso,440.2
2007-04,O'Higgins,410
2007-04,Maule,430.8
2007-04,Biobío,421.7
2007-04,Araucanía,463.5
2007-04,Los Lagos,443
2007-04,Aysén,436.9
2007-05,Metropolitana,458.14
2007-05,Antofagasta,461.5
2007-05,Atacama,551
2007-05,Coquimbo,471.8
2007-05,Valparaíso,449.1
2007-05,O'Higgins,428.1
2007-05,Maule,443.2
2007-05,Biobío,439.6
2007-05,Araucanía,495.8
2007-05,Los Lagos,463
2007-05,Aysén,453.2
2007-06,Metropolitana,469.04
2007-06,Antofagasta,488
2007-06,Atacama,567.5
2007-06,Coquimbo,481.4
2007-06,Valparaíso,479.7
2007-06,O'Higgins,450
2007-06,Maule,469.3
2007-06,Biobío,461.7
2007-06,Araucanía,500.7
2007-06,Los Lagos,484.6
2007-06,Aysén,474.6
2007-07,Metropolitana,472.69
2007-07,Antofagasta,490.5
2007-07,Atacama,575.5
2007-07,Coquimbo,485.8
2007-07,Valparaíso,483.5
2007-07,O'Higgins,457.1
2007-07,Maule,478.3
2007-07,Biobío,461
2007-07,Araucanía,512
2007-07,Los Lagos,490
2007-07,Aysén,479.4
2007-08,Metropolitana,474.56
2007-08,Antofagasta,495.5
2007-08,Atacama,580
2007-08,Coquimbo,487.8
2007-08,Valparaíso,483.4
2007-08,O'Higgins,458.9
2007-08,Maule,471.4
2007-08,Biobío,461.9
2007-08,Araucanía,512.2
2007-08,Los Lagos,493.3
2007-08,Aysén,482.1
2007-09,Metropolitana,472.38
2007-09,Antofagasta,482
2007-09,Atacama,576
2007-09,Coquimbo,494.6
2007-09,Valparaíso,480.9
2007-09,O'Higgins,456.1
2007-09,Maule,476.9
2007-09,Biobío,459.7
2007-09,Araucanía,504.1
2007-09,Los Lagos,487.4
2007-09,Aysén,483.1
2007-10,Metropolitana,472.79
2007-10,Antofagasta,488.5
2007-10,Atacama,577.5
2007-10,Coquimbo,492.8
2007-10,Valparaíso,483.9
2007-10,O'Higgins,456.9
2007-10,Maule,476.4
2007-10,Biobío,457.9
2007-10,Araucanía,507.8
2007-10,Los Lagos,487.1
2007-10,Aysén,482.7
2007-11,Metropolitana,471.4
2007-11,Antofagasta,486
2007-11,Atacama,577.5
2007-11,Coquimbo,488.4
2007-11,Valparaíso,479.8
2007-11,O'Higgins,457.3
2007-11,Maule,480.7
2007-11,Biobío,458.5
2007-11,Araucanía,505.9
2007-11,Los Lagos,484.1
2007-11,Aysén,474.4
2007-12,Metropolitana,508.64
2007-12,Antofagasta,551.5
2007-12,Atacama,625
2007-12,Coquimbo,544.4
2007-12,Valparaíso,532
2007-12,O'Higgins,521.3
2007-12,Maule,495.4
2007-12,Biobío,505.9
2007-12,Araucanía,558.8
2007-12,Los Lagos,549.5
2007-12,Aysén,538.7
2008-01,Metropolitana,508.64
2008-01,Antofagasta,542.5
2008-01,Atacama,619
2008-01,Coquimbo,543.8
2008-01,Valparaíso,530.4
2008-01,O'Higgins,520.8
2008-01,Maule,491.5
2008-01,Biobío,500.3
2008-01,Araucanía,561.9
2008-01,Los Lagos,541.7
2008-01,Aysén,534.2
2008-02,Metropolitana,488.13
2008-02,Antofagasta,513
2008-02,Atacama,599
2008-02,Coquimbo,514.8
2008-02,Valparaíso,530.5
2008-02,O'Higgins,515.7
2008-02,Maule,485.2
2008-02,Biobío,480.6
2008-02,Araucanía,545.1
2008-02,Los Lagos,509.3
2008-02,Aysén,502.8
2008-03,Metropolitana,495.25
2008-03,Antofagasta,523
2008-03,Atacama,610.5
2008-03,Coquimbo,513.5
2008-03,Valparaíso,537
2008-03,O'Higgins,521.7
2008-03,Maule,485.3
2008-03,Biobío,480.7
2008-03,Araucanía,548.6
2008-03,Los Lagos,523.3
2008-03,Aysén,520.7
2008-04,Metropolitana,506.29
2008-04,Antofagasta,527.5
2008-04,Atacama,619
2008-04,Coquimbo,519
2008-04,Valparaíso,529.3
2008-04,O'Higgins,503.3
2008-04,Maule,493
2008-04,Biobío,489.7
2008-04,Araucanía,558
2008-04,Los Ríos,539.7
2008-04,Los Lagos,525.7
2008-04,Aysén,529.5
2008-05,Metropolitana,542.27
2008-05,Antofagasta,569
2008-05,Atacama,653.5
2008-05,Coquimbo,581.8
2008-05,Valparaíso,568.7
2008-05,O'Higgins,531.4
2008-05,Maule,534
2008-05,Biobío,532.2
2008-05,Araucanía,601.8
2008-05,Los Ríos,583
2008-05,Los Lagos,565.8
2008-05,Aysén,563.9
2008-06,Metropolitana,605.93
2008-06,Antofagasta,638
2008-06,Atacama,722.5
2008-06,Coquimbo,637.4
2008-06,Valparaíso,631.8
2008-06,O'Higgins,600.4
2008-06,Maule,603.9
2008-06,Biobío,599.1
2008-06,Araucanía,662.2
2008-06,Los Ríos,650.3
2008-06,Los Lagos,634.8
2008-06,Aysén,630.9
2008-07,Metropolitana,603.41
2008-07,Antofagasta,624.5
2008-07,Atacama,708
2008-07,Coquimbo,627.6
2008-07,Valparaíso,618.7
2008-07,O'Higgins,587
2008-07,Maule,592.6
2008-07,Biobío,586.7
2008-07,Araucanía,646.6
2008-07,Los Ríos,635
2008-07,Los Lagos,617.4
2008-07,Aysén,616.1
2008-08,Metropolitana,665.59
2008-08,Antofagasta,688.5
2008-08,Atacama,769.5
2008-08,Coquimbo,677.2
2008-08,Valparaíso,692.3
2008-08,O'Higgins,649.4
2008-08,Maule,659.6
2008-08,Biobío,651.7
2008-08,Araucanía,701.6
2008-08,Los Ríos,704
2008-08,Los Lagos,684.9
2008-08,Aysén,679.7
2008-09,Metropolitana,666.82
2008-09,Antofagasta,681.5
2008-09,Atacama,762.5
2008-09,Coquimbo,689.4
2008-09,Valparaíso,683.3
2008-09,O'Higgins,644.7
2008-09,Maule,665.2
2008-09,Biobío,644.5
2008-09,Araucanía,690.6
2008-09,Los Ríos,691
2008-09,Los Lagos,670.2
2008-09,Aysén,673
2008-10,Metropolitana,698
2008-10,Antofagasta,744
2008-10,Atacama,825
2008-10,Coquimbo,740.4
2008-10,Valparaíso,707.6
2008-10,O'Higgins,696.6
2008-10,Maule,708.3
2008-10,Biobío,698.4
2008-10,Araucanía,761.5
2008-10,Los Ríos,740.3
2008-10,Los Lagos,687
2008-10,Aysén,733.4
2008-11,Metropolitana,696.94
2008-11,Antofagasta,708.5
2008-11,Atacama,790
2008-11,Coquimbo,720
2008-11,Valparaíso,676
2008-11,O'Higgins,679.3
2008-11,Maule,698.6
2008-11,Biobío,678.7
2008-11,Araucanía,720.9
2008-11,Los Ríos,728.7
2008-11,Los Lagos,700.4
2008-11,Aysén,692.5
2008-12,Metropolitana,644.77
2008-12,Antofagasta,621
2008-12,Atacama,694
2008-12,Coquimbo,670.8
2008-12,Valparaíso,584.8
2008-12,O'Higgins,607.8
2008-12,Maule,658
2008-12,Biobío,600.5
2008-12,Araucanía,636.8
2008-12,Los Ríos,665.7
2008-12,Los Lagos,625
2008-12,Aysén,600.2
2009-01,Metropolitana,546.93
2009-01,Tarapacá,424
2009-01,Antofagasta,470
2009-01,Atacama,537.5
2009-01,Coquimbo,559
2009-01,Valparaíso,439.5
2009-01,O'Higgins,506.8
2009-01,Maule,580.5
2009-01,Biobío,460.6
2009-01,Araucanía,515.6
2009-01,Los Ríos,466.5
2009-01,Los Lagos,471.6
2009-01,Aysén,417.3
2009-02,Metropolitana,527.63
2009-02,Atacama,535
2009-02,Coquimbo,534.4
2009-02,Valparaíso,439.7
2009-02,O'Higgins,0
2009-02,Maule,575.5
2009-02,Biobío,457.3
2009-02,Araucanía,502.2
2009-02,Los Ríos,0
2009-02,Los Lagos,464.3
2009-02,Aysén,434.4
2009-03,Metropolitana,492.87
2009-03,Atacama,504.5
2009-03,Coquimbo,528.2
2009-03,Valparaíso,400.9
2009-03,O'Higgins,525.6
2009-03,Maule,506.7
2009-03,Biobío,375.6
2009-03,Araucanía,469.7
2009-03,Los Ríos,465
2009-03,Los Lagos,415.2
2009-03,Aysén,395.8
2009-04,Metropolitana,477.92
2009-04,Atacama,495.5
2009-04,Coquimbo,505.4
2009-04,Valparaíso,361.6
2009-04,O'Higgins,492.1
2009-04,Maule,430.3
2009-04,Biobío,343.3
2009-04,Araucanía,475.4
2009-04,Los Ríos,431
2009-04,Los Lagos,389.2
2009-04,Aysén,359
2009-05,Metropolitana,466.31
2009-05,Atacama,525.5
2009-05,Coquimbo,466.6
2009-05,Valparaíso,391.2
2009-05,O'Higgins,463.6
2009-05,Maule,428.6
2009-05,Biobío,376.6
2009-05,Araucanía,424.8
2009-05,Los Ríos,431
2009-05,Los Lagos,424
2009-05,Aysén,400.3
2009-05,Magallanes,217.4
2009-06,Metropolitana,417.75
2009-06,Atacama,529.5
2009-06,Coquimbo,452
2009-06,Valparaíso,390.8
2009-06,O'Higgins,380.1
2009-06,Maule,388.4
2009-06,Biobío,377.6
2009-06,Araucanía,431.3
2009-06,Los Ríos,444.4
2009-06,Los Lagos,425.5
2009-06,Aysén,399.8
2009-06,Magallanes,220
2009-07,Metropolitana,408.05
2009-07,Atacama,537
2009-07,Coquimbo,448.8
2009-07,Valparaíso,390.9
2009-07,O'Higgins,379.8
2009-07,Maule,384.7
2009-07,Biobío,383.3
2009-07,Araucanía,430
2009-07,Los Ríos,430.5
2009-07,Los Lagos,422.4
2009-07,Aysén,388.5
2009-08,Metropolitana,420.1
2009-08,Atacama,561
2009-08,Coquimbo,456.6
2009-08,Valparaíso,413.9
2009-08,O'Higgins,397.8
2009-08,Maule,405.9
2009-08,Biobío,399.6
2009-08,Araucanía,441.9
2009-08,Los Ríos,444.5
2009-08,Los Lagos,413.8
2009-08,Aysén,414.8
2009-09,Metropolitana,446.61
2009-09,Atacama,590.5
2009-09,Coquimbo,476.2
2009-09,Valparaíso,444.3
2009-09,O'Higgins,428.5
2009-09,Maule,427.2
2009-09,Biobío,425
2009-09,Araucanía,466.3
2009-09,Los Ríos,479.8
2009-09,Los Lagos,451.8
2009-09,Aysén,447.5
2009-10,Metropolitana,442.74
2009-10,Atacama,582.5
2009-10,Coquimbo,463
2009-10,Valparaíso,430.3
2009-10,O'Higgins,419.9
2009-10,Maule,422.4
2009-10,Biobío,418.5
2009-10,Araucanía,449.6
2009-10,Los Ríos,477.4
2009-10,Los Lagos,442
2009-10,Aysén,440.2
2009-11,Metropolitana,451.16
2009-11,Atacama,599
2009-11,Coquimbo,479.2
2009-11,Valparaíso,456.7
2009-11,O'Higgins,435.1
2009-11,Maule,426.3
2009-11,Biobío,433.1
2009-11,Araucanía,458.6
2009-11,Los Ríos,480.3
2009-11,Los Lagos,459.2
2009-11,Aysén,454.6
2009-12,Metropolitana,441.93
2009-12,Atacama,597.5
2009-12,Coquimbo,472
2009-12,Valparaíso,441.2
2009-12,O'Higgins,427.1
2009-12,Maule,419
2009-12,Biobío,425.1
2009-12,Araucanía,452.2
2009-12,Los Ríos,477.8
2009-12,Los Lagos,446.8
2009-12,Aysén,444.5
2010-01,Metropolitana,448.39
2010-01,Atacama,603.5
2010-01,Coquimbo,470.2
2010-01,Valparaíso,444.2
2010-01,O'Higgins,430.6
2010-01,Maule,421.4
2010-01,Biobío,431.4
2010-01,Araucanía,458.7
2010-01,Los Ríos,479.5
2010-01,Los Lagos,451.5
2010-01,Aysén,437.4
2010-02,Metropolitana,470.21
2010-02,Atacama,631.5
2010-02,Coquimbo,487.2
2010-02,Valparaíso,472.6
2010-02,O'Higgins,456.8
2010-02,Maule,449.4
2010-02,Biobío,456.1
2010-02,Araucanía,482.3
2010-02,Los Ríos,507.1
2010-02,Los Lagos,477
2010-02,Aysén,479.7
2010-03,Metropolitana,467.3
2010-03,Atacama,621.5
2010-03,Coquimbo,477
2010-03,Valparaíso,462.1
2010-03,O'Higgins,447.8
2010-03,Los Ríos,499
2010-03,Los Lagos,468.2
2010-03,Aysén,468.6
2010-04,Metropolitana,492.9
2010-04,Atacama,650
2010-04,Coquimbo,504.4
2010-04,Valparaíso,487.6
2010-04,O'Higgins,479.3
2010-04,Maule,471.7
2010-04,Biobío,473.3
2010-04,Araucanía,503.7
2010-04,Los Ríos,528
2010-04,Los Lagos,500.6
2010-04,Aysén,500.2
2010-05,Metropolitana,508.58
2010-05,Atacama,661.5
2010-05,Coquimbo,515.3
2010-05,Valparaíso,504.6
2010-05,O'Higgins,494.2
2010-05,Maule,484.8
2010-05,Biobío,489.8
2010-05,Araucanía,517.6
2010-05,Los Ríos,539
2010-05,Los Lagos,512.6
2010-05,Aysén,509
2010-06,Metropolitana,512.26
2010-06,Atacama,664.5
2010-06,Coquimbo,524.5
2010-06,Valparaíso,507.6
2010-06,O'Higgins,495.5
2010-06,Maule,489.8
2010-06,Biobío,489.3
2010-06,Araucanía,523.2
2010-06,Los Ríos,542.5
2010-06,Los Lagos,514.3
2010-06,Aysén,511.6
2010-07,Metropolitana,492.45
2010-07,Atacama,641.5
2010-07,Coquimbo,514
2010-07,Valparaíso,482.2
2010-07,O'Higgins,476.6
2010-07,Maule,468.4
2010-07,Biobío,468
2010-07,Araucanía,510.1
2010-07,Los Ríos,510
2010-07,Los Lagos,490.7
2010-07,Aysén,498
2010-08,Metropolitana,482.37
2010-08,Atacama,628
2010-08,Coquimbo,503
2010-08,Valparaíso,467.8
2010-08,O'Higgins,462.7
2010-08,Maule,463.5
2010-08,Biobío,461.9
2010-08,Araucanía,497.4
2010-08,Los Ríos,511
2010-08,Los Lagos,479.2
2010-08,Aysén,485.2
2010-09,Metropolitana,485.76
2010-09,Atacama,633
2010-09,Coquimbo,497.8
2010-09,Valparaíso,470.8
2010-09,O'Higgins,460
2010-09,Maule,462.4
2010-09,Biobío,461.1
2010-09,Araucanía,489.6
2010-09,Los Ríos,513.8
2010-09,Los Lagos,472.6
2010-09,Aysén,485.6
2010-10,Metropolitana,470.7
2010-10,Atacama,616.5
2010-10,Coquimbo,495.5
2010-10,Valparaíso,459.3
2010-10,O'Higgins,454.2
2010-10,Maule,441.6
2010-10,Biobío,455.5
2010-10,Araucanía,487.4
2010-10,Los Ríos,501.7
2010-10,Los Lagos,468.2
2010-10,Aysén,474
2010-11,Metropolitana,488.1
2010-11,Atacama,667.5
2010-11,Coquimbo,513.5
2010-11,Valparaíso,480.9
2010-11,O'Higgins,480.5
2010-11,Maule,469.4
2010-11,Biobío,476.5
2010-11,Araucanía,509.5
2010-11,Los Ríos,524.5
2010-11,Los Lagos,494.2
2010-11,Aysén,500
2010-12,Metropolitana,490.9
2010-12,Atacama,674.5
2010-12,Coquimbo,518.8
2010-12,Valparaíso,492.6
2010-12,O'Higgins,486
2010-12,Maule,472.4
2010-12,Biobío,483
2010-12,Araucanía,514.6
2010-12,Los Ríos,525
2010-12,Los Lagos,501.8
2010-12,Aysén,506.8
2011-01,Metropolitana,493.9
2011-01,Atacama,684
2011-01,Coquimbo,522.8
2011-01,Valparaíso,499.9
2011-01,O'Higgins,495.6
2011-01,Maule,483.8
2011-01,Biobío,494.3
2011-01,Araucanía,523.4
2011-01,Los Ríos,541.7
2011-01,Los Lagos,510.6
2011-01,Aysén,516.2
2011-02,Metropolitana,556.8
2011-02,Atacama,668
2011-02,Coquimbo,589
2011-02,Valparaíso,564.7
2011-02,O'Higgins,550.7
2011-02,Maule,538.3
2011-02,Biobío,548.3
2011-02,Araucanía,582.8
2011-02,Los Ríos,605.7
2011-02,Los Lagos,575.6
2011-02,Aysén,580
2011-03,Metropolitana,552.3
2011-03,Atacama,659
2011-03,Coquimbo,591.8
2011-03,Valparaíso,560.7
2011-03,O'Higgins,545.5
2011-03,Maule,533.8
2011-03,Biobío,552.5
2011-03,Araucanía,577.7
2011-03,Los Ríos,606.5
2011-03,Los Lagos,569.4
2011-03,Aysén,573.6
2011-04,Metropolitana,580.4
2011-04,Atacama,692
2011-04,Coquimbo,627.5
2011-04,Valparaíso,590.9
2011-04,O'Higgins,580.1
2011-04,Maule,557
2011-04,Biobío,590.1
2011-04,Araucanía,614.9
2011-04,Los Ríos,627.5
2011-04,Los Lagos,603.5
2011-04,Aysén,605.4
2011-05,Metropolitana,585.6
2011-05,Antofagasta,593.5
2011-05,Atacama,740
2011-05,Coquimbo,624.8
2011-05,Valparaíso,590
2011-05,O'Higgins,583.4
2011-05,Maule,575.9
2011-05,Biobío,583
2011-05,Araucanía,614.5
2011-05,Los Ríos,661.4
2011-05,Los Lagos,601.6
2011-05,Aysén,605.2
2011-06,Metropolitana,598.6
2011-06,Coquimbo,631
2011-06,Valparaíso,594.3
2011-06,O'Higgins,594.2
2011-06,Maule,590.9
2011-06,Biobío,588.5
2011-06,Araucanía,614.8
2011-06,Los Ríos,637.5
2011-06,Los Lagos,608.8
2011-06,Aysén,614.2
2011-07,Metropolitana,600.6
2011-07,Coquimbo,625
2011-07,Valparaíso,582.6
2011-07,O'Higgins,589.3
2011-07,Maule,584.1
2011-07,Biobío,586.5
2011-07,Araucanía,608.1
2011-07,Los Ríos,631.5
2011-07,Los Lagos,599.7
2011-07,Aysén,613.8
2011-08,Metropolitana,612.4
2011-08,Antofagasta,615.7
2011-08,Coquimbo,647
2011-08,Valparaíso,605.3
2011-08,O'Higgins,602.5
2011-08,Maule,599
2011-08,Biobío,598.1
2011-08,Araucanía,618.9
2011-08,Los Ríos,647.3
2011-08,Los Lagos,615
2011-08,Aysén,624.4
2011-09,Metropolitana,600.7
2011-09,Coquimbo,632
2011-09,Valparaíso,589.5
2011-09,O'Higgins,591
2011-09,Maule,587.5
2011-09,Biobío,585.4
2011-09,Araucanía,609.9
2011-09,Los Ríos,628
2011-09,Los Lagos,601.5
2011-09,Aysén,612.2
2011-10,Metropolitana,613.9
2011-10,Antofagasta,618.7
2011-10,Coquimbo,648
2011-10,Valparaíso,608.7
2011-10,O'Higgins,605.8
2011-10,Maule,598.1
2011-10,Biobío,599.3
2011-10,Araucanía,627.7
2011-10,Los Ríos,639.6
2011-10,Los Lagos,618
2011-10,Aysén,624.4
2011-11,Metropolitana,613.7
2011-11,Antofagasta,613.8
2011-11,Coquimbo,648.5
2011-11,Valparaíso,609.2
2011-11,O'Higgins,603.7
2011-11,Maule,600.6
2011-11,Biobío,601.4
2011-11,Araucanía,625.6
2011-11,Los Ríos,639.7
2011-11,Los Lagos,616.8
2011-11,Aysén,623
2011-12,Metropolitana,620
2011-12,Antofagasta,634.3
2011-12,Coquimbo,667.5
2011-12,Valparaíso,631.1
2011-12,O'Higgins,624.5
2011-12,Maule,609.3
2011-12,Biobío,618.1
2011-12,Araucanía,643.8
2011-12,Los Ríos,660.8
2011-12,Los Lagos,634.8
2011-12,Aysén,642
2012-01,Metropolitana,619.2
2012-01,Antofagasta,627.7
2012-01,Coquimbo,657.8
2012-01,Valparaíso,624.3
2012-01,O'Higgins,620.5
2012-01,Maule,612.3
2012-01,Biobío,615.1
2012-01,Araucanía,639.3
2012-01,Los Ríos,652.2
2012-01,Los Lagos,626.4
2012-01,Aysén,636.2
2012-02,Metropolitana,618.6
2012-02,Coquimbo,651.3
2012-02,Valparaíso,612.6
2012-02,O'Higgins,620.5
2012-02,Maule,611.6
2012-02,Biobío,616.3
2012-02,Araucanía,642.3
2012-02,Los Ríos,653.4
2012-02,Los Lagos,621.4
2012-02,Aysén,638.6
2012-03,Metropolitana,615.5
2012-03,Antofagasta,606
2012-03,Coquimbo,643.3
2012-03,Valparaíso,612.2
2012-03,O'Higgins,603.9
2012-03,Maule,602.8
2012-03,Biobío,611
2012-03,Araucanía,629.5
2012-03,Los Ríos,643.6
2012-03,Los Lagos,607
2012-03,Aysén,638.6
2012-04,Metropolitana,618.8
2012-04,Antofagasta,620.5
2012-04,Coquimbo,656.3
2012-04,Valparaíso,614.5
2012-04,O'Higgins,622.7
2012-04,Maule,604
2012-04,Biobío,609
2012-04,Araucanía,638.8
2012-04,Los Ríos,652.7
2012-04,Los Lagos,623.8
2012-04,Aysén,643
2012-05,Metropolitana,620.2
2012-05,Antofagasta,631
2012-05,Coquimbo,649
2012-05,Valparaíso,612.3
2012-05,O'Higgins,624.1
2012-05,Maule,602
2012-05,Biobío,614.1
2012-05,Araucanía,630.9
2012-05,Los Ríos,657.7
2012-05,Los Lagos,629.5
2012-05,Aysén,644.4
2012-06,Metropolitana,621.2
2012-06,Antofagasta,631.3
2012-06,Coquimbo,654.8
2012-06,Valparaíso,610.5
2012-06,O'Higgins,610
2012-06,Maule,602.8
2012-06,Biobío,613.1
2012-06,Araucanía,634.6
2012-06,Los Ríos,663.1
2012-06,Los Lagos,632.3
2012-06,Aysén,646.4
2012-07,Metropolitana,584.8
2012-07,Antofagasta,587
2012-07,Coquimbo,603.3
2012-07,Valparaíso,575.9
2012-07,O'Higgins,562.4
2012-07,Maule,560.8
2012-07,Biobío,574
2012-07,Araucanía,595
2012-07,Los Ríos,633.7
2012-07,Los Lagos,592.2
2012-07,Aysén,603.4
2012-08,Metropolitana,593
2012-08,Antofagasta,581
2012-08,Coquimbo,601
2012-08,Valparaíso,584.7
2012-08,O'Higgins,574.5
2012-08,Maule,569.5
2012-08,Biobío,583
2012-08,Araucanía,600.7
2012-08,Los Ríos,638
2012-08,Los Lagos,584
2012-08,Aysén,615.2
2012-09,Metropolitana,601.6
2012-09,Antofagasta,603
2012-09,Coquimbo,605.5
2012-09,Valparaíso,595.6
2012-09,O'Higgins,589.1
2012-09,Maule,579
2012-09,Biobío,595.9
2012-09,Araucanía,613.1
2012-09,Los Ríos,641
2012-09,Los Lagos,607.4
2012-09,Aysén,628.4
2012-10,Metropolitana,603
2012-10,Antofagasta,608
2012-10,Coquimbo,617
2012-10,Valparaíso,591.4
2012-10,O'Higgins,590.4
2012-10,Maule,581.7
2012-10,Biobío,598
2012-10,Araucanía,606.6
2012-10,Los Ríos,632.3
2012-10,Los Lagos,620.2
2012-10,Aysén,628.8
2012-11,Metropolitana,610.3
2012-11,Antofagasta,625
2012-11,Coquimbo,638.8
2012-11,Valparaíso,612.5
2012-11,O'Higgins,605.1
2012-11,Maule,591
2012-11,Biobío,608.7
2012-11,Araucanía,625.5
2012-11,Los Ríos,648.5
2012-11,Los Lagos,635
2012-11,Aysén,640
2012-12,Metropolitana,606
2012-12,Antofagasta,609.3
2012-12,Coquimbo,628.5
2012-12,Valparaíso,602.6
2012-12,O'Higgins,595.7
2012-12,Maule,584.1
2012-12,Biobío,603.1
2012-12,Araucanía,613.7
2012-12,Los Ríos,654.3
2012-12,Los Lagos,627.8
2012-12,Aysén,632.8
2013-01,Metropolitana,623.21
2013-01,Tarapacá,588
2013-01,Antofagasta,612.67
2013-01,Atacama,620
2013-01,Coquimbo,628
2013-01,Valparaíso,626.83
2013-01,O'Higgins,621.53
2013-01,Maule,608.75
2013-01,Biobío,620.53
2013-01,Araucanía,627.25
2013-01,Los Ríos,658.5
2013-01,Los Lagos,632.5
2013-01,Aysén,655.5
2013-02,Metropolitana,627.4
2013-02,Arica y Parinacota,635
2013-02,Tarapacá,605
2013-02,Antofagasta,631.67
2013-02,Atacama,639
2013-02,Coquimbo,647
2013-02,Valparaíso,644.58
2013-02,O'Higgins,634.33
2013-02,Maule,615.22
2013-02,Biobío,638.82
2013-02,Araucanía,648.28
2013-02,Los Ríos,670.8
2013-02,Los Lagos,643.8
2013-02,Aysén,673.4
2013-03,Metropolitana,649.79
2013-03,Arica y Parinacota,661
2013-03,Tarapacá,625
2013-03,Antofagasta,652.67
2013-03,Atacama,659
2013-03,Coquimbo,657.5
2013-03,Valparaíso,663.08
2013-03,O'Higgins,652.56
2013-03,Maule,630.78
2013-03,Biobío,655.76
2013-03,Araucanía,664.78
2013-03,Los Ríos,677.5
2013-03,Los Lagos,650.2
2013-03,Aysén,695.6
2013-04,Metropolitana,619.91
2013-04,Arica y Parinacota,627
2013-04,Tarapacá,597
2013-04,Antofagasta,612.67
2013-04,Atacama,630
2013-04,Coquimbo,635.25
2013-04,Valparaíso,606.75
2013-04,O'Higgins,613.83
2013-04,Maule,598.33
2013-04,Biobío,613.7
2013-04,Araucanía,622.89
2013-04,Los Ríos,658
2013-04,Los Lagos,625.6
2013-04,Aysén,661.2
2013-05,Metropolitana,597.47
2013-05,Arica y Parinacota,590
2013-05,Tarapacá,560
2013-05,Antofagasta,576
2013-05,Atacama,716
2013-05,Coquimbo,616.5
2013-05,Valparaíso,576.64
2013-05,O'Higgins,575.79
2013-05,Maule,575.08
2013-05,Biobío,583.09
2013-05,Araucanía,588.74
2013-05,Los Ríos,618.5
2013-05,Los Lagos,598.33
2013-05,Aysén,639.5
2013-06,Metropolitana,595.6
2013-06,Arica y Parinacota,605
2013-06,Tarapacá,575
2013-06,Antofagasta,591
2013-06,Atacama,723.5
2013-06,Coquimbo,627.25
2013-06,Valparaíso,589.33
2013-06,O'Higgins,588.63
2013-06,Maule,587.17
2013-06,Biobío,594.65
2013-06,Araucanía,592.28
2013-06,Los Ríos,636.13
2013-06,Los Lagos,600.17
2013-06,Aysén,646.75
2013-07,Metropolitana,611.57
2013-07,Arica y Parinacota,625
2013-07,Tarapacá,595
2013-07,Antofagasta,610.67
2013-07,Atacama,737
2013-07,Coquimbo,647.75
2013-07,Valparaíso,606.45
2013-07,O'Higgins,606.42
2013-07,Maule,604.92
2013-07,Biobío,612.29
2013-07,Araucanía,612.61
2013-07,Los Ríos,652.88
2013-07,Los Lagos,617.5
2013-07,Aysén,662.25
2013-08,Metropolitana,632.02
2013-08,Arica y Parinacota,647
2013-08,Tarapacá,617
2013-08,Antofagasta,633
2013-08,Atacama,681.5
2013-08,Coquimbo,676
2013-08,Valparaíso,627.45
2013-08,O'Higgins,628.05
2013-08,Maule,630
2013-08,Biobío,635.88
2013-08,Araucanía,633
2013-08,Los Ríos,674.5
2013-08,Los Lagos,638.33
2013-08,Aysén,680.5
2013-09,Metropolitana,650.35
2013-09,Arica y Parinacota,667
2013-09,Tarapacá,637
2013-09,Antofagasta,653
2013-09,Atacama,700
2013-09,Coquimbo,695.75
2013-09,Valparaíso,646.64
2013-09,O'Higgins,647.79
2013-09,Maule,650.92
2013-09,Biobío,655.54
2013-09,Araucanía,652.64
2013-09,Los Ríos,693.13
2013-09,Los Lagos,661.33
2013-09,Aysén,695.5
2013-10,Metropolitana,633
2013-10,Arica y Parinacota,640
2013-10,Tarapacá,610
2013-10,Antofagasta,626.33
2013-10,Atacama,690.5
2013-10,Coquimbo,665.5
2013-10,Valparaíso,623.82
2013-10,O'Higgins,626
2013-10,Maule,629.57
2013-10,Biobío,631.36
2013-10,Araucanía,632.63
2013-10,Los Ríos,673.57
2013-10,Los Lagos,639
2013-10,Aysén,676
2013-11,Metropolitana,624
2013-11,Arica y Parinacota,644
2013-11,Tarapacá,614
2013-11,Antofagasta,630
2013-11,Atacama,687
2013-11,Coquimbo,664
2013-11,Valparaíso,625.64
2013-11,O'Higgins,629.59
2013-11,Maule,631.43
2013-11,Biobío,634.12
2013-11,Araucanía,632.71
2013-11,Los Ríos,675
2013-11,Los Lagos,642.5
2013-11,Aysén,678
2013-12,Metropolitana,643
2013-12,Arica y Parinacota,658
2013-12,Tarapacá,630
2013-12,Antofagasta,644
2013-12,Atacama,702.5
2013-12,Coquimbo,678
2013-12,Valparaíso,642.2
2013-12,O'Higgins,639
2013-12,Maule,643.63
2013-12,Biobío,646.28
2013-12,Araucanía,643.78
2013-12,Los Ríos,682.17
2013-12,Los Lagos,653.2
2013-12,Aysén,687
2014-01,Metropolitana,679
2014-01,Arica y Parinacota,705
2014-01,Tarapacá,677
2014-01,Antofagasta,691
2014-01,Atacama,743
2014-01,Coquimbo,725.75
2014-01,Valparaíso,682.1
2014-01,O'Higgins,681.59
2014-01,Maule,692.5
2014-01,Biobío,688.64
2014-01,Araucanía,684.38
2014-01,Los Ríos,716.5
2014-01,Los Lagos,686.8
2014-01,Aysén,721.5
2014-02,Metropolitana,694.32
2014-02,Arica y Parinacota,732
2014-02,Tarapacá,703
2014-02,Antofagasta,717
2014-02,Atacama,752
2014-02,Coquimbo,743.25
2014-02,Valparaíso,710.1
2014-02,O'Higgins,701.76
2014-02,Maule,713.13
2014-02,Biobío,709.13
2014-02,Araucanía,707.67
2014-02,Los Ríos,745.67
2014-02,Los Lagos,712.6
2014-02,Aysén,742.5
2014-03,Metropolitana,728.6
2014-03,Arica y Parinacota,765
2014-03,Tarapacá,736
2014-03,Antofagasta,750.67
2014-03,Atacama,805
2014-03,Coquimbo,764
2014-03,Valparaíso,749.3
2014-03,O'Higgins,736.81
2014-03,Maule,756.57
2014-03,Biobío,742.46
2014-03,Araucanía,739.33
2014-03,Los Ríos,781.33
2014-03,Los Lagos,739.4
2014-03,Aysén,788.33
2014-04,Metropolitana,692
2014-04,Arica y Parinacota,729
2014-04,Tarapacá,700
2014-04,Antofagasta,715
2014-04,Atacama,770
2014-04,Coquimbo,754.75
2014-04,Valparaíso,700.5
2014-04,O'Higgins,701.1
2014-04,Maule,690.14
2014-04,Biobío,689.5
2014-04,Araucanía,711.04
2014-04,Los Ríos,754.88
2014-04,Los Lagos,717.5
2014-04,Aysén,726.8
2014-05,Metropolitana,725.01
2014-05,Arica y Parinacota,766
2014-05,Tarapacá,736
2014-05,Antofagasta,751.33
2014-05,Atacama,779.5
2014-05,Coquimbo,791
2014-05,Valparaíso,739.67
2014-05,O'Higgins,730.52
2014-05,Maule,731.93
2014-05,Biobío,719.88
2014-05,Araucanía,740.24
2014-05,Los Ríos,778.25
2014-05,Los Lagos,758.17
2014-05,Aysén,747.6
2014-06,Metropolitana,713.95
2014-06,Arica y Parinacota,740
2014-06,Tarapacá,710
2014-06,Antofagasta,725.33
2014-06,Atacama,762.5
2014-06,Coquimbo,765.25
2014-06,Valparaíso,715.83
2014-06,O'Higgins,709.57
2014-06,Maule,730.43
2014-06,Biobío,706.38
2014-06,Araucanía,722.68
2014-06,Los Ríos,764.75
2014-06,Los Lagos,737.5
2014-06,Aysén,732.8
2014-07,Metropolitana,719.67
2014-07,Arica y Parinacota,756
2014-07,Tarapacá,725
2014-07,Antofagasta,740.33
2014-07,Atacama,763.5
2014-07,Coquimbo,782.25
2014-07,Valparaíso,728.83
2014-07,O'Higgins,722.1
2014-07,Maule,747.86
2014-07,Biobío,719
2014-07,Araucanía,736.6
2014-07,Los Ríos,774.63
2014-07,Los Lagos,748.83
2014-07,Aysén,765.8
2014-08,Metropolitana,704
2014-08,Arica y Parinacota,733
2014-08,Tarapacá,702
2014-08,Antofagasta,717.33
2014-08,Atacama,740.5
2014-08,Coquimbo,759
2014-08,Valparaíso,708.83
2014-08,O'Higgins,705
2014-08,Maule,732.57
2014-08,Biobío,698.58
2014-08,Araucanía,717.68
2014-08,Los Ríos,760.38
2014-08,Los Lagos,730.17
2014-08,Aysén,756
2014-09,Metropolitana,712.93
2014-09,Arica y Parinacota,744
2014-09,Tarapacá,713
2014-09,Antofagasta,728.33
2014-09,Atacama,751
2014-09,Coquimbo,771.5
2014-09,Valparaíso,716.83
2014-09,O'Higgins,713.38
2014-09,Maule,743.07
2014-09,Biobío,706.58
2014-09,Araucanía,724.84
2014-09,Los Ríos,770.5
2014-09,Los Lagos,740
2014-09,Aysén,776.8
2014-10,Metropolitana,714.72
2014-10,Arica y Parinacota,746
2014-10,Tarapacá,715
2014-10,Antofagasta,730.33
2014-10,Atacama,751.5
2014-10,Coquimbo,770
2014-10,Valparaíso,719.17
2014-10,O'Higgins,714.9
2014-10,Maule,739.64
2014-10,Biobío,707.92
2014-10,Araucanía,726.76
2014-10,Los Ríos,772.88
2014-10,Los Lagos,738
2014-10,Aysén,780.6
2014-11,Metropolitana,699.54
2014-11,Arica y Parinacota,717
2014-11,Tarapacá,685
2014-11,Antofagasta,701.33
2014-11,Atacama,726.5
2014-11,Coquimbo,739
2014-11,Valparaíso,698.5
2014-11,O'Higgins,695.86
2014-11,Maule,725.93
2014-11,Biobío,687.27
2014-11,Araucanía,706.84
2014-11,Los Ríos,754.63
2014-11,Los Lagos,719
2014-11,Aysén,760.2
2014-12,Metropolitana,681.2
2014-12,Arica y Parinacota,690
2014-12,Tarapacá,659
2014-12,Antofagasta,674.33
2014-12,Atacama,704
2014-12,Coquimbo,719.5
2014-12,Valparaíso,681.62
2014-12,O'Higgins,676.62
2014-12,Maule,714.64
2014-12,Biobío,670.12
2014-12,Araucanía,685.36
2014-12,Los Ríos,738.25
2014-12,Los Lagos,698.67
2014-12,Aysén,740.4
2015-01,Metropolitana,679.42
2015-01,Arica y Parinacota,682
2015-01,Tarapacá,651
2015-01,Antofagasta,670.33
2015-01,Atacama,700
2015-01,Coquimbo,716.75
2015-01,Valparaíso,670.92
2015-01,O'Higgins,671
2015-01,Maule,705.71
2015-01,Biobío,658.85
2015-01,Araucanía,678.68
2015-01,Los Ríos,732.13
2015-01,Los Lagos,685.83
2015-01,Aysén,729.4
2015-02,Metropolitana,646.75
2015-02,Arica y Parinacota,609
2015-02,Tarapacá,578
2015-02,Antofagasta,610
2015-02,Atacama,632.5
2015-02,Coquimbo,659.5
2015-02,Valparaíso,617.23
2015-02,O'Higgins,636.52
2015-02,Maule,674.93
2015-02,Biobío,613.46
2015-02,Araucanía,629.16
2015-02,Los Ríos,703
2015-02,Los Lagos,629.5
2015-02,Aysén,690.8
2015-03,Metropolitana,645.48
2015-03,Arica y Parinacota,610
2015-03,Tarapacá,579
2015-03,Antofagasta,611.33
2015-03,Atacama,633
2015-03,Coquimbo,663.75
2015-03,Valparaíso,623.15
2015-03,O'Higgins,636.76
2015-03,Maule,678
2015-03,Biobío,599.5
2015-03,Araucanía,626.31
2015-03,Los Ríos,699.25
2015-03,Los Lagos,629.83
2015-03,Aysén,697.6
2015-04,Metropolitana,651.1
2015-04,Arica y Parinacota,610
2015-04,Tarapacá,579
2015-04,Antofagasta,612.67
2015-04,Atacama,653
2015-04,Coquimbo,658.25
2015-04,Valparaíso,622.46
2015-04,O'Higgins,637.29
2015-04,Maule,685.21
2015-04,Biobío,603
2015-04,Araucanía,629.62
2015-04,Los Ríos,687.75
2015-04,Los Lagos,630.17
2015-04,Aysén,694.4
2015-05,Metropolitana,652
2015-05,Arica y Parinacota,625
2015-05,Tarapacá,594
2015-05,Antofagasta,623
2015-05,Atacama,675
2015-05,Coquimbo,670
2015-05,Valparaíso,623
2015-05,O'Higgins,635
2015-05,Maule,672
2015-05,Biobío,600
2015-05,Araucanía,626
2015-05,Los Ríos,685
2015-05,Los Lagos,620
2015-05,Aysén,703
2015-06,Metropolitana,641.61
2015-06,Arica y Parinacota,640
2015-06,Tarapacá,609
2015-06,Antofagasta,624.33
2015-06,Atacama,689
2015-06,Coquimbo,681.5
2015-06,Valparaíso,643.69
2015-06,O'Higgins,633.43
2015-06,Maule,668.29
2015-06,Biobío,614.5
2015-06,Araucanía,692.25
2015-06,Los Ríos,637.85
2015-06,Los Lagos,632
2015-06,Aysén,719.6
2015-07,Metropolitana,613.31
2015-07,Arica y Parinacota,639
2015-07,Tarapacá,608
2015-07,Antofagasta,629
2015-07,Atacama,665
2015-07,Coquimbo,665.25
2015-07,Valparaíso,646.07
2015-07,O'Higgins,622.14
2015-07,Maule,663.29
2015-07,Biobío,617.46
2015-07,Araucanía,638.19
2015-07,Los Ríos,688.63
2015-07,Los Lagos,637.33
2015-07,Aysén,723.2
2015-08,Metropolitana,599.35
2015-08,Arica y Parinacota,618
2015-08,Tarapacá,585
2015-08,Antofagasta,603.67
2015-08,Atacama,648
2015-08,Coquimbo,651.25
2015-08,Valparaíso,611.5
2015-08,O'Higgins,605
2015-08,Maule,648.71
2015-08,Biobío,593.65
2015-08,Araucanía,622.23
2015-08,Los Ríos,676.75
2015-08,Los Lagos,620.67
2015-08,Aysén,706.2
2015-09,Metropolitana,590.43
2015-09,Arica y Parinacota,603
2015-09,Tarapacá,570
2015-09,Antofagasta,588
2015-09,Atacama,640.5
2015-09,Coquimbo,633.67
2015-09,Valparaíso,600.77
2015-09,O'Higgins,590.86
2015-09,Maule,636.77
2015-09,Biobío,578.2
2015-09,Araucanía,610.92
2015-09,Los Ríos,666
2015-09,Los Lagos,610.67
2015-09,Aysén,695
2015-10,Metropolitana,593.73
2015-10,Arica y Parinacota,595
2015-10,Tarapacá,572
2015-10,Antofagasta,591.33
2015-10,Atacama,641.5
2015-10,Coquimbo,636.75
2015-10,Valparaíso,605.79
2015-10,O'Higgins,591.67
2015-10,Maule,646.14
2015-10,Biobío,581.42
2015-10,Araucanía,611.08
2015-10,Los Ríos,669.25
2015-10,Los Lagos,621.17
2015-10,Aysén,698.6
2015-11,Metropolitana,582.61
2015-11,Arica y Parinacota,579
2015-11,Tarapacá,556
2015-11,Antofagasta,575.33
2015-11,Atacama,633.5
2015-11,Coquimbo,620
2015-11,Valparaíso,593.21
2015-11,O'Higgins,582.19
2015-11,Maule,643
2015-11,Biobío,568.31
2015-11,Araucanía,599.81
2015-11,Los Ríos,658.63
2015-11,Los Lagos,611.33
2015-11,Aysén,688.4
2015-12,Metropolitana,584.49
2015-12,Arica y Parinacota,584
2015-12,Tarapacá,553
2015-12,Antofagasta,570.33
2015-12,Atacama,631
2015-12,Coquimbo,594.5
2015-12,Valparaíso,590.07
2015-12,O'Higgins,579.14
2015-12,Maule,644.29
2015-12,Biobío,563.54
2015-12,Araucanía,598.58
2015-12,Los Ríos,659.5
2015-12,Los Lagos,612.5
2015-12,Aysén,683.6
2016-01,Metropolitana,602.83
2016-01,Arica y Parinacota,517
2016-01,Tarapacá,486
2016-01,Antofagasta,502.67
2016-01,Atacama,597.5
2016-01,Coquimbo,545
2016-01,Valparaíso,544.86
2016-01,O'Higgins,530.14
2016-01,Maule,621.29
2016-01,Biobío,512.08
2016-01,Araucanía,556.54
2016-01,Los Ríos,623.63
2016-01,Los Lagos,575.5
2016-01,Aysén,641.6
2016-02,Metropolitana,561.05
2016-02,Arica y Parinacota,544
2016-02,Tarapacá,488
2016-02,Antofagasta,529.67
2016-02,Atacama,611
2016-02,Coquimbo,565.5
2016-02,Valparaíso,564.86
2016-02,O'Higgins,548.62
2016-02,Maule,631.07
2016-02,Biobío,529.15
2016-02,Araucanía,571.42
2016-02,Los Ríos,636.25
2016-02,Los Lagos,595.17
2016-02,Aysén,653.6
2016-03,Metropolitana,546.94
2016-03,Arica y Parinacota,515
2016-03,Tarapacá,484
2016-03,Antofagasta,500.67
2016-03,Atacama,596.5
2016-03,Coquimbo,544.5
2016-03,Valparaíso,519.75
2016-03,O'Higgins,519.32
2016-03,Maule,620.23
2016-03,Biobío,526.8
2016-03,Araucanía,546.16
2016-03,Los Ríos,602.57
2016-03,Los Lagos,578.17
2016-03,Aysén,628.6
2016-04,Metropolitana,556.03
2016-04,Arica y Parinacota,539
2016-04,Tarapacá,510
2016-04,Antofagasta,524.67
2016-04,Atacama,553.5
2016-04,Coquimbo,571
2016-04,Valparaíso,550.36
2016-04,O'Higgins,550.76
2016-04,Maule,623.47
2016-04,Biobío,518.88
2016-04,Araucanía,561.27
2016-04,Los Ríos,611.63
2016-04,Los Lagos,583.67
2016-04,Aysén,626.25
2016-05,Metropolitana,540.86
2016-05,Arica y Parinacota,545
2016-05,Tarapacá,516
2016-05,Antofagasta,531
2016-05,Atacama,556.5
2016-05,Coquimbo,554.2
2016-05,Valparaíso,540.42
2016-05,O'Higgins,534.42
2016-05,Maule,604.08
2016-05,Biobío,543.32
2016-05,Araucanía,544
2016-05,Los Ríos,603.5
2016-05,Los Lagos,585
2016-05,Aysén,640.6
2016-06,Metropolitana,583
2016-06,Arica y Parinacota,600
2016-06,Tarapacá,569
2016-06,Antofagasta,586
2016-06,Atacama,612
2016-06,Coquimbo,600
2016-06,Valparaíso,594
2016-06,O'Higgins,586
2016-06,Maule,643
2016-06,Biobío,591
2016-06,Araucanía,596
2016-06,Los Ríos,652
2016-06,Los Lagos,629
2016-06,Aysén,657
2016-07,Metropolitana,577.59
2016-07,Arica y Parinacota,591
2016-07,Tarapacá,560
2016-07,Antofagasta,577
2016-07,Atacama,609.5
2016-07,Coquimbo,596.25
2016-07,Valparaíso,584.58
2016-07,O'Higgins,575.95
2016-07,Maule,636.54
2016-07,Biobío,586.48
2016-07,Araucanía,588
2016-07,Los Ríos,649.25
2016-07,Los Lagos,622.17
2016-07,Aysén,676.4
2016-08,Metropolitana,536.29
2016-08,Arica y Parinacota,537
2016-08,Tarapacá,506
2016-08,Antofagasta,523
2016-08,Atacama,580
2016-08,Coquimbo,537.5
2016-08,Valparaíso,531.83
2016-08,O'Higgins,527.11
2016-08,Maule,585.15
2016-08,Biobío,544.48
2016-08,Araucanía,536.96
2016-08,Los Ríos,605.5
2016-08,Los Lagos,577.67
2016-08,Aysén,598
2016-09,Metropolitana,543.2
2016-09,Arica y Parinacota,554
2016-09,Tarapacá,523
2016-09,Antofagasta,540
2016-09,Atacama,588.5
2016-09,Coquimbo,554.75
2016-09,Valparaíso,549.75
2016-09,O'Higgins,538.47
2016-09,Maule,582
2016-09,Biobío,555.83
2016-09,Araucanía,545.22
2016-09,Los Ríos,608.38
2016-09,Los Lagos,593
2016-09,Aysén,594
2016-10,Metropolitana,539.2
2016-10,Arica y Parinacota,539
2016-10,Tarapacá,508
2016-10,Antofagasta,525
2016-10,Atacama,581
2016-10,Coquimbo,539.75
2016-10,Valparaíso,535.67
2016-10,O'Higgins,528.72
2016-10,Maule,557.55
2016-10,Biobío,538.68
2016-10,Araucanía,533.04
2016-10,Los Ríos,599.25
2016-10,Los Lagos,582.67
2016-10,Aysén,630.6
2016-11,Metropolitana,563.2
2016-11,Arica y Parinacota,571
2016-11,Tarapacá,540
2016-11,Antofagasta,557
2016-11,Atacama,597
2016-11,Coquimbo,571.75
2016-11,Valparaíso,565.25
2016-11,O'Higgins,558.41
2016-11,Maule,603.82
2016-11,Biobío,574.36
2016-11,Araucanía,561.58
2016-11,Los Ríos,630.14
2016-11,Los Lagos,610.4
2016-11,Aysén,645.2
2016-12,Metropolitana,560.62
2016-12,Arica y Parinacota,569
2016-12,Tarapacá,538
2016-12,Antofagasta,555
2016-12,Atacama,596
2016-12,Coquimbo,572.67
2016-12,Valparaíso,568.55
2016-12,O'Higgins,557.06
2016-12,Maule,598.82
2016-12,Biobío,570.96
2016-12,Araucanía,559.08
2016-12,Los Ríos,627.14
2016-12,Los Lagos,597.8
2016-12,Aysén,640
2017-01,Metropolitana,597.79
2017-01,Arica y Parinacota,622
2017-01,Tarapacá,591
2017-01,Antofagasta,607.67
2017-01,Atacama,622.5
2017-01,Coquimbo,615.75
2017-01,Valparaíso,620.82
2017-01,O'Higgins,595.56
2017-01,Maule,634.36
2017-01,Biobío,616.2
2017-01,Araucanía,604.75
2017-01,Los Ríos,678
2017-01,Los Lagos,629.6
2017-01,Aysén,682.2
2017-02,Metropolitana,548.73
2017-02,Arica y Parinacota,559
2017-02,Tarapacá,528
2017-02,Antofagasta,547
2017-02,Atacama,557
2017-02,Coquimbo,562
2017-02,Valparaíso,570.17
2017-02,O'Higgins,551.23
2017-02,Maule,602
2017-02,Biobío,567.52
2017-02,Araucanía,560.14
2017-02,Los Ríos,631.86
2017-02,Los Lagos,584
2017-02,Aysén,589
2017-03,Metropolitana,556.85
2017-03,Arica y Parinacota,565
2017-03,Tarapacá,534
2017-03,Antofagasta,553
2017-03,Atacama,563
2017-03,Coquimbo,566
2017-03,Valparaíso,575.58
2017-03,O'Higgins,556.21
2017-03,Maule,607.67
2017-03,Biobío,573.65
2017-03,Araucanía,556.29
2017-03,Los Ríos,625.71
2017-03,Los Lagos,584.67
2017-03,Aysén,585.4
2017-04,Metropolitana,529.98
2017-04,Arica y Parinacota,541
2017-04,Tarapacá,510
2017-04,Antofagasta,531.33
2017-04,Atacama,550
2017-04,Coquimbo,542
2017-04,Valparaíso,553.33
2017-04,O'Higgins,530.69
2017-04,Maule,593.7
2017-04,Biobío,554.78
2017-04,Araucanía,534.68
2017-04,Los Ríos,604.43
2017-04,Los Lagos,572.75
2017-04,Aysén,567
2017-05,Metropolitana,554.61
2017-05,Arica y Parinacota,559
2017-05,Tarapacá,528
2017-05,Antofagasta,549.33
2017-05,Atacama,558
2017-05,Coquimbo,562
2017-05,Valparaíso,571.58
2017-05,O'Higgins,548.25
2017-05,Maule,593.46
2017-05,Biobío,574
2017-05,Araucanía,552.57
2017-05,Los Ríos,621
2017-05,Los Lagos,578.33
2017-05,Aysén,578
2017-06,Metropolitana,548.04
2017-06,Arica y Parinacota,555
2017-06,Tarapacá,524
2017-06,Antofagasta,545.33
2017-06,Atacama,570
2017-06,Coquimbo,560.33
2017-06,Valparaíso,569
2017-06,O'Higgins,547.94
2017-06,Maule,551.31
2017-06,Biobío,564.25
2017-06,Araucanía,545.67
2017-06,Los Ríos,598.25
2017-06,Los Lagos,574.5
2017-06,Aysén,572.5
2017-07,Metropolitana,513.07
2017-07,Arica y Parinacota,520
2017-07,Tarapacá,489
2017-07,Antofagasta,510.33
2017-07,Atacama,570
2017-07,Coquimbo,523.5
2017-07,Valparaíso,527.67
2017-07,O'Higgins,514.06
2017-07,Maule,528.23
2017-07,Biobío,532.58
2017-07,Araucanía,523.86
2017-07,Los Ríos,585.75
2017-07,Los Lagos,569.25
2017-07,Aysén,543.4
2017-08,Metropolitana,530.49
2017-08,Arica y Parinacota,543
2017-08,Tarapacá,512
2017-08,Antofagasta,531
2017-08,Coquimbo,542.25
2017-08,Valparaíso,553
2017-08,O'Higgins,536.82
2017-08,Maule,537.38
2017-08,Biobío,550.42
2017-08,Araucanía,540.39
2017-08,Los Ríos,607
2017-08,Los Lagos,580.8
2017-08,Aysén,566
2017-09,Metropolitana,543.06
2017-09,Arica y Parinacota,555
2017-09,Tarapacá,524
2017-09,Antofagasta,543
2017-09,Coquimbo,554.25
2017-09,Valparaíso,555.92
2017-09,O'Higgins,549.12
2017-09,Maule,548.54
2017-09,Ñuble,546.75
2017-09,Biobío,563.63
2017-09,Araucanía,550.09
2017-09,Los Ríos,620.78
2017-09,Los Lagos,571.8
2017-09,Aysén,577.8
2017-10,Metropolitana,560
2017-10,Arica y Parinacota,576
2017-10,Tarapacá,545
2017-10,Antofagasta,564
2017-10,Atacama,580
2017-10,Coquimbo,574
2017-10,Valparaíso,578.33
2017-10,O'Higgins,571.63
2017-10,Maule,562.92
2017-10,Ñuble,561.74
2017-10,Biobío,587.58
2017-10,Araucanía,571.64
2017-10,Los Ríos,641
2017-10,Los Lagos,592.75
2017-10,Aysén,599.4
2017-11,Metropolitana,573.97
2017-11,Arica y Parinacota,593
2017-11,Tarapacá,562
2017-11,Antofagasta,581
2017-11,Atacama,597
2017-11,Coquimbo,585.5
2017-11,Valparaíso,593.58
2017-11,O'Higgins,585.5
2017-11,Maule,569.36
2017-11,Ñuble,581.67
2017-11,Biobío,600.75
2017-11,Araucanía,584.5
2017-11,Los Ríos,658
2017-11,Los Lagos,615.6
2017-11,Aysén,613
2017-12,Metropolitana,604.7
2017-12,Arica y Parinacota,629
2017-12,Tarapacá,598
2017-12,Antofagasta,617
2017-12,Atacama,633
2017-12,Coquimbo,627
2017-12,Valparaíso,627
2017-12,O'Higgins,620.79
2017-12,Maule,600.89
2017-12,Ñuble,617.67
2017-12,Biobío,637.57
2017-12,Araucanía,618.74
2017-12,Los Ríos,691.38
2017-12,Los Lagos,642.8
2017-12,Aysén,648.75
2018-01,Metropolitana,613.75
2018-01,Arica y Parinacota,638
2018-01,Tarapacá,607
2018-01,Antofagasta,626
2018-01,Atacama,642
2018-01,Coquimbo,636.25
2018-01,Valparaíso,638.92
2018-01,O'Higgins,630.57
2018-01,Maule,611.3
2018-01,Ñuble,624.41
2018-01,Biobío,647.74
2018-01,Araucanía,629.57
2018-01,Los Ríos,696.38
2018-01,Los Lagos,654
2018-01,Aysén,657.75
2018-02,Metropolitana,628.97
2018-02,Arica y Parinacota,651
2018-02,Tarapacá,620
2018-02,Antofagasta,639
2018-02,Atacama,655
2018-02,Coquimbo,649.25
2018-02,Valparaíso,650.75
2018-02,O'Higgins,645.85
2018-02,Maule,621.4
2018-02,Ñuble,637.94
2018-02,Biobío,657.79
2018-02,Araucanía,641.13
2018-02,Los Ríos,704.75
2018-02,Los Lagos,670
2018-02,Aysén,669.75
2018-03,Metropolitana,597.06
2018-03,Arica y Parinacota,616
2018-03,Tarapacá,585
2018-03,Antofagasta,603.67
2018-03,Atacama,629.5
2018-03,Coquimbo,614
2018-03,Valparaíso,615.17
2018-03,O'Higgins,613
2018-03,Maule,594.4
2018-03,Ñuble,605.06
2018-03,Biobío,626.5
2018-03,Araucanía,607.35
2018-03,Los Ríos,675.25
2018-03,Los Lagos,637.2
2018-03,Aysén,644.75
2018-04,Metropolitana,604.52
2018-04,Arica y Parinacota,629
2018-04,Tarapacá,598
2018-04,Antofagasta,616.67
2018-04,Atacama,639
2018-04,Coquimbo,628.25
2018-04,Valparaíso,631.58
2018-04,O'Higgins,622.33
2018-04,Maule,607.42
2018-04,Ñuble,615.61
2018-04,Biobío,637.39
2018-04,Araucanía,622.13
2018-04,Los Ríos,684
2018-04,Los Lagos,656.67
2018-04,Aysén,648.5
2018-05,Metropolitana,640.92
2018-05,Arica y Parinacota,662
2018-05,Tarapacá,633
2018-05,Antofagasta,652
2018-05,Atacama,673.5
2018-05,Coquimbo,663.25
2018-05,Valparaíso,663.23
2018-05,O'Higgins,657.56
2018-05,Maule,648.38
2018-05,Ñuble,650.11
2018-05,Biobío,674.13
2018-05,Araucanía,658.27
2018-05,Los Ríos,705.8
2018-05,Los Lagos,685.5
2018-05,Aysén,683.5
2018-06,Metropolitana,655.8
2018-06,Arica y Parinacota,668
2018-06,Tarapacá,637
2018-06,Antofagasta,656.33
2018-06,Atacama,693.5
2018-06,Coquimbo,670.75
2018-06,Valparaíso,656.17
2018-06,O'Higgins,662.06
2018-06,Maule,653
2018-06,Ñuble,655.21
2018-06,Biobío,679.33
2018-06,Araucanía,669.95
2018-06,Los Ríos,707.2
2018-06,Los Lagos,688.5
2018-06,Aysén,688.25
2018-07,Metropolitana,659.49
2018-07,Arica y Parinacota,676
2018-07,Tarapacá,645
2018-07,Antofagasta,664.67
2018-07,Atacama,697.5
2018-07,Coquimbo,677.6
2018-07,Valparaíso,669.23
2018-07,O'Higgins,669.35
2018-07,Maule,666.54
2018-07,Ñuble,662.89
2018-07,Biobío,684.79
2018-07,Araucanía,670.95
2018-07,Los Ríos,713.2
2018-07,Los Lagos,697
2018-07,Aysén,696.25
2018-08,Metropolitana,656.1
2018-08,Arica y Parinacota,667
2018-08,Tarapacá,636
2018-08,Antofagasta,655.67
2018-08,Atacama,671
2018-08,Coquimbo,669.4
2018-08,Valparaíso,658.38
2018-08,O'Higgins,660.63
2018-08,Maule,658.31
2018-08,Ñuble,654.53
2018-08,Biobío,677.42
2018-08,Araucanía,665
2018-08,Los Ríos,703.88
2018-08,Los Lagos,691
2018-08,Aysén,686.5
2018-09,Metropolitana,707.18
2018-09,Arica y Parinacota,729
2018-09,Tarapacá,698
2018-09,Antofagasta,718
2018-09,Atacama,734
2018-09,Coquimbo,735.8
2018-09,Valparaíso,718.46
2018-09,O'Higgins,720.93
2018-09,Maule,712.75
2018-09,Ñuble,715.26
2018-09,Biobío,736.39
2018-09,Araucanía,726.86
2018-09,Los Ríos,761.9
2018-09,Los Lagos,752.6
2018-09,Aysén,750.8
2018-10,Metropolitana,711.9
2018-10,Arica y Parinacota,735
2018-10,Tarapacá,704
2018-10,Antofagasta,724
2018-10,Atacama,739.5
2018-10,Coquimbo,729.2
2018-10,Valparaíso,723
2018-10,O'Higgins,730.47
2018-10,Maule,722.91
2018-10,Ñuble,725.59
2018-10,Biobío,742.75
2018-10,Araucanía,732.62
2018-10,Los Ríos,768.5
2018-10,Los Lagos,759.67
2018-10,Aysén,755.6
2018-11,Metropolitana,723.1
2018-11,Arica y Parinacota,746
2018-11,Tarapacá,715
2018-11,Antofagasta,736.33
2018-11,Atacama,749.5
2018-11,Coquimbo,740.6
2018-11,Valparaíso,735.85
2018-11,O'Higgins,742.27
2018-11,Maule,734.08
2018-11,Ñuble,737.59
2018-11,Biobío,755.29
2018-11,Araucanía,744.29
2018-11,Los Ríos,779.1
2018-11,Los Lagos,771.83
2018-11,Aysén,766.25
2018-12,Metropolitana,674.24
2018-12,Arica y Parinacota,689
2018-12,Tarapacá,658
2018-12,Antofagasta,679
2018-12,Atacama,711.5
2018-12,Coquimbo,701.25
2018-12,Valparaíso,680.85
2018-12,O'Higgins,695.57
2018-12,Maule,688.18
2018-12,Ñuble,686.81
2018-12,Biobío,708.82
2018-12,Araucanía,698.05
2018-12,Los Ríos,737.4
2018-12,Los Lagos,713.5
2018-12,Aysén,710.25
2019-01,Metropolitana,627.77
2019-01,Arica y Parinacota,638
2019-01,Tarapacá,607
2019-01,Antofagasta,636
2019-01,Atacama,642
2019-01,Coquimbo,660.25
2019-01,Valparaíso,630.92
2019-01,O'Higgins,644.08
2019-01,Maule,646.8
2019-01,Ñuble,647.69
2019-01,Biobío,655.86
2019-01,Araucanía,639.69
2019-01,Los Ríos,684.5
2019-01,Los Lagos,686.2
2019-01,Aysén,663.5
2019-02,Metropolitana,649.97
2019-02,Arica y Parinacota,668
2019-02,Tarapacá,637
2019-02,Antofagasta,654.67
2019-02,Atacama,672
2019-02,Coquimbo,672.5
2019-02,Valparaíso,663.62
2019-02,O'Higgins,667.1
2019-02,Maule,667.5
2019-02,Ñuble,675.06
2019-02,Biobío,678.77
2019-02,Araucanía,662.4
2019-02,Los Ríos,708.67
2019-02,Los Lagos,698.6
2019-02,Aysén,681.5
2019-03,Metropolitana,651.63
2019-03,Arica y Parinacota,670
2019-03,Tarapacá,638
2019-03,Antofagasta,658
2019-03,Atacama,673
2019-03,Coquimbo,673.25
2019-03,Valparaíso,655.42
2019-03,O'Higgins,670.7
2019-03,Maule,674.11
2019-03,Ñuble,666.06
2019-03,Biobío,682.73
2019-03,Araucanía,661
2019-03,Los Ríos,693.38
2019-03,Los Lagos,695.25
2019-03,Aysén,688.25
2019-04,Metropolitana,648.91
2019-04,Arica y Parinacota,665
2019-04,Tarapacá,633
2019-04,Antofagasta,654
2019-04,Atacama,668
2019-04,Coquimbo,672.4
2019-04,Valparaíso,661.58
2019-04,O'Higgins,660.91
2019-04,Maule,660.6
2019-04,Ñuble,654.75
2019-04,Biobío,675.59
2019-04,Araucanía,657.65
2019-04,Los Ríos,686.33
2019-04,Los Lagos,697.8
2019-04,Aysén,675
2019-05,Metropolitana,677.72
2019-05,Arica y Parinacota,687
2019-05,Tarapacá,655
2019-05,Antofagasta,676
2019-05,Atacama,690
2019-05,Coquimbo,695.2
2019-05,Valparaíso,687.08
2019-05,O'Higgins,682.13
2019-05,Maule,680.54
2019-05,Ñuble,673
2019-05,Biobío,689.95
2019-05,Araucanía,682.15
2019-05,Los Ríos,706.3
2019-05,Los Lagos,715.4
2019-05,Aysén,694.2
2019-06,Metropolitana,688.19
2019-06,Arica y Parinacota,701
2019-06,Tarapacá,669
2019-06,Antofagasta,690
2019-06,Atacama,709.5
2019-06,Coquimbo,709.6
2019-06,Valparaíso,694.09
2019-06,O'Higgins,694.69
2019-06,Maule,694.69
2019-06,Ñuble,687.79
2019-06,Biobío,701.27
2019-06,Araucanía,706.67
2019-06,Los Ríos,717.4
2019-06,Los Lagos,727.75
2019-06,Aysén,709
2019-07,Metropolitana,655.93
2019-07,Arica y Parinacota,648
2019-07,Tarapacá,616
2019-07,Antofagasta,654
2019-07,Atacama,693
2019-07,Coquimbo,662.4
2019-07,Valparaíso,650.5
2019-07,O'Higgins,642.94
2019-07,Maule,644.83
2019-07,Ñuble,635.79
2019-07,Biobío,651.7
2019-07,Araucanía,649.48
2019-07,Los Ríos,665.4
2019-07,Los Lagos,688
2019-07,Aysén,671
2019-08,Metropolitana,657.29
2019-08,Arica y Parinacota,662
2019-08,Tarapacá,630
2019-08,Antofagasta,650.5
2019-08,Atacama,665
2019-08,Coquimbo,672.6
2019-08,Valparaíso,659.82
2019-08,O'Higgins,656.69
2019-08,Maule,658.15
2019-08,Ñuble,651.3
2019-08,Biobío,664.61
2019-08,Araucanía,662.57
2019-08,Los Ríos,682.9
2019-08,Los Lagos,690.4
2019-08,Aysén,685.5
2019-09,Metropolitana,656.76
2019-09,Arica y Parinacota,662
2019-09,Tarapacá,630
2019-09,Antofagasta,650.5
2019-09,Atacama,665
2019-09,Coquimbo,671
2019-09,Valparaíso,659.17
2019-09,O'Higgins,658.59
2019-09,Maule,658.62
2019-09,Ñuble,651.11
2019-09,Biobío,665.7
2019-09,Araucanía,660.82
2019-09,Los Ríos,680.67
2019-09,Los Lagos,695.2
2019-09,Aysén,685.5
2019-10,Metropolitana,691.13
2019-10,Arica y Parinacota,704
2019-10,Tarapacá,672
2019-10,Antofagasta,693
2019-10,Atacama,711
2019-10,Coquimbo,713.4
2019-10,Valparaíso,699
2019-10,O'Higgins,700.33
2019-10,Maule,694.33
2019-10,Ñuble,694.11
2019-10,Biobío,705.91
2019-10,Araucanía,697.36
2019-10,Los Ríos,721.44
2019-10,Los Lagos,730
2019-10,Aysén,723.75
2019-11,Metropolitana,673.03
2019-11,Arica y Parinacota,686
2019-11,Tarapacá,654
2019-11,Antofagasta,678.67
2019-11,Atacama,689
2019-11,Coquimbo,696.25
2019-11,Valparaíso,681.75
2019-11,O'Higgins,682.71
2019-11,Maule,679.55
2019-11,Ñuble,680.65
2019-11,Biobío,689.38
2019-11,Araucanía,680.76
2019-11,Los Ríos,705.22
2019-11,Los Lagos,713
2019-11,Aysén,709.5
2019-12,Metropolitana,724.29
2019-12,Arica y Parinacota,745
2019-12,Tarapacá,713
2019-12,Antofagasta,734
2019-12,Atacama,748.5
2019-12,Coquimbo,758.4
2019-12,Valparaíso,730.5
2019-12,O'Higgins,739.07
2019-12,Maule,729.91
2019-12,Ñuble,735.5
2019-12,Biobío,745.55
2019-12,Araucanía,732.27
2019-12,Los Ríos,752.78
2019-12,Los Lagos,778.6
2019-12,Aysén,768.5
2020-01,Metropolitana,720.93
2020-01,Arica y Parinacota,745
2020-01,Tarapacá,713
2020-01,Antofagasta,734.67
2020-01,Atacama,750
2020-01,Coquimbo,756.4
2020-01,Valparaíso,735.83
2020-01,O'Higgins,741.23
2020-01,Maule,738.8
2020-01,Ñuble,734.81
2020-01,Biobío,745.6
2020-01,Araucanía,727.82
2020-01,Los Ríos,752.33
2020-01,Los Lagos,776.67
2020-01,Aysén,769
2020-02,Metropolitana,705.69
2020-02,Arica y Parinacota,728
2020-02,Tarapacá,697
2020-02,Antofagasta,715.67
2020-02,Atacama,743
2020-02,Coquimbo,741
2020-02,Valparaíso,720
2020-02,O'Higgins,724.67
2020-02,Maule,725.4
2020-02,Ñuble,719.88
2020-02,Biobío,731.9
2020-02,Araucanía,715.71
2020-02,Los Ríos,739.89
2020-02,Los Lagos,758.67
2020-02,Aysén,753.25
2020-03,Metropolitana,667.62
2020-03,Arica y Parinacota,691
2020-03,Tarapacá,660
2020-03,Antofagasta,682
2020-03,Atacama,707
2020-03,Coquimbo,722.6
2020-03,Valparaíso,684.54
2020-03,O'Higgins,684.18
2020-03,Maule,681
2020-03,Ñuble,681.31
2020-03,Biobío,697.1
2020-03,Araucanía,673.53
2020-03,Los Ríos,706.11
2020-03,Los Lagos,735.33
2020-03,Aysén,707.75
2020-04,Metropolitana,595.33
2020-04,Arica y Parinacota,600
2020-04,Tarapacá,569
2020-04,Antofagasta,641
2020-04,Atacama,603
2020-04,Coquimbo,648.6
2020-04,Valparaíso,600.46
2020-04,O'Higgins,631.64
2020-04,Maule,591.18
2020-04,Ñuble,594.47
2020-04,Biobío,610.53
2020-04,Araucanía,610.35
2020-04,Los Ríos,637
2020-04,Los Lagos,634
2020-04,Aysén,618.5
2020-05,Metropolitana,581.72
2020-05,Arica y Parinacota,586
2020-05,Tarapacá,558
2020-05,Antofagasta,580.33
2020-05,Atacama,587
2020-05,Coquimbo,592.2
2020-05,Valparaíso,573.23
2020-05,O'Higgins,626.12
2020-05,Maule,568.71
2020-05,Ñuble,575.58
2020-05,Biobío,596.9
2020-05,Araucanía,562.19
2020-05,Los Ríos,608.8
2020-05,Los Lagos,621.75
2020-05,Aysén,603.25
2020-06,Metropolitana,535.67
2020-06,Arica y Parinacota,597
2020-06,Tarapacá,544
2020-06,Antofagasta,592.33
2020-06,Atacama,550
2020-06,Coquimbo,530.4
2020-06,Valparaíso,516.46
2020-06,O'Higgins,572.65
2020-06,Maule,524.21
2020-06,Ñuble,521.37
2020-06,Biobío,542.1
2020-06,Araucanía,525.22
2020-06,Los Ríos,554.4
2020-06,Los Lagos,579.75
2020-06,Aysén,545.75
2020-07,Metropolitana,538.73
2020-07,Arica y Parinacota,638
2020-07,Tarapacá,610
2020-07,Antofagasta,648.33
2020-07,Atacama,549
2020-07,Coquimbo,550.8
2020-07,Valparaíso,535.38
2020-07,O'Higgins,568.06
2020-07,Maule,538.79
2020-07,Ñuble,537.05
2020-07,Biobío,546.33
2020-07,Araucanía,541.83
2020-07,Los Ríos,554
2020-07,Los Lagos,581.2
2020-07,Aysén,567
2020-08,Metropolitana,540.1
2020-08,Arica y Parinacota,643
2020-08,Tarapacá,615
2020-08,Antofagasta,637
2020-08,Atacama,557
2020-08,Coquimbo,556
2020-08,Valparaíso,542
2020-08,O'Higgins,570
2020-08,Maule,542
2020-08,Ñuble,541
2020-08,Biobío,549
2020-08,Araucanía,546
2020-08,Los Ríos,557
2020-08,Los Lagos,565
2020-08,Aysén,573
2020-09,Metropolitana,542.24
2020-09,Arica y Parinacota,651
2020-09,Tarapacá,623
2020-09,Antofagasta,648.33
2020-09,Atacama,566
2020-09,Coquimbo,564
2020-09,Valparaíso,547.08
2020-09,O'Higgins,574.65
2020-09,Maule,547.14
2020-09,Ñuble,547.47
2020-09,Biobío,554.86
2020-09,Araucanía,540.33
2020-09,Los Ríos,565.8
2020-09,Los Lagos,570
2020-09,Aysén,576.4
2020-10,Metropolitana,505.79
2020-10,Arica y Parinacota,613
2020-10,Tarapacá,585
2020-10,Antofagasta,621.67
2020-10,Atacama,524
2020-10,Coquimbo,526.6
2020-10,Valparaíso,508.15
2020-10,O'Higgins,537.94
2020-10,Maule,505.62
2020-10,Ñuble,514.39
2020-10,Biobío,517.85
2020-10,Araucanía,503.84
2020-10,Los Ríos,548.9
2020-10,Los Lagos,532
2020-10,Aysén,534.8
2020-11,Metropolitana,526
2020-11,Arica y Parinacota,636
2020-11,Tarapacá,608
2020-11,Antofagasta,638.33
2020-11,Atacama,547
2020-11,Coquimbo,551.6
2020-11,Valparaíso,532.17
2020-11,O'Higgins,561.33
2020-11,Maule,536.92
2020-11,Ñuble,535.83
2020-11,Biobío,542.95
2020-11,Araucanía,521.05
2020-11,Los Ríos,560.8
2020-11,Los Lagos,552.6
2020-11,Aysén,558.75
2020-12,Metropolitana,548.7
2020-12,Arica y Parinacota,655
2020-12,Tarapacá,627
2020-12,Antofagasta,653
2020-12,Atacama,566
2020-12,Coquimbo,568.6
2020-12,Valparaíso,550.42
2020-12,O'Higgins,576.43
2020-12,Maule,553.77
2020-12,Ñuble,555.31
2020-12,Biobío,559.19
2020-12,Araucanía,542.19
2020-12,Los Ríos,578.25
2020-12,Los Lagos,572
2020-12,Aysén,577.75
2021-01,Metropolitana,575.13
2021-01,Arica y Parinacota,683
2021-01,Tarapacá,656
2021-01,Antofagasta,673.33
2021-01,Atacama,602.5
2021-01,Coquimbo,596.8
2021-01,Valparaíso,579.17
2021-01,O'Higgins,603.5
2021-01,Maule,581
2021-01,Ñuble,583.6
2021-01,Biobío,587.4
2021-01,Araucanía,566.95
2021-01,Los Ríos,607.88
2021-01,Los Lagos,593.8
2021-01,Aysén,602.4
2021-02,Metropolitana,593.2
2021-02,Arica y Parinacota,703
2021-02,Tarapacá,675
2021-02,Antofagasta,691
2021-02,Atacama,620
2021-02,Coquimbo,616
2021-02,Valparaíso,598
2021-02,O'Higgins,622
2021-02,Maule,600
2021-02,Ñuble,598
2021-02,Biobío,607
2021-02,Araucanía,587
2021-02,Los Ríos,625
2021-02,Los Lagos,617
2021-02,Aysén,624
2021-03,Metropolitana,589.1
2021-03,Arica y Parinacota,692
2021-03,Tarapacá,664
2021-03,Antofagasta,684
2021-03,Atacama,628
2021-03,Coquimbo,606
2021-03,Valparaíso,590
2021-03,O'Higgins,615
2021-03,Maule,593
2021-03,Ñuble,596
2021-03,Biobío,600
2021-03,Araucanía,584
2021-03,Los Ríos,629
2021-03,Los Lagos,616
2021-03,Aysén,616
2021-04,Metropolitana,624.9
2021-04,Arica y Parinacota,730
2021-04,Tarapacá,702
2021-04,Antofagasta,716
2021-04,Atacama,654
2021-04,Coquimbo,638.8
2021-04,Valparaíso,626.55
2021-04,O'Higgins,653.65
2021-04,Maule,630.38
2021-04,Ñuble,631.39
2021-04,Biobío,632.8
2021-04,Araucanía,621.81
2021-04,Los Ríos,661
2021-04,Los Lagos,644.83
2021-04,Aysén,652.75
2021-05,Metropolitana,622.76
2021-05,Arica y Parinacota,732
2021-05,Tarapacá,704
2021-05,Antofagasta,721
2021-05,Atacama,660
2021-05,Coquimbo,641
2021-05,Valparaíso,627
2021-05,O'Higgins,636
2021-05,Maule,636
2021-05,Ñuble,632
2021-05,Biobío,634
2021-05,Araucanía,633
2021-05,Los Ríos,659
2021-05,Los Lagos,649
2021-05,Aysén,655
2021-06,Metropolitana,669
2021-06,Arica y Parinacota,777
2021-06,Tarapacá,753
2021-06,Antofagasta,770
2021-06,Atacama,712
2021-06,Coquimbo,690
2021-06,Valparaíso,676
2021-06,O'Higgins,684
2021-06,Maule,683
2021-06,Ñuble,679
2021-06,Biobío,683
2021-06,Araucanía,680
2021-06,Los Ríos,700
2021-06,Los Lagos,698
2021-06,Aysén,704
2021-07,Metropolitana,698
2021-07,Arica y Parinacota,805
2021-07,Tarapacá,781
2021-07,Antofagasta,798
2021-07,Atacama,742
2021-07,Coquimbo,716
2021-07,Valparaíso,704
2021-07,O'Higgins,712
2021-07,Maule,711
2021-07,Ñuble,707
2021-07,Biobío,711
2021-07,Araucanía,698
2021-07,Los Ríos,725
2021-07,Los Lagos,722
2021-07,Aysén,732
2021-08,Metropolitana,722.39
2021-08,Arica y Parinacota,827
2021-08,Tarapacá,803
2021-08,Antofagasta,823
2021-08,Atacama,767
2021-08,Coquimbo,741.2
2021-08,Valparaíso,725.58
2021-08,O'Higgins,734.82
2021-08,Maule,733.21
2021-08,Ñuble,728.32
2021-08,Biobío,733.7
2021-08,Araucanía,724.43
2021-08,Los Ríos,749.1
2021-08,Los Lagos,747
2021-08,Aysén,753.75
2021-09,Metropolitana,723.65
2021-09,Arica y Parinacota,828
2021-09,Tarapacá,803
2021-09,Antofagasta,826
2021-09,Atacama,773
2021-09,Coquimbo,741
2021-09,Valparaíso,721
2021-09,O'Higgins,734
2021-09,Maule,735
2021-09,Ñuble,729
2021-09,Biobío,735
2021-09,Araucanía,725
2021-09,Los Ríos,748
2021-09,Los Lagos,753
2021-09,Aysén,753
2021-10,Metropolitana,763.13
2021-10,Arica y Parinacota,874
2021-10,Tarapacá,850
2021-10,Antofagasta,867
2021-10,Atacama,806
2021-10,Coquimbo,788.2
2021-10,Valparaíso,766.58
2021-10,O'Higgins,781.27
2021-10,Maule,778.15
2021-10,Ñuble,774.5
2021-10,Biobío,781.6
2021-10,Araucanía,770.43
2021-10,Los Ríos,792.4
2021-10,Los Lagos,793.57
2021-10,Aysén,800
2021-11,Metropolitana,863.94
2021-11,Arica y Parinacota,972
2021-11,Tarapacá,948
2021-11,Antofagasta,965
2021-11,Atacama,914
2021-11,Coquimbo,886.2
2021-11,Valparaíso,864.92
2021-11,O'Higgins,879.56
2021-11,Maule,875.85
2021-11,Ñuble,871.83
2021-11,Biobío,879.3
2021-11,Araucanía,862.95
2021-11,Los Ríos,890.8
2021-11,Los Lagos,892.14
2021-11,Aysén,895
2021-12,Metropolitana,859.69
2021-12,Arica y Parinacota,990
2021-12,Tarapacá,946
2021-12,Antofagasta,966.33
2021-12,Atacama,920.5
2021-12,Coquimbo,888
2021-12,Valparaíso,862.17
2021-12,O'Higgins,879.56
2021-12,Maule,875
2021-12,Ñuble,873.41
2021-12,Biobío,877.15
2021-12,Araucanía,867.9
2021-12,Los Ríos,897.5
2021-12,Los Lagos,890.33
2021-12,Aysén,893
2022-01,Metropolitana,867.11
2022-01,Arica y Parinacota,975
2022-01,Tarapacá,951
2022-01,Antofagasta,968
2022-01,Atacama,916
2022-01,Coquimbo,897.2
2022-01,Valparaíso,869.67
2022-01,O'Higgins,885.06
2022-01,Maule,880.92
2022-01,Ñuble,863.82
2022-01,Biobío,882.45
2022-01,Araucanía,871.65
2022-01,Los Ríos,904.8
2022-01,Los Lagos,896.17
2022-01,Aysén,896.67
2022-02,Metropolitana,964
2022-02,Arica y Parinacota,1075
2022-02,Tarapacá,1051
2022-02,Antofagasta,1065.67
2022-02,Atacama,1015.5
2022-02,Coquimbo,991.6
2022-02,Valparaíso,969.08
2022-02,O'Higgins,981.94
2022-02,Maule,975.23
2022-02,Ñuble,973.12
2022-02,Biobío,981.1
2022-02,Araucanía,964.35
2022-02,Los Ríos,990.2
2022-02,Los Lagos,994
2022-02,Aysén,984.83
2022-03,Metropolitana,1010.83
2022-03,Arica y Parinacota,1121
2022-03,Tarapacá,1097
2022-03,Antofagasta,1116
2022-03,Atacama,1063
2022-03,Coquimbo,1044.8
2022-03,Valparaíso,1017
2022-03,O'Higgins,1028.19
2022-03,Maule,1023.85
2022-03,Ñuble,1022.83
2022-03,Biobío,1028.85
2022-03,Araucanía,1014.1
2022-03,Los Ríos,1020.67
2022-03,Los Lagos,1037
2022-03,Aysén,1034
2022-04,Metropolitana,1115
2022-04,Arica y Parinacota,1239
2022-04,Tarapacá,1215
2022-04,Antofagasta,1124.5
2022-04,Atacama,1182
2022-04,Coquimbo,1156.8
2022-04,Valparaíso,1138.25
2022-04,O'Higgins,1145.81
2022-04,Maule,1154.85
2022-04,Ñuble,1140.44
2022-04,Biobío,1146.25
2022-04,Araucanía,1139.73
2022-04,Los Ríos,1155.4
2022-04,Los Lagos,1151
2022-04,Aysén,1152
2022-05,Metropolitana,1172.6
2022-05,Arica y Parinacota,1329
2022-05,Tarapacá,1305
2022-05,Antofagasta,1232
2022-05,Atacama,1216
2022-05,Coquimbo,1195.2
2022-05,Valparaíso,1180.75
2022-05,O'Higgins,1171.63
2022-05,Maule,1176.57
2022-05,Ñuble,1177.89
2022-05,Biobío,1180.45
2022-05,Araucanía,1185.61
2022-05,Los Ríos,1213.6
2022-05,Los Lagos,1218.57
2022-05,Aysén,1189.67
2022-06,Metropolitana,1016.21
2022-06,Arica y Parinacota,1162
2022-06,Tarapacá,1118
2022-06,Antofagasta,1159
2022-06,Atacama,1163.5
2022-06,Coquimbo,1023.6
2022-06,Valparaíso,1022.42
2022-06,O'Higgins,1002.41
2022-06,Maule,1012.93
2022-06,Ñuble,1032.26
2022-06,Biobío,1008.5
2022-06,Araucanía,1012.42
2022-06,Los Ríos,1077.1
2022-06,Los Lagos,1039.29
2022-06,Aysén,1019
2022-07,Metropolitana,1007
2022-07,Arica y Parinacota,1163
2022-07,Tarapacá,1119
2022-07,Antofagasta,1137
2022-07,Atacama,1159
2022-07,Coquimbo,1025
2022-07,Valparaíso,1000
2022-07,O'Higgins,1003
2022-07,Maule,1009
2022-07,Ñuble,1013
2022-07,Biobío,1006
2022-07,Araucanía,1013
2022-07,Los Ríos,1042
2022-07,Los Lagos,1040
2022-07,Aysén,1021
2022-08,Metropolitana,1001.3
2022-08,Arica y Parinacota,1162
2022-08,Tarapacá,1118
2022-08,Antofagasta,1140.67
2022-08,Atacama,1037
2022-08,Coquimbo,1023.75
2022-08,Valparaíso,997.8
2022-08,O'Higgins,1003
2022-08,Maule,1008
2022-08,Ñuble,1004.38
2022-08,Biobío,1005.13
2022-08,Araucanía,1011.33
2022-08,Los Ríos,1039.5
2022-08,Los Lagos,1040.71
2022-08,Aysén,1022
2022-09,Metropolitana,999.52
2022-09,Arica y Parinacota,1160
2022-09,Tarapacá,1116
2022-09,Antofagasta,1135
2022-09,Atacama,1035
2022-09,Coquimbo,1021
2022-09,Valparaíso,977.45
2022-09,O'Higgins,1000.94
2022-09,Maule,999.82
2022-09,Ñuble,994.47
2022-09,Biobío,988.83
2022-09,Araucanía,1008.32
2022-09,Los Ríos,1032.3
2022-09,Los Lagos,1034.86
2022-09,Aysén,1026.33
2022-10,Metropolitana,1018.11
2022-10,Arica y Parinacota,1178
2022-10,Tarapacá,1134
2022-10,Antofagasta,1088.25
2022-10,Atacama,1052.5
2022-10,Coquimbo,1039
2022-10,Valparaíso,997
2022-10,O'Higgins,1017.65
2022-10,Maule,1016.08
2022-10,Ñuble,1007.5
2022-10,Biobío,1004
2022-10,Araucanía,1024.14
2022-10,Los Ríos,1048.1
2022-10,Los Lagos,1051.29
2022-10,Aysén,1055
2022-11,Metropolitana,1242.97
2022-11,Arica y Parinacota,1413
2022-11,Tarapacá,1368
2022-11,Antofagasta,1264
2022-11,Atacama,1269.5
2022-11,Coquimbo,1273
2022-11,Valparaíso,1231.17
2022-11,O'Higgins,1270.29
2022-11,Maule,1249.67
2022-11,Ñuble,1241.69
2022-11,Biobío,1236.71
2022-11,Araucanía,1257.05
2022-11,Los Ríos,1261
2022-11,Los Lagos,1281.14
2022-11,Aysén,1290
2022-12,Metropolitana,1647.17
2022-12,Arica y Parinacota,1841
2022-12,Tarapacá,1796
2022-12,Antofagasta,1584
2022-12,Atacama,1647.5
2022-12,Coquimbo,1701
2022-12,Valparaíso,1655.67
2022-12,O'Higgins,1663.76
2022-12,Maule,1679
2022-12,Ñuble,1668.69
2022-12,Biobío,1644.24
2022-12,Araucanía,1679.5
2022-12,Los Ríos,1696.9
2022-12,Los Lagos,1709.43
2022-12,Aysén,1718
2023-01,Metropolitana,1265
2023-01,Arica y Parinacota,1440
2023-01,Tarapacá,1395
2023-01,Antofagasta,1251.75
2023-01,Atacama,1422
2023-01,Coquimbo,1300
2023-01,Valparaíso,1257.92
2023-01,O'Higgins,1300.29
2023-01,Maule,1277.25
2023-01,Ñuble,1277.94
2023-01,Biobío,1264.06
2023-01,Araucanía,1302.18
2023-01,Los Ríos,1342.8
2023-01,Los Lagos,1312.29
2023-01,Aysén,1360.33
2023-02,Metropolitana,1061.54
2023-02,Arica y Parinacota,1240
2023-02,Tarapacá,1215
2023-02,Antofagasta,1110.75
2023-02,Atacama,1114
2023-02,Coquimbo,1100
2023-02,Valparaíso,1053.17
2023-02,O'Higgins,1087.29
2023-02,Maule,1068.62
2023-02,Ñuble,1057.82
2023-02,Biobío,1063.38
2023-02,Araucanía,1082.22
2023-02,Los Ríos,1101.8
2023-02,Los Lagos,1137.14
2023-02,Aysén,1107.5
2023-03,Metropolitana,1007.97
2023-03,Arica y Parinacota,1090
2023-03,Tarapacá,1165
2023-03,Antofagasta,1097.75
2023-03,Atacama,1064
2023-03,Coquimbo,1045.75
2023-03,Valparaíso,979.58
2023-03,O'Higgins,1030.18
2023-03,Maule,1006.38
2023-03,Ñuble,991.41
2023-03,Biobío,1019.19
2023-03,Araucanía,1031.91
2023-03,Los Ríos,1051.6
2023-03,Los Lagos,1057.71
2023-03,Aysén,1032.5
2023-04,Metropolitana,974.15
2023-04,Arica y Parinacota,1125
2023-04,Tarapacá,1101
2023-04,Antofagasta,1011.5
2023-04,Atacama,999
2023-04,Coquimbo,985
2023-04,Valparaíso,944.17
2023-04,O'Higgins,973.65
2023-04,Maule,954.92
2023-04,Ñuble,957
2023-04,Biobío,951.75
2023-04,Araucanía,972.04
2023-04,Los Ríos,994.3
2023-04,Los Lagos,995
2023-04,Aysén,1046
2023-05,Metropolitana,927.62
2023-05,Arica y Parinacota,1077
2023-05,Tarapacá,1052
2023-05,Antofagasta,980.5
2023-05,Atacama,951
2023-05,Coquimbo,937
2023-05,Valparaíso,904.67
2023-05,O'Higgins,925.25
2023-05,Maule,911.69
2023-05,Ñuble,908.88
2023-05,Biobío,900.29
2023-05,Araucanía,921.88
2023-05,Los Ríos,946.2
2023-05,Los Lagos,959.14
2023-05,Aysén,954
2023-06,Metropolitana,887.05
2023-06,Arica y Parinacota,1050
2023-06,Tarapacá,1022
2023-06,Antofagasta,954.5
2023-06,Atacama,921
2023-06,Coquimbo,907
2023-06,Valparaíso,871.25
2023-06,O'Higgins,895.71
2023-06,Maule,884.85
2023-06,Ñuble,875.89
2023-06,Biobío,869.78
2023-06,Araucanía,888.25
2023-06,Los Ríos,914.6
2023-06,Los Lagos,917
2023-06,Aysén,924
2023-07,Metropolitana,885.89
2023-07,Arica y Parinacota,1046
2023-07,Tarapacá,1018
2023-07,Antofagasta,951
2023-07,Atacama,917
2023-07,Coquimbo,903
2023-07,Valparaíso,866.58
2023-07,O'Higgins,893.88
2023-07,Maule,882.15
2023-07,Ñuble,876.41
2023-07,Biobío,869.56
2023-07,Araucanía,890.72
2023-07,Los Ríos,914.6
2023-07,Los Lagos,919
2023-07,Aysén,923
2023-08,Metropolitana,990.28
2023-08,Arica y Parinacota,1150
2023-08,Tarapacá,1122
2023-08,Antofagasta,1055
2023-08,Atacama,1020.5
2023-08,Coquimbo,1005.25
2023-08,Valparaíso,965.5
2023-08,O'Higgins,995.29
2023-08,Maule,987.69
2023-08,Ñuble,980.39
2023-08,Biobío,970.56
2023-08,Araucanía,995.58
2023-08,Los Ríos,1019.45
2023-08,Los Lagos,1020
2023-08,Aysén,1023.67
2023-09,Metropolitana,1095.27
2023-09,Arica y Parinacota,1254
2023-09,Tarapacá,1226
2023-09,Antofagasta,1158.75
2023-09,Atacama,1117.5
2023-09,Coquimbo,1111
2023-09,Valparaíso,1052.92
2023-09,O'Higgins,1100.76
2023-09,Maule,1091.31
2023-09,Ñuble,1083.67
2023-09,Biobío,1076.76
2023-09,Araucanía,1096.54
2023-09,Los Ríos,1121.6
2023-09,Los Lagos,1127
2023-09,Aysén,1134
2023-10,Metropolitana,1216.97
2023-10,Arica y Parinacota,1381
2023-10,Tarapacá,1353
2023-10,Antofagasta,1285.5
2023-10,Atacama,1241
2023-10,Coquimbo,1234.25
2023-10,Valparaíso,1177.92
2023-10,O'Higgins,1228.59
2023-10,Maule,1218.23
2023-10,Ñuble,1207.44
2023-10,Biobío,1204.65
2023-10,Araucanía,1214.29
2023-10,Los Ríos,1247
2023-10,Los Lagos,1253.57
2023-10,Aysén,1256
2023-11,Metropolitana,1243.11
2023-11,Arica y Parinacota,1476
2023-11,Tarapacá,1445
2023-11,Antofagasta,1354.33
2023-11,Atacama,1348
2023-11,Coquimbo,1330
2023-11,Valparaíso,1268.1
2023-11,O'Higgins,1321.06
2023-11,Maule,1311
2023-11,Ñuble,1297.35
2023-11,Biobío,1205.86
2023-11,Araucanía,1313.1
2023-11,Los Ríos,1343.55
2023-11,Los Lagos,1347.43
2023-11,Aysén,1348
2023-12,Metropolitana,1162.91
2023-12,Arica y Parinacota,1356
2023-12,Tarapacá,1395
2023-12,Antofagasta,1242.33
2023-12,Atacama,1213
2023-12,Coquimbo,1162
2023-12,Valparaíso,1123
2023-12,O'Higgins,1160.24
2023-12,Maule,1171
2023-12,Ñuble,1160
2023-12,Biobío,1064.88
2023-12,Araucanía,1155.62
2023-12,Los Ríos,1181.8
2023-12,Los Lagos,1178
2023-12,Aysén,1195.67
2024-01,Metropolitana,1098.3
2024-01,Arica y Parinacota,1285
2024-01,Tarapacá,0
2024-01,Antofagasta,1255
2024-01,Atacama,1106
2024-01,Coquimbo,1139
2024-01,Valparaíso,1088.11
2024-01,O'Higgins,1132.53
2024-01,Maule,1151.33
2024-01,Ñuble,1126.64
2024-01,Biobío,1108.19
2024-01,Araucanía,1126.45
2024-01,Los Ríos,1156
2024-01,Los Lagos,1155
2024-01,Aysén,1151.33
2024-02,Metropolitana,1192.15
2024-02,Arica y Parinacota,1353
2024-02,Tarapacá,1314
2024-02,Antofagasta,1323
2024-02,Atacama,1210.5
2024-02,Coquimbo,1207
2024-02,Valparaíso,1153.89
2024-02,O'Higgins,1198.76
2024-02,Maule,1210.58
2024-02,Ñuble,1188.79
2024-02,Biobío,1172.13
2024-02,Araucanía,1180.41
2024-02,Los Ríos,1214.82
2024-02,Los Lagos,1223
2024-02,Aysén,1230
2024-03,Metropolitana,1251.92
2024-03,Arica y Parinacota,1411
2024-03,Tarapacá,1380
2024-03,Antofagasta,1381
2024-03,Atacama,1277
2024-03,Coquimbo,1265
2024-03,Valparaíso,1182.22
2024-03,O'Higgins,1256.25
2024-03,Maule,1264.67
2024-03,Ñuble,1239.57
2024-03,Biobío,1233.14
2024-03,Araucanía,1250.1
2024-03,Los Ríos,1271.73
2024-03,Los Lagos,1280.71
2024-03,Aysén,1283.33
2024-04,Metropolitana,1209.36
2024-04,Arica y Parinacota,1369
2024-04,Tarapacá,1404
2024-04,Antofagasta,1339
2024-04,Atacama,1233.5
2024-04,Coquimbo,1223
2024-04,Valparaíso,1144
2024-04,O'Higgins,1219.19
2024-04,Maule,1205.15
2024-04,Ñuble,1197.4
2024-04,Biobío,1189.47
2024-04,Araucanía,1205.41
2024-04,Los Ríos,1232.64
2024-04,Los Lagos,1238.86
2024-04,Aysén,1213.33
2024-05,Metropolitana,1182.22
2024-05,Arica y Parinacota,1342
2024-05,Tarapacá,1377
2024-05,Antofagasta,1312
2024-05,Atacama,1212.5
2024-05,Coquimbo,1196
2024-05,Valparaíso,1096.33
2024-05,O'Higgins,1192.69
2024-05,Maule,1179.15
2024-05,Ñuble,1173.69
2024-05,Biobío,1167.87
2024-05,Araucanía,1182.13
2024-05,Los Ríos,1196.64
2024-05,Los Lagos,1212.14
2024-05,Aysén,1219
2024-06,Metropolitana,1067.85
2024-06,Arica y Parinacota,1211
2024-06,Tarapacá,1218
2024-06,Antofagasta,1181
2024-06,Atacama,1089.5
2024-06,Coquimbo,1065
2024-06,Valparaíso,979.33
2024-06,O'Higgins,1066.38
2024-06,Maule,1048.08
2024-06,Ñuble,1050.69
2024-06,Biobío,1034.93
2024-06,Araucanía,1055.22
2024-06,Los Ríos,1078.64
2024-06,Los Lagos,1081
2024-06,Aysén,1088
2024-07,Metropolitana,1102.1
2024-07,Arica y Parinacota,1263
2024-07,Tarapacá,1270
2024-07,Antofagasta,1233
2024-07,Atacama,1115.5
2024-07,Coquimbo,1117
2024-07,Valparaíso,1022.33
2024-07,O'Higgins,1112.63
2024-07,Maule,1093.38
2024-07,Ñuble,1092.69
2024-07,Biobío,1082.07
2024-07,Araucanía,1099.04
2024-07,Los Ríos,1123.27
2024-07,Los Lagos,1128
2024-07,Aysén,1138.83
2024-08,Metropolitana,1074.4
2024-08,Arica y Parinacota,1234
2024-08,Tarapacá,1241
2024-08,Antofagasta,1204
2024-08,Atacama,1088.5
2024-08,Coquimbo,1088
2024-08,Valparaíso,988.67
2024-08,O'Higgins,1083.06
2024-08,Maule,1074.54
2024-08,Ñuble,1066.69
2024-08,Biobío,1051.8
2024-08,Araucanía,1074.74
2024-08,Los Ríos,1100.27
2024-08,Los Lagos,1104
2024-08,Aysén,1129.33
2024-09,Metropolitana,1040.2
2024-09,Arica y Parinacota,1197
2024-09,Tarapacá,1204
2024-09,Antofagasta,1167
2024-09,Atacama,1070
2024-09,Coquimbo,1051
2024-09,Valparaíso,957.56
2024-09,O'Higgins,1052.06
2024-09,Maule,1040.92
2024-09,Ñuble,1034.67
2024-09,Biobío,1018.73
2024-09,Araucanía,1042.42
2024-09,Los Ríos,1060.27
2024-09,Los Lagos,1067
2024-09,Aysén,1074
2024-10,Metropolitana,993.94
2024-10,Arica y Parinacota,1114
2024-10,Tarapacá,1121
2024-10,Antofagasta,1084
2024-10,Atacama,990
2024-10,Coquimbo,967.75
2024-10,Valparaíso,887.22
2024-10,O'Higgins,971.31
2024-10,Maule,953.92
2024-10,Ñuble,951.67
2024-10,Biobío,936.47
2024-10,Araucanía,963.96
2024-10,Los Ríos,981.36
2024-10,Los Lagos,983.71
2024-10,Aysén,990.67
2024-11,Metropolitana,1014.21
2024-11,Arica y Parinacota,1171
2024-11,Tarapacá,1178
2024-11,Antofagasta,1141
2024-11,Atacama,1042
2024-11,Coquimbo,1025
2024-11,Valparaíso,956.44
2024-11,O'Higgins,1032.56
2024-11,Maule,1008.15
2024-11,Ñuble,1003.07
2024-11,Biobío,992.4
2024-11,Araucanía,1011.13
2024-11,Los Ríos,1040.73
2024-11,Los Lagos,1041
2024-11,Aysén,1038.5
2024-12,Metropolitana,1058.35
2024-12,Arica y Parinacota,1224
2024-12,Tarapacá,1231
2024-12,Antofagasta,1194
2024-12,Atacama,1091
2024-12,Coquimbo,1078
2024-12,Valparaíso,1008.33
2024-12,O'Higgins,1074.5
2024-12,Maule,1057.62
2024-12,Ñuble,1047.93
2024-12,Biobío,1044.79
2024-12,Araucanía,1061.14
2024-12,Los Ríos,1078.73
2024-12,Los Lagos,1082.14
2024-12,Aysén,1101
2025-01,Metropolitana,1078.4
2025-01,Arica y Parinacota,1251
2025-01,Tarapacá,1268
2025-01,Antofagasta,1221
2025-01,Atacama,1119
2025-01,Coquimbo,1105
2025-01,Valparaíso,1039.78
2025-01,O'Higgins,1103.93
2025-01,Maule,1088.67
2025-01,Ñuble,1082
2025-01,Biobío,1080.79
2025-01,Araucanía,1081.14
2025-01,Los Ríos,1097.45
2025-01,Los Lagos,1121
2025-01,Aysén,1171
2025-02,Metropolitana,1123.82
2025-02,Arica y Parinacota,1329
2025-02,Tarapacá,1422
2025-02,Antofagasta,1299
2025-02,Atacama,1163.5
2025-02,Coquimbo,1233.25
2025-02,Valparaíso,1117.89
2025-02,O'Higgins,1175.63
2025-02,Maule,1159.33
2025-02,Ñuble,1144.27
2025-02,Biobío,1147.4
2025-02,Araucanía,1155.25
2025-02,Los Ríos,1166.73
2025-02,Los Lagos,1199.29
2025-02,Aysén,1249.33
2025-03,Metropolitana,1090.34
2025-03,Arica y Parinacota,1274
2025-03,Tarapacá,1367
2025-03,Antofagasta,1244
2025-03,Atacama,1142
2025-03,Coquimbo,1128
2025-03,Valparaíso,1067.89
2025-03,O'Higgins,1121.35
2025-03,Maule,1110.92
2025-03,Ñuble,1101.53
2025-03,Biobío,1096.53
2025-03,Araucanía,1112.48
2025-03,Los Ríos,1125.45
2025-03,Los Lagos,1144
2025-03,Aysén,1191.17
2025-04,Metropolitana,1050.19
2025-04,Arica y Parinacota,1210
2025-04,Tarapacá,1303
2025-04,Antofagasta,1180
2025-04,Atacama,1078
2025-04,Coquimbo,1064.25
2025-04,Valparaíso,998.56
2025-04,O'Higgins,1059.47
2025-04,Maule,1044.69
2025-04,Ñuble,1035
2025-04,Biobío,1034.71
2025-04,Araucanía,1048.76
2025-04,Los Ríos,1070.45
2025-04,Los Lagos,1080.29
2025-04,Aysén,1138.17
2025-05,Metropolitana,994.14
2025-05,Arica y Parinacota,1147
2025-05,Tarapacá,1334
2025-05,Antofagasta,1117
2025-05,Atacama,1015
2025-05,Coquimbo,1002.5
2025-05,Valparaíso,959.78
2025-05,O'Higgins,1006.35
2025-05,Maule,979.54
2025-05,Ñuble,978.93
2025-05,Biobío,978.64
2025-05,Araucanía,1002.43
2025-05,Los Ríos,1008.36
2025-05,Los Lagos,1017.29
2025-05,Aysén,1077.17
2025-06,Metropolitana,1005.97
2025-06,Arica y Parinacota,1166
2025-06,Tarapacá,1334
2025-06,Antofagasta,1136
2025-06,Atacama,1014.5
2025-06,Coquimbo,1020
2025-06,Valparaíso,975.22
2025-06,O'Higgins,1011
2025-06,Maule,996.62
2025-06,Ñuble,995.8
2025-06,Biobío,995.5
2025-06,Araucanía,1019.57
2025-06,Los Ríos,1022.64
2025-06,Los Lagos,1036
2025-06,Aysén,1081
2025-07,Metropolitana,1086.58
2025-07,Arica y Parinacota,1248
2025-07,Tarapacá,1334
2025-07,Antofagasta,1218
2025-07,Atacama,1114
2025-07,Coquimbo,1103
2025-07,Valparaíso,1048.22
2025-07,O'Higgins,1101
2025-07,Maule,1078.62
2025-07,Ñuble,1071.4
2025-07,Biobío,1071.63
2025-07,Araucanía,1085.67
2025-07,Los Ríos,1099
2025-07,Los Lagos,1118
2025-07,Aysén,1163.67
2025-08,Metropolitana,1091.82
2025-08,Arica y Parinacota,1252
2025-08,Antofagasta,1222
2025-08,Atacama,1124.5
2025-08,Coquimbo,1107
2025-08,Valparaíso,1072.38
2025-08,O'Higgins,1107.82
2025-08,Maule,1084.69
2025-08,Ñuble,1082.13
2025-08,Biobío,1074.4
2025-08,Araucanía,1094.85
2025-08,Los Ríos,1116.73
2025-08,Los Lagos,1122.29
2025-08,Aysén,1172.5
2025-09,Metropolitana,1086.65
2025-09,Arica y Parinacota,1246
2025-09,Antofagasta,1216
2025-09,Atacama,1112
2025-09,Coquimbo,1102.25
2025-09,Valparaíso,1066.13
2025-09,O'Higgins,1102.88
2025-09,Maule,1078.08
2025-09,Ñuble,1077.2
2025-09,Biobío,1068.67
2025-09,Araucanía,1091
2025-09,Los Ríos,1113.09
2025-09,Los Lagos,1116
2025-09,Aysén,1167.17
2025-10,Metropolitana,1077.66
2025-10,Arica y Parinacota,1226
2025-10,Antofagasta,1204
2025-10,Atacama,1100
2025-10,Coquimbo,1087.5
2025-10,Valparaíso,1104.13
2025-10,O'Higgins,1087.59
2025-10,Maule,1062.31
2025-10,Ñuble,1060.4
2025-10,Biobío,1056.5
2025-10,Araucanía,1080.57
2025-10,Los Ríos,1100.27
2025-10,Los Lagos,1104
2025-10,Aysén,1158.17
2025-11,Metropolitana,1058.82
2025-11,Arica y Parinacota,1205
2025-11,Antofagasta,1183
2025-11,Atacama,1079
2025-11,Coquimbo,1067
2025-11,Valparaíso,1031.75
2025-11,O'Higgins,1069.35
2025-11,Maule,1044.54
2025-11,Ñuble,1041.53
2025-11,Biobío,1035.21
2025-11,Araucanía,1059.75
2025-11,Los Ríos,1075.45
2025-11,Los Lagos,1081.29
2025-11,Aysén,1137.67
2025-12,Metropolitana,1153.9
2025-12,Arica y Parinacota,1314
2025-12,Antofagasta,1292
2025-12,Atacama,1188
2025-12,Coquimbo,1156
2025-12,Valparaíso,1135.88
2025-12,O'Higgins,1167.53
2025-12,Maule,1149.69
2025-12,Ñuble,1140.87
2025-12,Biobío,1144.21
2025-12,Araucanía,1163.2
2025-12,Los Ríos,1184.45
2025-12,Los Lagos,1190.29
2025-12,Aysén,1239.17
2026-01,Metropolitana,1033.55
2026-01,Arica y Parinacota,1186
2026-01,Antofagasta,1164
2026-01,Atacama,1060
2026-01,Coquimbo,1069
2026-01,Valparaíso,1002.75
2026-01,O'Higgins,1063.41
2026-01,Maule,1039
2026-01,Ñuble,1036.67
2026-01,Biobío,1019.79
2026-01,Araucanía,1048.38
2026-01,Los Ríos,1067
2026-01,Los Lagos,1065.14
2026-01,Aysén,1110.83
2026-02,Metropolitana,1010.06
2026-02,Arica y Parinacota,1205
2026-02,Antofagasta,1183
2026-02,Atacama,1064.5
2026-02,Coquimbo,1076
2026-02,Valparaíso,1015.88
2026-02,O'Higgins,1067
2026-02,Maule,1040.54
2026-02,Ñuble,1041.53
2026-02,Biobío,1033.71
2026-02,Araucanía,1058.1
2026-02,Los Ríos,1067.82
2026-02,Los Lagos,1080.29
2026-02,Aysén,1105.33
2026-03,Metropolitana,1160.68
2026-03,Arica y Parinacota,1361
2026-03,Antofagasta,1339
2026-03,Atacama,1235
2026-03,Coquimbo,1200.25
2026-03,Valparaíso,1172.63
2026-03,O'Higgins,1198.69
2026-03,Maule,1183.46
2026-03,Ñuble,1175.93
2026-03,Biobío,1185.14
2026-03,Araucanía,1204.57
2026-03,Los Ríos,1224.45
2026-03,Los Lagos,1236.43
2026-03,Aysén,1235.33
2026-04,Metropolitana,1120.6
2026-04,Arica y Parinacota,1691
2026-04,Antofagasta,1441
2026-04,Atacama,1109
2026-04,Coquimbo,1097
2026-04,Valparaíso,1046.63
2026-04,O'Higgins,1167.25
2026-04,Maule,1113.15
2026-04,Ñuble,1123.13
2026-04,Biobío,1127.14
2026-04,Araucanía,1141.91
2026-04,Los Ríos,1135.73
2026-04,Los Lagos,1175.43
2026-04,Aysén,1222.33
2026-05,Metropolitana,1082.18
2026-05,Arica y Parinacota,1241
2026-05,Antofagasta,1218.5
2026-05,Atacama,1115.5
2026-05,Coquimbo,1103
2026-05,Valparaíso,1051.25
2026-05,O'Higgins,1105.13
2026-05,Maule,1082.38
2026-05,Ñuble,1102.53
2026-05,Biobío,1068.29
2026-05,Araucanía,1090.77
2026-05,Los Ríos,1098.18
2026-05,Los Lagos,1116.71
2026-05,Aysén,1146.17
2026-06,Metropolitana,1080.38
2026-06,Arica y Parinacota,1242
2026-06,Antofagasta,1219.5
2026-06,Atacama,1116
2026-06,Coquimbo,1103.67
2026-06,Valparaíso,1051.75
2026-06,O'Higgins,1104.88
2026-06,Maule,1081.08
2026-06,Ñuble,1070.73
2026-06,Biobío,1068.47
2026-06,Araucanía,1090.27
2026-06,Los Ríos,1098.64
2026-06,Los Lagos,1116
2026-06,Aysén,1146.83
2026-07,Metropolitana,1075.8
2026-07,Arica y Parinacota,1233
2026-07,Antofagasta,1210.5
2026-07,Atacama,1107
2026-07,Coquimbo,1093
2026-07,Valparaíso,1044.38
2026-07,O'Higgins,1095.88
2026-07,Maule,1076.25
2026-07,Ñuble,1065
2026-07,Biobío,1056.53
2026-07,Araucanía,1080.36
2026-07,Los Ríos,1087.55
2026-07,Los Lagos,1106.71
2026-07,Aysén,1134.5
2026-08,Metropolitana,1080.26
2026-08,Arica y Parinacota,1233
2026-08,Antofagasta,1210.5
2026-08,Atacama,1108
2026-08,Coquimbo,1095.33
2026-08,Valparaíso,1042.63
2026-08,O'Higgins,1096.13
2026-08,Maule,1074.25
2026-08,Ñuble,1063.93
2026-08,Biobío,1056.67
2026-08,Araucanía,1080.95
2026-08,Los Ríos,1089
2026-08,Los Lagos,1107.86
2026-08,Aysén,1132.5
2026-09,Metropolitana,1074.13
2026-09,Arica y Parinacota,1233
2026-09,Atacama,1107
2026-09,Coquimbo,1094
2026-09,Valparaíso,1028.67
2026-09,O'Higgins,1095.83
2026-09,Maule,1072.56
2026-09,Ñuble,1063.56
2026-09,Biobío,1059.56
2026-09,Araucanía,1094.39
2026-09,Los Ríos,1085
2026-09,Los Lagos,1106.83
2026-09,Aysén,1130
